problem,solver,run,conv,time_ms,nit,stage
Beale_2D,v54,0,1,54.4,0,homotopy_direct
Beale_2D,v71,0,1,51.0,0,homotopy_direct
Beale_2D,v54,1,1,51.0,0,homotopy_direct
Beale_2D,v71,1,1,58.9,0,homotopy_direct
Beale_2D,v54,2,1,53.7,0,homotopy_direct
Beale_2D,v71,2,1,55.0,0,homotopy_direct
Beale_2D,v54,3,1,57.8,0,homotopy_direct
Beale_2D,v71,3,1,54.1,0,homotopy_direct
Beale_2D,v54,4,1,47.0,0,homotopy_direct
Beale_2D,v71,4,1,48.0,0,homotopy_direct
Beale_2D,v54,5,1,46.3,0,homotopy_direct
Beale_2D,v71,5,1,48.9,0,homotopy_direct
Beale_2D,v54,6,1,44.8,0,homotopy_direct
Beale_2D,v71,6,1,38.0,0,homotopy_direct
Beale_2D,v54,7,1,47.0,0,homotopy_direct
Beale_2D,v71,7,1,48.0,0,homotopy_direct
Beale_2D,v54,8,1,46.8,0,homotopy_direct
Beale_2D,v71,8,1,47.0,0,homotopy_direct
Beale_2D,v54,9,1,47.0,0,homotopy_direct
Beale_2D,v71,9,1,67.6,0,homotopy_direct
Beale_2D,v54,10,1,70.6,0,homotopy_direct
Beale_2D,v71,10,1,46.5,0,homotopy_direct
Beale_2D,v54,11,1,45.0,0,homotopy_direct
Beale_2D,v71,11,1,47.4,0,homotopy_direct
Beale_2D,v54,12,1,45.0,0,homotopy_direct
Beale_2D,v71,12,1,44.9,0,homotopy_direct
Beale_2D,v54,13,1,54.7,0,homotopy_direct
Beale_2D,v71,13,1,56.0,0,homotopy_direct
Beale_2D,v54,14,1,49.9,0,homotopy_direct
Beale_2D,v71,14,1,53.1,0,homotopy_direct
Beale_2D,v54,15,1,39.0,0,homotopy_direct
Beale_2D,v71,15,1,39.0,0,homotopy_direct
Beale_2D,v54,16,1,46.0,0,homotopy_direct
Beale_2D,v71,16,1,50.0,0,homotopy_direct
Beale_2D,v54,17,1,53.2,0,homotopy_direct
Beale_2D,v71,17,1,51.0,0,homotopy_direct
Beale_2D,v54,18,1,52.0,0,homotopy_direct
Beale_2D,v71,18,1,52.0,0,homotopy_direct
Beale_2D,v54,19,1,53.0,0,homotopy_direct
Beale_2D,v71,19,1,56.4,0,homotopy_direct
Beale_2D,v54,20,1,39.0,0,homotopy_direct
Beale_2D,v71,20,1,42.1,0,homotopy_direct
Beale_2D,v54,21,1,52.0,0,homotopy_direct
Beale_2D,v71,21,1,64.3,0,homotopy_direct
Beale_2D,v54,22,1,43.7,0,homotopy_direct
Beale_2D,v71,22,1,38.0,0,homotopy_direct
Beale_2D,v54,23,1,37.5,0,homotopy_direct
Beale_2D,v71,23,1,36.1,0,homotopy_direct
Beale_2D,v54,24,1,51.2,0,homotopy_direct
Beale_2D,v71,24,1,51.0,0,homotopy_direct
Beale_2D,v54,25,1,1.0,24,direct_newton
Beale_2D,v71,25,1,1.0,24,direct_newton
Beale_2D,v54,26,1,47.0,0,homotopy_direct
Beale_2D,v71,26,1,45.0,0,homotopy_direct
Beale_2D,v54,27,1,54.2,0,homotopy_direct
Beale_2D,v71,27,1,51.0,0,homotopy_direct
Beale_2D,v54,28,1,39.0,0,homotopy_direct
Beale_2D,v71,28,1,38.7,0,homotopy_direct
Beale_2D,v54,29,1,30.0,0,homotopy_direct
Beale_2D,v71,29,1,32.1,0,homotopy_direct
Beale_2D_C,v54,0,1,237.7,25888,hgca_cma_refined
Beale_2D_C,v71,0,1,235.5,25888,hgca_cma_refined
Beale_2D_C,v54,1,1,177.7,18321,hgca_cma_refined
Beale_2D_C,v71,1,1,178.2,18321,hgca_cma_refined
Beale_2D_C,v54,2,1,210.9,22688,hgca_cma_refined
Beale_2D_C,v71,2,1,210.9,22688,hgca_cma_refined
Beale_2D_C,v54,3,1,171.2,17080,hgca_cma_refined
Beale_2D_C,v71,3,1,173.3,17080,hgca_cma_refined
Beale_2D_C,v54,4,1,218.1,22936,hgca_cma_refined
Beale_2D_C,v71,4,1,210.4,22936,hgca_cma_refined
Beale_2D_C,v54,5,1,177.3,17953,hgca_cma_refined
Beale_2D_C,v71,5,1,173.9,17953,hgca_cma_refined
Beale_2D_C,v54,6,1,232.0,25768,hgca_cma_refined
Beale_2D_C,v71,6,1,229.2,25768,hgca_cma_refined
Beale_2D_C,v54,7,1,213.9,23824,hgca_cma_refined
Beale_2D_C,v71,7,1,216.3,23824,hgca_cma_refined
Beale_2D_C,v54,8,1,164.7,16560,hgca_cma_refined
Beale_2D_C,v71,8,1,168.9,16560,hgca_cma_refined
Beale_2D_C,v54,9,1,207.6,22231,hgca_cma_refined
Beale_2D_C,v71,9,1,211.8,22231,hgca_cma_refined
Beale_2D_C,v54,10,1,241.2,25816,hgca_cma_refined
Beale_2D_C,v71,10,1,223.0,25816,hgca_cma_refined
Beale_2D_C,v54,11,1,204.1,22216,hgca_cma_refined
Beale_2D_C,v71,11,1,409.0,22216,hgca_cma_refined
Beale_2D_C,v54,12,1,584.9,17913,hgca_cma_refined
Beale_2D_C,v71,12,1,525.7,17913,hgca_cma_refined
Beale_2D_C,v54,13,1,735.0,24656,hgca_cma_refined
Beale_2D_C,v71,13,1,741.9,24656,hgca_cma_refined
Beale_2D_C,v54,14,1,626.0,22991,hgca_cma_refined
Beale_2D_C,v71,14,1,742.3,22991,hgca_cma_refined
Beale_2D_C,v54,15,1,660.6,18993,hgca_cma_refined
Beale_2D_C,v71,15,1,716.6,18993,hgca_cma_refined
Beale_2D_C,v54,16,1,872.8,24528,hgca_cma_refined
Beale_2D_C,v71,16,1,790.5,24528,hgca_cma_refined
Beale_2D_C,v54,17,1,918.1,25208,hgca_cma_refined
Beale_2D_C,v71,17,1,698.6,25208,hgca_cma_refined
Beale_2D_C,v54,18,1,263.0,17401,hgca_cma_refined
Beale_2D_C,v71,18,1,193.2,17401,hgca_cma_refined
Beale_2D_C,v54,19,1,294.7,21888,hgca_cma_refined
Beale_2D_C,v71,19,1,299.2,21888,hgca_cma_refined
Beale_2D_C,v54,20,1,274.0,25984,hgca_cma_refined
Beale_2D_C,v71,20,1,290.0,25984,hgca_cma_refined
Beale_2D_C,v54,21,1,195.7,18153,hgca_cma_refined
Beale_2D_C,v71,21,1,217.9,18153,hgca_cma_refined
Beale_2D_C,v54,22,1,260.1,19897,hgca_cma_refined
Beale_2D_C,v71,22,1,567.6,19897,hgca_cma_refined
Beale_2D_C,v54,23,1,564.8,18969,hgca_cma_refined
Beale_2D_C,v71,23,1,558.1,18969,hgca_cma_refined
Beale_2D_C,v54,24,1,748.7,23296,hgca_cma_refined
Beale_2D_C,v71,24,1,731.7,23296,hgca_cma_refined
Beale_2D_C,v54,25,1,612.8,20001,hgca_cma_refined
Beale_2D_C,v71,25,1,590.0,20001,hgca_cma_refined
Beale_2D_C,v54,26,1,719.4,22760,hgca_cma_refined
Beale_2D_C,v71,26,1,666.3,22760,hgca_cma_refined
Beale_2D_C,v54,27,1,592.0,18217,hgca_cma_refined
Beale_2D_C,v71,27,1,610.4,18217,hgca_cma_refined
Beale_2D_C,v54,28,1,789.0,24759,hgca_cma_refined
Beale_2D_C,v71,28,1,780.7,24759,hgca_cma_refined
Beale_2D_C,v54,29,1,598.0,19305,hgca_cma_refined
Beale_2D_C,v71,29,1,629.3,19305,hgca_cma_refined
Beale_2D_E,v54,0,1,690.0,26361,hgca_cma_refined
Beale_2D_E,v71,0,1,736.5,26361,hgca_cma_refined
Beale_2D_E,v54,1,1,601.1,20242,hgca_cma_refined
Beale_2D_E,v71,1,1,753.3,20242,hgca_cma_refined
Beale_2D_E,v54,2,1,623.0,19578,hgca_cma_refined
Beale_2D_E,v71,2,1,613.5,19578,hgca_cma_refined
Beale_2D_E,v54,3,1,590.0,23961,hgca_cma_refined
Beale_2D_E,v71,3,1,582.6,23961,hgca_cma_refined
Beale_2D_E,v54,4,1,679.0,25233,hgca_cma_refined
Beale_2D_E,v71,4,1,699.1,25233,hgca_cma_refined
Beale_2D_E,v54,5,1,821.2,27225,hgca_cma_refined
Beale_2D_E,v71,5,1,836.9,27225,hgca_cma_refined
Beale_2D_E,v54,6,1,737.5,26033,hgca_cma_refined
Beale_2D_E,v71,6,1,728.4,26033,hgca_cma_refined
Beale_2D_E,v54,7,1,717.4,27417,hgca_cma_refined
Beale_2D_E,v71,7,1,826.0,27417,hgca_cma_refined
Beale_2D_E,v54,8,1,808.0,25505,hgca_cma_refined
Beale_2D_E,v71,8,1,713.4,25505,hgca_cma_refined
Beale_2D_E,v54,9,1,769.9,24585,hgca_cma_refined
Beale_2D_E,v71,9,1,695.0,24585,hgca_cma_refined
Beale_2D_E,v54,10,1,770.2,25305,hgca_cma_refined
Beale_2D_E,v71,10,1,751.0,25305,hgca_cma_refined
Beale_2D_E,v54,11,1,725.0,25425,hgca_cma_refined
Beale_2D_E,v71,11,1,774.3,25425,hgca_cma_refined
Beale_2D_E,v54,12,1,746.2,24977,hgca_cma_refined
Beale_2D_E,v71,12,1,721.2,24977,hgca_cma_refined
Beale_2D_E,v54,13,1,799.3,26593,hgca_cma_refined
Beale_2D_E,v71,13,1,668.2,26593,hgca_cma_refined
Beale_2D_E,v54,14,1,660.0,26769,hgca_cma_refined
Beale_2D_E,v71,14,1,824.9,26769,hgca_cma_refined
Beale_2D_E,v54,15,1,723.0,26545,hgca_cma_refined
Beale_2D_E,v71,15,1,741.2,26545,hgca_cma_refined
Beale_2D_E,v54,16,1,726.3,24425,hgca_cma_refined
Beale_2D_E,v71,16,1,709.9,24425,hgca_cma_refined
Beale_2D_E,v54,17,1,723.0,25153,hgca_cma_refined
Beale_2D_E,v71,17,1,706.0,25153,hgca_cma_refined
Beale_2D_E,v54,18,1,752.7,26809,hgca_cma_refined
Beale_2D_E,v71,18,1,869.5,26809,hgca_cma_refined
Beale_2D_E,v54,19,1,769.7,23058,hgca_cma_refined
Beale_2D_E,v71,19,1,657.9,23058,hgca_cma_refined
Beale_2D_E,v54,20,1,792.7,27281,hgca_cma_refined
Beale_2D_E,v71,20,1,723.0,27281,hgca_cma_refined
Beale_2D_E,v54,21,1,696.9,23554,hgca_cma_refined
Beale_2D_E,v71,21,1,718.3,23554,hgca_cma_refined
Beale_2D_E,v54,22,1,728.5,26441,hgca_cma_refined
Beale_2D_E,v71,22,1,773.1,26441,hgca_cma_refined
Beale_2D_E,v54,23,1,786.6,25809,hgca_cma_refined
Beale_2D_E,v71,23,1,735.0,25809,hgca_cma_refined
Beale_2D_E,v54,24,1,698.0,25409,hgca_cma_refined
Beale_2D_E,v71,24,1,723.8,25409,hgca_cma_refined
Beale_2D_E,v54,25,1,698.1,24369,hgca_cma_refined
Beale_2D_E,v71,25,1,693.3,24369,hgca_cma_refined
Beale_2D_E,v54,26,1,750.0,26793,hgca_cma_refined
Beale_2D_E,v71,26,1,742.4,26793,hgca_cma_refined
Beale_2D_E,v54,27,1,768.0,27601,hgca_cma_refined
Beale_2D_E,v71,27,1,756.3,27601,hgca_cma_refined
Beale_2D_E,v54,28,1,666.1,24849,hgca_cma_refined
Beale_2D_E,v71,28,1,764.2,24849,hgca_cma_refined
Beale_2D_E,v54,29,1,780.1,27233,hgca_cma_refined
Beale_2D_E,v71,29,1,584.1,27233,hgca_cma_refined
Beale_2D_H,v54,0,1,287.6,5598,hgca_cma_refined
Beale_2D_H,v71,0,1,275.0,5598,hgca_cma_refined
Beale_2D_H,v54,1,1,164.3,0,homotopy_direct
Beale_2D_H,v71,1,1,103.0,0,homotopy_direct
Beale_2D_H,v54,2,1,289.3,4356,hgca_cma_refined
Beale_2D_H,v71,2,1,261.0,4356,hgca_cma_refined
Beale_2D_H,v54,3,1,161.6,0,homotopy_direct
Beale_2D_H,v71,3,1,162.2,0,homotopy_direct
Beale_2D_H,v54,4,1,277.1,5438,hgca_cma_refined
Beale_2D_H,v71,4,1,305.0,5438,hgca_cma_refined
Beale_2D_H,v54,5,1,274.0,4709,hgca_cma_refined
Beale_2D_H,v71,5,1,240.0,4709,hgca_cma_refined
Beale_2D_H,v54,6,1,162.0,0,homotopy_direct
Beale_2D_H,v71,6,1,151.1,0,homotopy_direct
Beale_2D_H,v54,7,1,246.0,5654,hgca_cma_refined
Beale_2D_H,v71,7,1,211.6,5654,hgca_cma_refined
Beale_2D_H,v54,8,1,68.0,3114,hgca_cma_refined
Beale_2D_H,v71,8,1,60.0,3114,hgca_cma_refined
Beale_2D_H,v54,9,1,272.0,4581,hgca_cma_refined
Beale_2D_H,v71,9,1,291.0,4581,hgca_cma_refined
Beale_2D_H,v54,10,1,239.2,5005,hgca_cma_refined
Beale_2D_H,v71,10,1,256.0,5005,hgca_cma_refined
Beale_2D_H,v54,11,1,239.4,4220,hgca_cma_refined
Beale_2D_H,v71,11,1,261.3,4220,hgca_cma_refined
Beale_2D_H,v54,12,1,65.0,3091,hgca_cma_refined
Beale_2D_H,v71,12,1,65.0,3091,hgca_cma_refined
Beale_2D_H,v54,13,1,263.3,4797,hgca_cma_refined
Beale_2D_H,v71,13,1,277.0,4797,hgca_cma_refined
Beale_2D_H,v54,14,1,279.2,5470,hgca_cma_refined
Beale_2D_H,v71,14,1,261.0,5470,hgca_cma_refined
Beale_2D_H,v54,15,1,235.0,4693,hgca_cma_refined
Beale_2D_H,v71,15,1,246.9,4693,hgca_cma_refined
Beale_2D_H,v54,16,1,157.1,0,homotopy_direct
Beale_2D_H,v71,16,1,154.0,0,homotopy_direct
Beale_2D_H,v54,17,1,61.0,3130,hgca_cma_refined
Beale_2D_H,v71,17,1,64.0,3130,hgca_cma_refined
Beale_2D_H,v54,18,1,166.8,0,homotopy_direct
Beale_2D_H,v71,18,1,160.2,0,homotopy_direct
Beale_2D_H,v54,19,1,186.0,0,homotopy_direct
Beale_2D_H,v71,19,1,194.0,0,homotopy_direct
Beale_2D_H,v54,20,1,74.0,3066,hgca_cma_refined
Beale_2D_H,v71,20,1,64.0,3066,hgca_cma_refined
Beale_2D_H,v54,21,1,300.6,5622,hgca_cma_refined
Beale_2D_H,v71,21,1,265.5,5622,hgca_cma_refined
Beale_2D_H,v54,22,1,257.8,5782,hgca_cma_refined
Beale_2D_H,v71,22,1,248.4,5782,hgca_cma_refined
Beale_2D_H,v54,23,1,222.2,5382,hgca_cma_refined
Beale_2D_H,v71,23,1,203.1,5382,hgca_cma_refined
Beale_2D_H,v54,24,1,202.0,5198,hgca_cma_refined
Beale_2D_H,v71,24,1,101.4,5198,hgca_cma_refined
Beale_2D_H,v54,25,1,255.2,5077,hgca_cma_refined
Beale_2D_H,v71,25,1,264.1,5077,hgca_cma_refined
Beale_2D_H,v54,26,1,133.8,0,homotopy_direct
Beale_2D_H,v71,26,1,82.0,0,homotopy_direct
Beale_2D_H,v54,27,1,283.1,5726,hgca_cma_refined
Beale_2D_H,v71,27,1,288.0,5726,hgca_cma_refined
Beale_2D_H,v54,28,1,252.0,4452,hgca_cma_refined
Beale_2D_H,v71,28,1,258.2,4452,hgca_cma_refined
Beale_2D_H,v54,29,1,282.5,4797,hgca_cma_refined
Beale_2D_H,v71,29,1,252.0,4797,hgca_cma_refined
Beale_2D_M,v54,0,1,1.0,11,direct_newton
Beale_2D_M,v71,0,1,1.0,11,direct_newton
Beale_2D_M,v54,1,1,1.0,11,direct_newton
Beale_2D_M,v71,1,1,2.0,11,direct_newton
Beale_2D_M,v54,2,1,1.0,11,direct_newton
Beale_2D_M,v71,2,1,1.0,11,direct_newton
Beale_2D_M,v54,3,1,1.0,11,direct_newton
Beale_2D_M,v71,3,1,1.0,11,direct_newton
Beale_2D_M,v54,4,1,1.0,11,direct_newton
Beale_2D_M,v71,4,1,2.0,11,direct_newton
Beale_2D_M,v54,5,1,5.0,11,direct_newton
Beale_2D_M,v71,5,1,1.0,11,direct_newton
Beale_2D_M,v54,6,1,1.0,11,direct_newton
Beale_2D_M,v71,6,1,2.0,11,direct_newton
Beale_2D_M,v54,7,1,1.0,11,direct_newton
Beale_2D_M,v71,7,1,1.0,11,direct_newton
Beale_2D_M,v54,8,1,1.0,11,direct_newton
Beale_2D_M,v71,8,1,2.0,11,direct_newton
Beale_2D_M,v54,9,1,2.0,11,direct_newton
Beale_2D_M,v71,9,1,1.0,11,direct_newton
Beale_2D_M,v54,10,1,1.0,11,direct_newton
Beale_2D_M,v71,10,1,1.0,11,direct_newton
Beale_2D_M,v54,11,1,1.0,11,direct_newton
Beale_2D_M,v71,11,1,2.0,11,direct_newton
Beale_2D_M,v54,12,1,1.0,11,direct_newton
Beale_2D_M,v71,12,1,1.0,11,direct_newton
Beale_2D_M,v54,13,1,1.0,11,direct_newton
Beale_2D_M,v71,13,1,1.0,11,direct_newton
Beale_2D_M,v54,14,1,1.0,11,direct_newton
Beale_2D_M,v71,14,1,1.0,11,direct_newton
Beale_2D_M,v54,15,1,1.0,11,direct_newton
Beale_2D_M,v71,15,1,1.0,11,direct_newton
Beale_2D_M,v54,16,1,2.0,11,direct_newton
Beale_2D_M,v71,16,1,1.0,11,direct_newton
Beale_2D_M,v54,17,1,1.0,11,direct_newton
Beale_2D_M,v71,17,1,1.0,11,direct_newton
Beale_2D_M,v54,18,1,1.0,11,direct_newton
Beale_2D_M,v71,18,1,1.0,11,direct_newton
Beale_2D_M,v54,19,1,1.0,11,direct_newton
Beale_2D_M,v71,19,1,1.0,11,direct_newton
Beale_2D_M,v54,20,1,1.0,11,direct_newton
Beale_2D_M,v71,20,1,1.0,11,direct_newton
Beale_2D_M,v54,21,1,1.0,11,direct_newton
Beale_2D_M,v71,21,1,1.0,11,direct_newton
Beale_2D_M,v54,22,1,2.0,11,direct_newton
Beale_2D_M,v71,22,1,1.0,11,direct_newton
Beale_2D_M,v54,23,1,1.0,11,direct_newton
Beale_2D_M,v71,23,1,1.0,11,direct_newton
Beale_2D_M,v54,24,1,1.0,11,direct_newton
Beale_2D_M,v71,24,1,1.0,11,direct_newton
Beale_2D_M,v54,25,1,1.0,11,direct_newton
Beale_2D_M,v71,25,1,1.0,11,direct_newton
Beale_2D_M,v54,26,1,1.0,11,direct_newton
Beale_2D_M,v71,26,1,1.0,11,direct_newton
Beale_2D_M,v54,27,1,1.0,11,direct_newton
Beale_2D_M,v71,27,1,1.0,11,direct_newton
Beale_2D_M,v54,28,1,1.0,11,direct_newton
Beale_2D_M,v71,28,1,1.0,11,direct_newton
Beale_2D_M,v54,29,1,2.0,11,direct_newton
Beale_2D_M,v71,29,1,1.0,11,direct_newton
Beale_2D_XE,v54,0,1,822.9,31130,hgca_cma_refined
Beale_2D_XE,v71,0,1,869.0,31130,hgca_cma_refined
Beale_2D_XE,v54,1,1,862.5,28450,hgca_cma_refined
Beale_2D_XE,v71,1,1,799.4,28450,hgca_cma_refined
Beale_2D_XE,v54,2,1,815.2,31298,hgca_cma_refined
Beale_2D_XE,v71,2,1,816.3,31298,hgca_cma_refined
Beale_2D_XE,v54,3,1,910.0,29322,hgca_cma_refined
Beale_2D_XE,v71,3,1,863.3,29322,hgca_cma_refined
Beale_2D_XE,v54,4,1,732.2,29570,hgca_cma_refined
Beale_2D_XE,v71,4,1,966.4,29570,hgca_cma_refined
Beale_2D_XE,v54,5,1,819.3,30442,hgca_cma_refined
Beale_2D_XE,v71,5,1,926.3,30442,hgca_cma_refined
Beale_2D_XE,v54,6,1,807.6,28666,hgca_cma_refined
Beale_2D_XE,v71,6,1,829.3,28666,hgca_cma_refined
Beale_2D_XE,v54,7,1,809.0,29482,hgca_cma_refined
Beale_2D_XE,v71,7,1,749.6,29482,hgca_cma_refined
Beale_2D_XE,v54,8,1,807.0,29034,hgca_cma_refined
Beale_2D_XE,v71,8,1,721.2,29034,hgca_cma_refined
Beale_2D_XE,v54,9,1,809.3,29618,hgca_cma_refined
Beale_2D_XE,v71,9,1,750.0,29618,hgca_cma_refined
Beale_2D_XE,v54,10,1,865.3,29881,hgca_cma_refined
Beale_2D_XE,v71,10,1,865.4,29881,hgca_cma_refined
Beale_2D_XE,v54,11,1,898.9,33202,hgca_cma_refined
Beale_2D_XE,v71,11,1,853.6,33202,hgca_cma_refined
Beale_2D_XE,v54,12,1,779.3,28378,hgca_cma_refined
Beale_2D_XE,v71,12,1,819.5,28378,hgca_cma_refined
Beale_2D_XE,v54,13,1,803.7,31146,hgca_cma_refined
Beale_2D_XE,v71,13,1,905.4,31146,hgca_cma_refined
Beale_2D_XE,v54,14,1,766.3,26930,hgca_cma_refined
Beale_2D_XE,v71,14,1,737.9,26930,hgca_cma_refined
Beale_2D_XE,v54,15,1,836.7,30754,hgca_cma_refined
Beale_2D_XE,v71,15,1,750.1,30754,hgca_cma_refined
Beale_2D_XE,v54,16,1,806.8,30450,hgca_cma_refined
Beale_2D_XE,v71,16,1,884.3,30450,hgca_cma_refined
Beale_2D_XE,v54,17,1,811.2,30034,hgca_cma_refined
Beale_2D_XE,v71,17,1,865.5,30034,hgca_cma_refined
Beale_2D_XE,v54,18,1,854.3,29426,hgca_cma_refined
Beale_2D_XE,v71,18,1,853.1,29426,hgca_cma_refined
Beale_2D_XE,v54,19,1,1006.9,32146,hgca_cma_refined
Beale_2D_XE,v71,19,1,924.1,32146,hgca_cma_refined
Beale_2D_XE,v54,20,1,798.9,29626,hgca_cma_refined
Beale_2D_XE,v71,20,1,837.8,29626,hgca_cma_refined
Beale_2D_XE,v54,21,1,887.6,29642,hgca_cma_refined
Beale_2D_XE,v71,21,1,950.9,29642,hgca_cma_refined
Beale_2D_XE,v54,22,1,772.7,30458,hgca_cma_refined
Beale_2D_XE,v71,22,1,875.0,30458,hgca_cma_refined
Beale_2D_XE,v54,23,1,836.1,32010,hgca_cma_refined
Beale_2D_XE,v71,23,1,815.0,32010,hgca_cma_refined
Beale_2D_XE,v54,24,1,819.3,29986,hgca_cma_refined
Beale_2D_XE,v71,24,1,783.7,29986,hgca_cma_refined
Beale_2D_XE,v54,25,1,652.4,26402,hgca_cma_refined
Beale_2D_XE,v71,25,1,745.4,26402,hgca_cma_refined
Beale_2D_XE,v54,26,1,734.3,29658,hgca_cma_refined
Beale_2D_XE,v71,26,1,735.1,29658,hgca_cma_refined
Beale_2D_XE,v54,27,1,608.4,30322,hgca_cma_refined
Beale_2D_XE,v71,27,1,790.2,30322,hgca_cma_refined
Beale_2D_XE,v54,28,1,732.1,30674,hgca_cma_refined
Beale_2D_XE,v71,28,1,788.2,30674,hgca_cma_refined
Beale_2D_XE,v54,29,1,786.5,30098,hgca_cma_refined
Beale_2D_XE,v71,29,1,805.0,30098,hgca_cma_refined
Griewank_20D,v54,0,1,1778.8,76836,hgca_cma_refined
Griewank_20D,v71,0,1,1659.6,76836,hgca_cma_refined
Griewank_20D,v54,1,1,5.0,11,direct_newton
Griewank_20D,v71,1,1,4.0,11,direct_newton
Griewank_20D,v54,2,1,1852.6,76840,hgca_cma_refined
Griewank_20D,v71,2,1,1763.9,76840,hgca_cma_refined
Griewank_20D,v54,3,1,1676.8,76838,hgca_cma_refined
Griewank_20D,v71,3,1,1756.7,76838,hgca_cma_refined
Griewank_20D,v54,4,1,1771.8,76838,hgca_cma_refined
Griewank_20D,v71,4,1,1986.1,76838,hgca_cma_refined
Griewank_20D,v54,5,1,1629.7,76844,hgca_cma_refined
Griewank_20D,v71,5,1,1189.9,76844,hgca_cma_refined
Griewank_20D,v54,6,1,824.2,79536,hgca_cma_refined
Griewank_20D,v71,6,1,947.2,79536,hgca_cma_refined
Griewank_20D,v54,7,1,950.0,76839,hgca_cma_refined
Griewank_20D,v71,7,1,1500.0,76839,hgca_cma_refined
Griewank_20D,v54,8,1,2057.5,76838,hgca_cma_refined
Griewank_20D,v71,8,1,1895.9,76838,hgca_cma_refined
Griewank_20D,v54,9,1,1807.5,76843,hgca_cma_refined
Griewank_20D,v71,9,1,1856.8,76843,hgca_cma_refined
Griewank_20D,v54,10,1,3.1,12,direct_newton
Griewank_20D,v71,10,1,3.0,12,direct_newton
Griewank_20D,v54,11,1,2028.0,76836,hgca_cma_refined
Griewank_20D,v71,11,1,1925.8,76836,hgca_cma_refined
Griewank_20D,v54,12,1,1743.3,79240,hgca_cma_refined
Griewank_20D,v71,12,1,920.2,79240,hgca_cma_refined
Griewank_20D,v54,13,1,1489.1,76839,hgca_cma_refined
Griewank_20D,v71,13,1,1155.3,76839,hgca_cma_refined
Griewank_20D,v54,14,1,1861.7,76837,hgca_cma_refined
Griewank_20D,v71,14,1,1882.4,76837,hgca_cma_refined
Griewank_20D,v54,15,1,1708.9,76840,hgca_cma_refined
Griewank_20D,v71,15,1,1760.5,76840,hgca_cma_refined
Griewank_20D,v54,16,1,750.9,76839,hgca_cma_refined
Griewank_20D,v71,16,1,866.6,76839,hgca_cma_refined
Griewank_20D,v54,17,1,1185.0,76838,hgca_cma_refined
Griewank_20D,v71,17,1,2096.2,76838,hgca_cma_refined
Griewank_20D,v54,18,1,2017.0,76836,hgca_cma_refined
Griewank_20D,v71,18,1,2007.0,76836,hgca_cma_refined
Griewank_20D,v54,19,1,1307.0,76840,hgca_cma_refined
Griewank_20D,v71,19,1,960.1,76840,hgca_cma_refined
Griewank_20D,v54,20,1,906.1,76841,hgca_cma_refined
Griewank_20D,v71,20,1,850.0,76841,hgca_cma_refined
Griewank_20D,v54,21,1,940.3,76836,hgca_cma_refined
Griewank_20D,v71,21,1,939.7,76836,hgca_cma_refined
Griewank_20D,v54,22,1,2.0,11,direct_newton
Griewank_20D,v71,22,1,2.0,11,direct_newton
Griewank_20D,v54,23,1,53.7,0,homotopy_direct
Griewank_20D,v71,23,1,49.0,0,homotopy_direct
Griewank_20D,v54,24,1,890.9,76840,hgca_cma_refined
Griewank_20D,v71,24,1,979.8,76840,hgca_cma_refined
Griewank_20D,v54,25,1,1743.9,76836,hgca_cma_refined
Griewank_20D,v71,25,1,1000.1,76836,hgca_cma_refined
Griewank_20D,v54,26,1,4.9,11,direct_newton
Griewank_20D,v71,26,1,4.1,11,direct_newton
Griewank_20D,v54,27,1,5.0,11,direct_newton
Griewank_20D,v71,27,1,4.0,11,direct_newton
Griewank_20D,v54,28,1,1612.4,76840,hgca_cma_refined
Griewank_20D,v71,28,1,1026.1,76840,hgca_cma_refined
Griewank_20D,v54,29,1,976.0,76839,hgca_cma_refined
Griewank_20D,v71,29,1,952.1,76839,hgca_cma_refined
Michalewicz_10D_XE,v54,0,1,378.6,30380,hgca_cma_refined
Michalewicz_10D_XE,v71,0,1,530.8,30380,hgca_cma_refined
Michalewicz_10D_XE,v54,1,1,534.0,24731,hgca_cma_refined
Michalewicz_10D_XE,v71,1,1,552.3,24731,hgca_cma_refined
Michalewicz_10D_XE,v54,2,1,687.3,23676,hgca_cma_refined
Michalewicz_10D_XE,v71,2,1,614.0,23676,hgca_cma_refined
Michalewicz_10D_XE,v54,3,1,606.4,28159,hgca_cma_refined
Michalewicz_10D_XE,v71,3,1,636.0,28159,hgca_cma_refined
Michalewicz_10D_XE,v54,4,1,527.5,24602,hgca_cma_refined
Michalewicz_10D_XE,v71,4,1,511.0,24602,hgca_cma_refined
Michalewicz_10D_XE,v54,5,1,973.3,31867,hgca_cma_refined
Michalewicz_10D_XE,v71,5,1,900.3,31867,hgca_cma_refined
Michalewicz_10D_XE,v54,6,1,1112.2,34194,hgca_cma_refined
Michalewicz_10D_XE,v71,6,1,997.3,34194,hgca_cma_refined
Michalewicz_10D_XE,v54,7,1,1048.5,26584,hgca_cma_refined
Michalewicz_10D_XE,v71,7,1,1027.6,26584,hgca_cma_refined
Michalewicz_10D_XE,v54,8,1,552.0,27037,hgca_cma_refined
Michalewicz_10D_XE,v71,8,1,570.0,27037,hgca_cma_refined
Michalewicz_10D_XE,v54,9,1,4.0,0,homotopy_direct
Michalewicz_10D_XE,v71,9,1,5.0,0,homotopy_direct
Michalewicz_10D_XE,v54,10,1,677.5,33285,hgca_cma_refined
Michalewicz_10D_XE,v71,10,1,711.0,33285,hgca_cma_refined
Michalewicz_10D_XE,v54,11,1,7.0,0,homotopy_direct
Michalewicz_10D_XE,v71,11,1,6.9,0,homotopy_direct
Michalewicz_10D_XE,v54,12,1,1106.7,28454,hgca_cma_refined
Michalewicz_10D_XE,v71,12,1,1023.4,28454,hgca_cma_refined
Michalewicz_10D_XE,v54,13,1,661.4,28815,hgca_cma_refined
Michalewicz_10D_XE,v71,13,1,615.0,28815,hgca_cma_refined
Michalewicz_10D_XE,v54,14,1,640.0,25104,hgca_cma_refined
Michalewicz_10D_XE,v71,14,1,744.0,25104,hgca_cma_refined
Michalewicz_10D_XE,v54,15,1,801.5,28242,hgca_cma_refined
Michalewicz_10D_XE,v71,15,1,765.0,28242,hgca_cma_refined
Michalewicz_10D_XE,v54,16,1,629.1,28705,hgca_cma_refined
Michalewicz_10D_XE,v71,16,1,575.1,28705,hgca_cma_refined
Michalewicz_10D_XE,v54,17,1,594.2,28095,hgca_cma_refined
Michalewicz_10D_XE,v71,17,1,605.3,28095,hgca_cma_refined
Michalewicz_10D_XE,v54,18,1,952.0,28781,hgca_cma_refined
Michalewicz_10D_XE,v71,18,1,816.0,28781,hgca_cma_refined
Michalewicz_10D_XE,v54,19,1,505.2,24348,hgca_cma_refined
Michalewicz_10D_XE,v71,19,1,473.0,24348,hgca_cma_refined
Michalewicz_10D_XE,v54,20,1,534.2,26136,hgca_cma_refined
Michalewicz_10D_XE,v71,20,1,547.4,26136,hgca_cma_refined
Michalewicz_10D_XE,v54,21,1,932.0,29119,hgca_cma_refined
Michalewicz_10D_XE,v71,21,1,914.7,29119,hgca_cma_refined
Michalewicz_10D_XE,v54,22,1,283.9,18167,hgca_cma_best
Michalewicz_10D_XE,v71,22,1,397.0,18167,hgca_cma_best
Michalewicz_10D_XE,v54,23,1,687.4,31271,hgca_cma_refined
Michalewicz_10D_XE,v71,23,1,981.5,31271,hgca_cma_refined
Michalewicz_10D_XE,v54,24,1,596.2,30245,hgca_cma_refined
Michalewicz_10D_XE,v71,24,1,659.1,30245,hgca_cma_refined
Michalewicz_10D_XE,v54,25,1,566.3,28574,hgca_cma_refined
Michalewicz_10D_XE,v71,25,1,594.7,28574,hgca_cma_refined
Michalewicz_10D_XE,v54,26,1,628.0,29165,hgca_cma_refined
Michalewicz_10D_XE,v71,26,1,605.0,29165,hgca_cma_refined
Michalewicz_10D_XE,v54,27,1,928.9,25145,hgca_cma_refined
Michalewicz_10D_XE,v71,27,1,980.2,25145,hgca_cma_refined
Michalewicz_10D_XE,v54,28,1,1043.0,31227,hgca_cma_refined
Michalewicz_10D_XE,v71,28,1,1121.7,31227,hgca_cma_refined
Michalewicz_10D_XE,v54,29,1,732.7,29536,hgca_cma_refined
Michalewicz_10D_XE,v71,29,1,714.1,29536,hgca_cma_refined
Powell_4D,v54,0,1,2.1,26,direct_newton
Powell_4D,v71,0,1,2.0,26,direct_newton
Powell_4D,v54,1,1,2.0,26,direct_newton
Powell_4D,v71,1,1,3.0,26,direct_newton
Powell_4D,v54,2,1,3.0,26,direct_newton
Powell_4D,v71,2,1,2.0,26,direct_newton
Powell_4D,v54,3,1,3.0,26,direct_newton
Powell_4D,v71,3,1,2.0,26,direct_newton
Powell_4D,v54,4,1,2.0,25,direct_newton
Powell_4D,v71,4,1,4.0,25,direct_newton
Powell_4D,v54,5,1,4.0,26,direct_newton
Powell_4D,v71,5,1,4.0,26,direct_newton
Powell_4D,v54,6,1,4.0,26,direct_newton
Powell_4D,v71,6,1,4.0,26,direct_newton
Powell_4D,v54,7,1,3.0,25,direct_newton
Powell_4D,v71,7,1,3.9,25,direct_newton
Powell_4D,v54,8,1,4.1,26,direct_newton
Powell_4D,v71,8,1,4.0,26,direct_newton
Powell_4D,v54,9,1,4.0,26,direct_newton
Powell_4D,v71,9,1,4.0,26,direct_newton
Powell_4D,v54,10,1,4.0,26,direct_newton
Powell_4D,v71,10,1,4.0,26,direct_newton
Powell_4D,v54,11,1,4.1,26,direct_newton
Powell_4D,v71,11,1,4.0,26,direct_newton
Powell_4D,v54,12,1,4.0,24,direct_newton
Powell_4D,v71,12,1,4.0,24,direct_newton
Powell_4D,v54,13,1,3.0,25,direct_newton
Powell_4D,v71,13,1,3.0,25,direct_newton
Powell_4D,v54,14,1,1.9,26,direct_newton
Powell_4D,v71,14,1,3.1,26,direct_newton
Powell_4D,v54,15,1,3.0,26,direct_newton
Powell_4D,v71,15,1,4.0,26,direct_newton
Powell_4D,v54,16,1,4.0,25,direct_newton
Powell_4D,v71,16,1,3.9,25,direct_newton
Powell_4D,v54,17,1,4.1,26,direct_newton
Powell_4D,v71,17,1,4.0,26,direct_newton
Powell_4D,v54,18,1,4.0,26,direct_newton
Powell_4D,v71,18,1,4.0,26,direct_newton
Powell_4D,v54,19,1,3.0,27,direct_newton
Powell_4D,v71,19,1,2.0,27,direct_newton
Powell_4D,v54,20,1,2.0,26,direct_newton
Powell_4D,v71,20,1,2.0,26,direct_newton
Powell_4D,v54,21,1,2.0,26,direct_newton
Powell_4D,v71,21,1,1.9,26,direct_newton
Powell_4D,v54,22,1,2.0,25,direct_newton
Powell_4D,v71,22,1,2.0,25,direct_newton
Powell_4D,v54,23,1,3.0,26,direct_newton
Powell_4D,v71,23,1,2.0,26,direct_newton
Powell_4D,v54,24,1,3.0,26,direct_newton
Powell_4D,v71,24,1,2.0,26,direct_newton
Powell_4D,v54,25,1,3.0,26,direct_newton
Powell_4D,v71,25,1,2.0,26,direct_newton
Powell_4D,v54,26,1,2.0,25,direct_newton
Powell_4D,v71,26,1,1.9,25,direct_newton
Powell_4D,v54,27,1,3.1,26,direct_newton
Powell_4D,v71,27,1,2.0,26,direct_newton
Powell_4D,v54,28,1,4.0,26,direct_newton
Powell_4D,v71,28,1,3.1,26,direct_newton
Powell_4D,v54,29,1,2.0,26,direct_newton
Powell_4D,v71,29,1,3.0,26,direct_newton
Powell_4D_C,v54,0,1,3.5,34,direct_newton
Powell_4D_C,v71,0,1,3.1,34,direct_newton
Powell_4D_C,v54,1,1,5.0,34,direct_newton
Powell_4D_C,v71,1,1,4.0,34,direct_newton
Powell_4D_C,v54,2,1,3.9,34,direct_newton
Powell_4D_C,v71,2,1,4.1,34,direct_newton
Powell_4D_C,v54,3,1,5.0,34,direct_newton
Powell_4D_C,v71,3,1,5.0,34,direct_newton
Powell_4D_C,v54,4,1,4.0,34,direct_newton
Powell_4D_C,v71,4,1,4.0,34,direct_newton
Powell_4D_C,v54,5,1,3.0,34,direct_newton
Powell_4D_C,v71,5,1,3.0,34,direct_newton
Powell_4D_C,v54,6,1,4.0,34,direct_newton
Powell_4D_C,v71,6,1,3.0,34,direct_newton
Powell_4D_C,v54,7,1,3.0,34,direct_newton
Powell_4D_C,v71,7,1,3.0,34,direct_newton
Powell_4D_C,v54,8,1,3.0,34,direct_newton
Powell_4D_C,v71,8,1,5.0,34,direct_newton
Powell_4D_C,v54,9,1,3.0,34,direct_newton
Powell_4D_C,v71,9,1,4.0,34,direct_newton
Powell_4D_C,v54,10,1,5.0,34,direct_newton
Powell_4D_C,v71,10,1,5.0,34,direct_newton
Powell_4D_C,v54,11,1,5.0,34,direct_newton
Powell_4D_C,v71,11,1,4.0,34,direct_newton
Powell_4D_C,v54,12,1,4.9,34,direct_newton
Powell_4D_C,v71,12,1,5.1,34,direct_newton
Powell_4D_C,v54,13,1,5.0,34,direct_newton
Powell_4D_C,v71,13,1,5.0,34,direct_newton
Powell_4D_C,v54,14,1,4.0,34,direct_newton
Powell_4D_C,v71,14,1,4.0,34,direct_newton
Powell_4D_C,v54,15,1,4.0,34,direct_newton
Powell_4D_C,v71,15,1,4.0,34,direct_newton
Powell_4D_C,v54,16,1,4.5,34,direct_newton
Powell_4D_C,v71,16,1,5.0,34,direct_newton
Powell_4D_C,v54,17,1,5.0,34,direct_newton
Powell_4D_C,v71,17,1,6.0,34,direct_newton
Powell_4D_C,v54,18,1,6.1,34,direct_newton
Powell_4D_C,v71,18,1,6.0,34,direct_newton
Powell_4D_C,v54,19,1,5.9,34,direct_newton
Powell_4D_C,v71,19,1,4.1,34,direct_newton
Powell_4D_C,v54,20,1,7.0,34,direct_newton
Powell_4D_C,v71,20,1,3.0,34,direct_newton
Powell_4D_C,v54,21,1,4.5,34,direct_newton
Powell_4D_C,v71,21,1,4.0,34,direct_newton
Powell_4D_C,v54,22,1,8.4,34,direct_newton
Powell_4D_C,v71,22,1,5.1,34,direct_newton
Powell_4D_C,v54,23,1,6.0,34,direct_newton
Powell_4D_C,v71,23,1,4.9,34,direct_newton
Powell_4D_C,v54,24,1,3.0,34,direct_newton
Powell_4D_C,v71,24,1,4.0,34,direct_newton
Powell_4D_C,v54,25,1,2.9,34,direct_newton
Powell_4D_C,v71,25,1,5.1,34,direct_newton
Powell_4D_C,v54,26,1,3.0,34,direct_newton
Powell_4D_C,v71,26,1,3.7,34,direct_newton
Powell_4D_C,v54,27,1,4.0,34,direct_newton
Powell_4D_C,v71,27,1,3.0,34,direct_newton
Powell_4D_C,v54,28,1,6.0,34,direct_newton
Powell_4D_C,v71,28,1,3.0,34,direct_newton
Powell_4D_C,v54,29,1,5.0,34,direct_newton
Powell_4D_C,v71,29,1,6.0,34,direct_newton
Powell_4D_E,v54,0,1,5.0,35,direct_newton
Powell_4D_E,v71,0,1,5.1,35,direct_newton
Powell_4D_E,v54,1,1,4.9,35,direct_newton
Powell_4D_E,v71,1,1,4.0,35,direct_newton
Powell_4D_E,v54,2,1,4.2,35,direct_newton
Powell_4D_E,v71,2,1,4.0,35,direct_newton
Powell_4D_E,v54,3,1,7.0,35,direct_newton
Powell_4D_E,v71,3,1,5.9,35,direct_newton
Powell_4D_E,v54,4,1,10.2,35,direct_newton
Powell_4D_E,v71,4,1,8.9,35,direct_newton
Powell_4D_E,v54,5,1,4.0,35,direct_newton
Powell_4D_E,v71,5,1,5.6,35,direct_newton
Powell_4D_E,v54,6,1,5.0,35,direct_newton
Powell_4D_E,v71,6,1,6.0,35,direct_newton
Powell_4D_E,v54,7,1,3.9,35,direct_newton
Powell_4D_E,v71,7,1,7.0,35,direct_newton
Powell_4D_E,v54,8,1,7.1,35,direct_newton
Powell_4D_E,v71,8,1,9.0,35,direct_newton
Powell_4D_E,v54,9,1,4.0,35,direct_newton
Powell_4D_E,v71,9,1,4.9,35,direct_newton
Powell_4D_E,v54,10,1,7.0,35,direct_newton
Powell_4D_E,v71,10,1,4.0,35,direct_newton
Powell_4D_E,v54,11,1,4.0,35,direct_newton
Powell_4D_E,v71,11,1,5.0,35,direct_newton
Powell_4D_E,v54,12,1,6.0,35,direct_newton
Powell_4D_E,v71,12,1,4.5,35,direct_newton
Powell_4D_E,v54,13,1,3.1,35,direct_newton
Powell_4D_E,v71,13,1,4.0,35,direct_newton
Powell_4D_E,v54,14,1,6.3,35,direct_newton
Powell_4D_E,v71,14,1,1.6,35,direct_newton
Powell_4D_E,v54,15,1,1.1,35,direct_newton
Powell_4D_E,v71,15,1,2.0,35,direct_newton
Powell_4D_E,v54,16,1,2.0,35,direct_newton
Powell_4D_E,v71,16,1,1.0,35,direct_newton
Powell_4D_E,v54,17,1,3.0,35,direct_newton
Powell_4D_E,v71,17,1,1.0,35,direct_newton
Powell_4D_E,v54,18,1,4.0,35,direct_newton
Powell_4D_E,v71,18,1,4.0,35,direct_newton
Powell_4D_E,v54,19,1,4.0,35,direct_newton
Powell_4D_E,v71,19,1,1.9,35,direct_newton
Powell_4D_E,v54,20,1,0.9,35,direct_newton
Powell_4D_E,v71,20,1,1.1,35,direct_newton
Powell_4D_E,v54,21,1,5.0,35,direct_newton
Powell_4D_E,v71,21,1,2.0,35,direct_newton
Powell_4D_E,v54,22,1,1.0,35,direct_newton
Powell_4D_E,v71,22,1,1.0,35,direct_newton
Powell_4D_E,v54,23,1,2.0,35,direct_newton
Powell_4D_E,v71,23,1,1.0,35,direct_newton
Powell_4D_E,v54,24,1,4.0,35,direct_newton
Powell_4D_E,v71,24,1,2.0,35,direct_newton
Powell_4D_E,v54,25,1,1.0,36,direct_newton
Powell_4D_E,v71,25,1,1.0,36,direct_newton
Powell_4D_E,v54,26,1,1.0,35,direct_newton
Powell_4D_E,v71,26,1,2.0,35,direct_newton
Powell_4D_E,v54,27,1,1.0,35,direct_newton
Powell_4D_E,v71,27,1,1.0,35,direct_newton
Powell_4D_E,v54,28,1,1.0,35,direct_newton
Powell_4D_E,v71,28,1,2.0,35,direct_newton
Powell_4D_E,v54,29,1,1.0,35,direct_newton
Powell_4D_E,v71,29,1,1.0,35,direct_newton
Powell_4D_H,v54,0,1,1.0,32,direct_newton
Powell_4D_H,v71,0,1,1.0,32,direct_newton
Powell_4D_H,v54,1,1,2.0,32,direct_newton
Powell_4D_H,v71,1,1,1.0,32,direct_newton
Powell_4D_H,v54,2,1,2.0,32,direct_newton
Powell_4D_H,v71,2,1,2.0,32,direct_newton
Powell_4D_H,v54,3,1,1.0,32,direct_newton
Powell_4D_H,v71,3,1,3.0,32,direct_newton
Powell_4D_H,v54,4,1,1.0,32,direct_newton
Powell_4D_H,v71,4,1,2.0,32,direct_newton
Powell_4D_H,v54,5,1,1.0,32,direct_newton
Powell_4D_H,v71,5,1,1.0,32,direct_newton
Powell_4D_H,v54,6,1,3.0,33,direct_newton
Powell_4D_H,v71,6,1,1.0,33,direct_newton
Powell_4D_H,v54,7,1,1.1,32,direct_newton
Powell_4D_H,v71,7,1,1.0,32,direct_newton
Powell_4D_H,v54,8,1,2.0,32,direct_newton
Powell_4D_H,v71,8,1,2.0,32,direct_newton
Powell_4D_H,v54,9,1,1.0,32,direct_newton
Powell_4D_H,v71,9,1,2.0,32,direct_newton
Powell_4D_H,v54,10,1,1.0,32,direct_newton
Powell_4D_H,v71,10,1,2.0,32,direct_newton
Powell_4D_H,v54,11,1,1.0,32,direct_newton
Powell_4D_H,v71,11,1,1.0,32,direct_newton
Powell_4D_H,v54,12,1,1.0,32,direct_newton
Powell_4D_H,v71,12,1,3.0,32,direct_newton
Powell_4D_H,v54,13,1,4.0,32,direct_newton
Powell_4D_H,v71,13,1,3.0,32,direct_newton
Powell_4D_H,v54,14,1,3.0,32,direct_newton
Powell_4D_H,v71,14,1,2.0,32,direct_newton
Powell_4D_H,v54,15,1,3.0,32,direct_newton
Powell_4D_H,v71,15,1,1.0,32,direct_newton
Powell_4D_H,v54,16,1,1.0,32,direct_newton
Powell_4D_H,v71,16,1,2.0,32,direct_newton
Powell_4D_H,v54,17,1,2.0,32,direct_newton
Powell_4D_H,v71,17,1,2.0,32,direct_newton
Powell_4D_H,v54,18,1,1.0,32,direct_newton
Powell_4D_H,v71,18,1,2.0,32,direct_newton
Powell_4D_H,v54,19,1,2.0,32,direct_newton
Powell_4D_H,v71,19,1,2.0,32,direct_newton
Powell_4D_H,v54,20,1,2.0,33,direct_newton
Powell_4D_H,v71,20,1,2.0,33,direct_newton
Powell_4D_H,v54,21,1,2.0,32,direct_newton
Powell_4D_H,v71,21,1,1.0,32,direct_newton
Powell_4D_H,v54,22,1,2.0,32,direct_newton
Powell_4D_H,v71,22,1,2.0,32,direct_newton
Powell_4D_H,v54,23,1,2.0,33,direct_newton
Powell_4D_H,v71,23,1,2.0,33,direct_newton
Powell_4D_H,v54,24,1,2.0,32,direct_newton
Powell_4D_H,v71,24,1,1.0,32,direct_newton
Powell_4D_H,v54,25,1,2.0,32,direct_newton
Powell_4D_H,v71,25,1,2.1,32,direct_newton
Powell_4D_H,v54,26,1,2.1,32,direct_newton
Powell_4D_H,v71,26,1,1.0,32,direct_newton
Powell_4D_H,v54,27,1,3.0,32,direct_newton
Powell_4D_H,v71,27,1,1.0,32,direct_newton
Powell_4D_H,v54,28,1,1.0,32,direct_newton
Powell_4D_H,v71,28,1,1.0,32,direct_newton
Powell_4D_H,v54,29,1,1.0,32,direct_newton
Powell_4D_H,v71,29,1,1.0,32,direct_newton
Powell_4D_M,v54,0,1,1.0,30,direct_newton
Powell_4D_M,v71,0,1,1.0,30,direct_newton
Powell_4D_M,v54,1,1,1.0,30,direct_newton
Powell_4D_M,v71,1,1,2.0,30,direct_newton
Powell_4D_M,v54,2,1,1.0,29,direct_newton
Powell_4D_M,v71,2,1,1.0,29,direct_newton
Powell_4D_M,v54,3,1,1.0,30,direct_newton
Powell_4D_M,v71,3,1,1.0,30,direct_newton
Powell_4D_M,v54,4,1,1.0,30,direct_newton
Powell_4D_M,v71,4,1,1.0,30,direct_newton
Powell_4D_M,v54,5,1,0.9,30,direct_newton
Powell_4D_M,v71,5,1,2.1,30,direct_newton
Powell_4D_M,v54,6,1,2.0,29,direct_newton
Powell_4D_M,v71,6,1,1.0,29,direct_newton
Powell_4D_M,v54,7,1,2.0,30,direct_newton
Powell_4D_M,v71,7,1,2.0,30,direct_newton
Powell_4D_M,v54,8,1,2.0,30,direct_newton
Powell_4D_M,v71,8,1,2.0,30,direct_newton
Powell_4D_M,v54,9,1,1.9,30,direct_newton
Powell_4D_M,v71,9,1,3.1,30,direct_newton
Powell_4D_M,v54,10,1,2.0,30,direct_newton
Powell_4D_M,v71,10,1,2.0,30,direct_newton
Powell_4D_M,v54,11,1,3.0,30,direct_newton
Powell_4D_M,v71,11,1,1.0,30,direct_newton
Powell_4D_M,v54,12,1,1.0,30,direct_newton
Powell_4D_M,v71,12,1,2.0,30,direct_newton
Powell_4D_M,v54,13,1,2.0,30,direct_newton
Powell_4D_M,v71,13,1,2.0,30,direct_newton
Powell_4D_M,v54,14,1,2.0,30,direct_newton
Powell_4D_M,v71,14,1,2.0,30,direct_newton
Powell_4D_M,v54,15,1,2.0,30,direct_newton
Powell_4D_M,v71,15,1,2.0,30,direct_newton
Powell_4D_M,v54,16,1,1.0,30,direct_newton
Powell_4D_M,v71,16,1,2.0,30,direct_newton
Powell_4D_M,v54,17,1,2.0,30,direct_newton
Powell_4D_M,v71,17,1,1.0,30,direct_newton
Powell_4D_M,v54,18,1,2.0,30,direct_newton
Powell_4D_M,v71,18,1,2.0,30,direct_newton
Powell_4D_M,v54,19,1,1.0,30,direct_newton
Powell_4D_M,v71,19,1,2.0,30,direct_newton
Powell_4D_M,v54,20,1,2.0,30,direct_newton
Powell_4D_M,v71,20,1,2.0,30,direct_newton
Powell_4D_M,v54,21,1,2.0,30,direct_newton
Powell_4D_M,v71,21,1,1.0,30,direct_newton
Powell_4D_M,v54,22,1,2.0,30,direct_newton
Powell_4D_M,v71,22,1,2.0,30,direct_newton
Powell_4D_M,v54,23,1,2.0,30,direct_newton
Powell_4D_M,v71,23,1,2.0,30,direct_newton
Powell_4D_M,v54,24,1,2.0,30,direct_newton
Powell_4D_M,v71,24,1,1.0,30,direct_newton
Powell_4D_M,v54,25,1,1.0,30,direct_newton
Powell_4D_M,v71,25,1,2.0,30,direct_newton
Powell_4D_M,v54,26,1,1.0,30,direct_newton
Powell_4D_M,v71,26,1,1.0,30,direct_newton
Powell_4D_M,v54,27,1,1.0,29,direct_newton
Powell_4D_M,v71,27,1,1.0,29,direct_newton
Powell_4D_M,v54,28,1,1.0,30,direct_newton
Powell_4D_M,v71,28,1,1.0,30,direct_newton
Powell_4D_M,v54,29,1,1.0,30,direct_newton
Powell_4D_M,v71,29,1,1.0,30,direct_newton
Rastrigin_20D_XE,v54,0,0,1219.4,77186,hgca_cma_failed
Rastrigin_20D_XE,v71,0,1,6.0,2,pcu_ok
Rastrigin_20D_XE,v54,1,0,2056.6,77186,hgca_cma_failed
Rastrigin_20D_XE,v71,1,1,7.0,2,pcu_ok
Rastrigin_20D_XE,v54,2,0,1975.1,77844,hgca_cma_failed
Rastrigin_20D_XE,v71,2,1,8.9,2,pcu_ok
Rastrigin_20D_XE,v54,3,0,1108.9,77844,hgca_cma_failed
Rastrigin_20D_XE,v71,3,1,5.9,2,pcu_ok
Rastrigin_20D_XE,v54,4,0,940.1,77844,hgca_cma_failed
Rastrigin_20D_XE,v71,4,1,4.0,2,pcu_ok
Rastrigin_20D_XE,v54,5,0,1510.0,78501,hgca_cma_failed
Rastrigin_20D_XE,v71,5,1,11.0,2,pcu_ok
Rastrigin_20D_XE,v54,6,0,1848.3,77516,hgca_cma_failed
Rastrigin_20D_XE,v71,6,1,7.0,2,pcu_ok
Rastrigin_20D_XE,v54,7,0,2050.1,78173,hgca_cma_failed
Rastrigin_20D_XE,v71,7,1,3.9,2,pcu_ok
Rastrigin_20D_XE,v54,8,0,1503.7,78173,hgca_cma_failed
Rastrigin_20D_XE,v71,8,1,6.0,2,pcu_ok
Rastrigin_20D_XE,v54,9,0,1588.7,78831,hgca_cma_failed
Rastrigin_20D_XE,v71,9,1,4.0,2,pcu_ok
Rastrigin_20D_XE,v54,10,0,849.7,78173,hgca_cma_failed
Rastrigin_20D_XE,v71,10,1,5.2,2,pcu_ok
Rastrigin_20D_XE,v54,11,0,1554.0,77186,hgca_cma_failed
Rastrigin_20D_XE,v71,11,1,7.0,2,pcu_ok
Rastrigin_20D_XE,v54,12,0,1745.4,78831,hgca_cma_failed
Rastrigin_20D_XE,v71,12,1,5.5,2,pcu_ok
Rastrigin_20D_XE,v54,13,0,850.7,78502,hgca_cma_failed
Rastrigin_20D_XE,v71,13,1,5.0,2,pcu_ok
Rastrigin_20D_XE,v54,14,0,1725.5,77515,hgca_cma_failed
Rastrigin_20D_XE,v71,14,1,10.0,2,pcu_ok
Rastrigin_20D_XE,v54,15,0,1863.9,77184,hgca_cma_failed
Rastrigin_20D_XE,v71,15,1,6.1,2,pcu_ok
Rastrigin_20D_XE,v54,16,0,1727.0,76857,hgca_cma_failed
Rastrigin_20D_XE,v71,16,1,13.0,2,pcu_ok
Rastrigin_20D_XE,v54,17,0,2072.2,77516,hgca_cma_failed
Rastrigin_20D_XE,v71,17,1,12.0,2,pcu_ok
Rastrigin_20D_XE,v54,18,0,2063.5,78173,hgca_cma_failed
Rastrigin_20D_XE,v71,18,1,10.0,2,pcu_ok
Rastrigin_20D_XE,v54,19,0,1980.5,77844,hgca_cma_failed
Rastrigin_20D_XE,v71,19,1,9.9,2,pcu_ok
Rastrigin_20D_XE,v54,20,0,1938.8,77844,hgca_cma_failed
Rastrigin_20D_XE,v71,20,1,9.3,2,pcu_ok
Rastrigin_20D_XE,v54,21,0,1719.8,77515,hgca_cma_failed
Rastrigin_20D_XE,v71,21,1,4.0,2,pcu_ok
Rastrigin_20D_XE,v54,22,0,2034.0,78173,hgca_cma_failed
Rastrigin_20D_XE,v71,22,1,7.0,2,pcu_ok
Rastrigin_20D_XE,v54,23,0,2072.7,78502,hgca_cma_failed
Rastrigin_20D_XE,v71,23,1,8.9,2,pcu_ok
Rastrigin_20D_XE,v54,24,0,1988.5,77844,hgca_cma_failed
Rastrigin_20D_XE,v71,24,1,12.0,2,pcu_ok
Rastrigin_20D_XE,v54,25,0,1781.7,77515,hgca_cma_failed
Rastrigin_20D_XE,v71,25,1,7.0,2,pcu_ok
Rastrigin_20D_XE,v54,26,0,1842.8,77517,hgca_cma_failed
Rastrigin_20D_XE,v71,26,1,9.0,2,pcu_ok
Rastrigin_20D_XE,v54,27,0,1957.2,77515,hgca_cma_failed
Rastrigin_20D_XE,v71,27,1,7.0,2,pcu_ok
Rastrigin_20D_XE,v54,28,0,1962.9,77187,hgca_cma_failed
Rastrigin_20D_XE,v71,28,1,12.1,2,pcu_ok
Rastrigin_20D_XE,v54,29,0,2058.1,77844,hgca_cma_failed
Rastrigin_20D_XE,v71,29,1,7.1,2,pcu_ok
Rastrigin_2D_XE,v54,0,1,598.4,30117,hgca_cma_refined
Rastrigin_2D_XE,v71,0,1,1.0,2,pcu_ok
Rastrigin_2D_XE,v54,1,1,901.3,29664,hgca_cma_refined
Rastrigin_2D_XE,v71,1,1,29.0,2,pcu_ok
Rastrigin_2D_XE,v54,2,1,727.1,28700,hgca_cma_refined
Rastrigin_2D_XE,v71,2,1,1.0,2,pcu_ok
Rastrigin_2D_XE,v54,3,1,656.0,29239,hgca_cma_refined
Rastrigin_2D_XE,v71,3,1,1.0,2,pcu_ok
Rastrigin_2D_XE,v54,4,1,575.8,28982,hgca_cma_refined
Rastrigin_2D_XE,v71,4,1,2.0,2,pcu_ok
Rastrigin_2D_XE,v54,5,1,549.6,29829,hgca_cma_refined
Rastrigin_2D_XE,v71,5,1,1.0,2,pcu_ok
Rastrigin_2D_XE,v54,6,1,600.3,30037,hgca_cma_refined
Rastrigin_2D_XE,v71,6,1,1.1,2,pcu_ok
Rastrigin_2D_XE,v54,7,1,268.0,29991,hgca_cma_refined
Rastrigin_2D_XE,v71,7,1,1.0,2,pcu_ok
Rastrigin_2D_XE,v54,8,1,272.0,27512,hgca_cma_refined
Rastrigin_2D_XE,v71,8,1,10.9,2,pcu_ok
Rastrigin_2D_XE,v54,9,1,569.1,28293,hgca_cma_refined
Rastrigin_2D_XE,v71,9,1,1.0,2,pcu_ok
Rastrigin_2D_XE,v54,10,1,711.1,30127,hgca_cma_refined
Rastrigin_2D_XE,v71,10,1,1.0,2,pcu_ok
Rastrigin_2D_XE,v54,11,1,276.7,30013,hgca_cma_refined
Rastrigin_2D_XE,v71,11,1,1.0,2,pcu_ok
Rastrigin_2D_XE,v54,12,1,226.4,28957,hgca_cma_refined
Rastrigin_2D_XE,v71,12,1,1.0,2,pcu_ok
Rastrigin_2D_XE,v54,13,1,271.6,29445,hgca_cma_refined
Rastrigin_2D_XE,v71,13,1,1.0,2,pcu_ok
Rastrigin_2D_XE,v54,14,1,243.0,29957,hgca_cma_refined
Rastrigin_2D_XE,v71,14,1,2.0,2,pcu_ok
Rastrigin_2D_XE,v54,15,1,238.4,28789,hgca_cma_refined
Rastrigin_2D_XE,v71,15,1,1.0,2,pcu_ok
Rastrigin_2D_XE,v54,16,1,284.0,28766,hgca_cma_refined
Rastrigin_2D_XE,v71,16,1,1.0,2,pcu_ok
Rastrigin_2D_XE,v54,17,1,9368.1,28101,hgca_cma_refined
Rastrigin_2D_XE,v71,17,1,1.0,2,pcu_ok
Rastrigin_2D_XE,v54,18,1,242.5,28984,hgca_cma_refined
Rastrigin_2D_XE,v71,18,1,15.0,2,pcu_ok
Rastrigin_2D_XE,v54,19,1,270.2,29053,hgca_cma_refined
Rastrigin_2D_XE,v71,19,1,0.0,2,pcu_ok
Rastrigin_2D_XE,v54,20,1,275.5,29335,hgca_cma_refined
Rastrigin_2D_XE,v71,20,1,1.0,2,pcu_ok
Rastrigin_2D_XE,v54,21,1,273.0,31995,hgca_cma_refined
Rastrigin_2D_XE,v71,21,1,9.0,2,pcu_ok
Rastrigin_2D_XE,v54,22,1,195.4,28773,hgca_cma_refined
Rastrigin_2D_XE,v71,22,1,0.0,2,pcu_ok
Rastrigin_2D_XE,v54,23,1,193.4,27829,hgca_cma_refined
Rastrigin_2D_XE,v71,23,1,1.1,2,pcu_ok
Rastrigin_2D_XE,v54,24,1,238.3,29200,hgca_cma_refined
Rastrigin_2D_XE,v71,24,1,1.0,2,pcu_ok
Rastrigin_2D_XE,v54,25,1,250.3,30124,hgca_cma_refined
Rastrigin_2D_XE,v71,25,1,1.0,2,pcu_ok
Rastrigin_2D_XE,v54,26,1,202.0,28391,hgca_cma_refined
Rastrigin_2D_XE,v71,26,1,1.0,2,pcu_ok
Rastrigin_2D_XE,v54,27,1,198.0,27903,hgca_cma_refined
Rastrigin_2D_XE,v71,27,1,0.0,2,pcu_ok
Rastrigin_2D_XE,v54,28,1,222.7,30032,hgca_cma_refined
Rastrigin_2D_XE,v71,28,1,10.0,2,pcu_ok
Rastrigin_2D_XE,v54,29,1,187.5,28101,hgca_cma_refined
Rastrigin_2D_XE,v71,29,1,1.0,2,pcu_ok
Rastrigin_30D_XE,v54,0,0,1846.7,77095,hgca_cma_failed
Rastrigin_30D_XE,v71,0,1,6.5,2,pcu_ok
Rastrigin_30D_XE,v54,1,0,2062.3,77095,hgca_cma_failed
Rastrigin_30D_XE,v71,1,1,10.0,2,pcu_ok
Rastrigin_30D_XE,v54,2,0,1915.8,77103,hgca_cma_failed
Rastrigin_30D_XE,v71,2,1,6.0,2,pcu_ok
Rastrigin_30D_XE,v54,3,0,1517.4,77095,hgca_cma_failed
Rastrigin_30D_XE,v71,3,1,6.0,2,pcu_ok
Rastrigin_30D_XE,v54,4,0,1471.2,77095,hgca_cma_failed
Rastrigin_30D_XE,v71,4,1,6.0,2,pcu_ok
Rastrigin_30D_XE,v54,5,0,1434.4,77095,hgca_cma_failed
Rastrigin_30D_XE,v71,5,1,6.0,2,pcu_ok
Rastrigin_30D_XE,v54,6,0,1527.9,77098,hgca_cma_failed
Rastrigin_30D_XE,v71,6,1,6.0,2,pcu_ok
Rastrigin_30D_XE,v54,7,0,1588.7,77095,hgca_cma_failed
Rastrigin_30D_XE,v71,7,1,6.1,2,pcu_ok
Rastrigin_30D_XE,v54,8,0,1506.2,77095,hgca_cma_failed
Rastrigin_30D_XE,v71,8,1,6.0,2,pcu_ok
Rastrigin_30D_XE,v54,9,0,1611.0,77095,hgca_cma_failed
Rastrigin_30D_XE,v71,9,1,6.0,2,pcu_ok
Rastrigin_30D_XE,v54,10,0,1564.2,77103,hgca_cma_failed
Rastrigin_30D_XE,v71,10,1,6.0,2,pcu_ok
Rastrigin_30D_XE,v54,11,0,1550.5,77097,hgca_cma_failed
Rastrigin_30D_XE,v71,11,1,6.0,2,pcu_ok
Rastrigin_30D_XE,v54,12,0,1577.4,77095,hgca_cma_failed
Rastrigin_30D_XE,v71,12,1,6.0,2,pcu_ok
Rastrigin_30D_XE,v54,13,0,1573.5,77095,hgca_cma_failed
Rastrigin_30D_XE,v71,13,1,6.0,2,pcu_ok
Rastrigin_30D_XE,v54,14,0,1543.6,77095,hgca_cma_failed
Rastrigin_30D_XE,v71,14,1,6.0,2,pcu_ok
Rastrigin_30D_XE,v54,15,0,1506.4,77095,hgca_cma_failed
Rastrigin_30D_XE,v71,15,1,6.0,2,pcu_ok
Rastrigin_30D_XE,v54,16,0,1458.7,77095,hgca_cma_failed
Rastrigin_30D_XE,v71,16,1,6.0,2,pcu_ok
Rastrigin_30D_XE,v54,17,0,1516.0,77095,hgca_cma_failed
Rastrigin_30D_XE,v71,17,1,6.0,2,pcu_ok
Rastrigin_30D_XE,v54,18,0,1534.9,77095,hgca_cma_failed
Rastrigin_30D_XE,v71,18,1,6.1,2,pcu_ok
Rastrigin_30D_XE,v54,19,0,1582.8,77095,hgca_cma_failed
Rastrigin_30D_XE,v71,19,1,6.0,2,pcu_ok
Rastrigin_30D_XE,v54,20,0,1451.9,77095,hgca_cma_failed
Rastrigin_30D_XE,v71,20,1,6.0,2,pcu_ok
Rastrigin_30D_XE,v54,21,0,1558.1,77095,hgca_cma_failed
Rastrigin_30D_XE,v71,21,1,6.0,2,pcu_ok
Rastrigin_30D_XE,v54,22,0,1466.1,77095,hgca_cma_failed
Rastrigin_30D_XE,v71,22,1,7.0,2,pcu_ok
Rastrigin_30D_XE,v54,23,0,1475.8,77095,hgca_cma_failed
Rastrigin_30D_XE,v71,23,1,6.0,2,pcu_ok
Rastrigin_30D_XE,v54,24,0,1563.1,77095,hgca_cma_failed
Rastrigin_30D_XE,v71,24,1,7.1,2,pcu_ok
Rastrigin_30D_XE,v54,25,0,1604.0,77759,hgca_cma_failed
Rastrigin_30D_XE,v71,25,1,7.1,2,pcu_ok
Rastrigin_30D_XE,v54,26,0,1469.2,77095,hgca_cma_failed
Rastrigin_30D_XE,v71,26,1,7.0,2,pcu_ok
Rastrigin_30D_XE,v54,27,0,1492.8,77095,hgca_cma_failed
Rastrigin_30D_XE,v71,27,1,6.0,2,pcu_ok
Rastrigin_30D_XE,v54,28,0,1576.2,77095,hgca_cma_failed
Rastrigin_30D_XE,v71,28,1,6.0,2,pcu_ok
Rastrigin_30D_XE,v54,29,0,1468.2,77095,hgca_cma_failed
Rastrigin_30D_XE,v71,29,1,7.0,2,pcu_ok
Rosenbrock_10D,v54,0,1,797.9,65154,hgca_cma_refined
Rosenbrock_10D,v71,0,1,806.3,65154,hgca_cma_refined
Rosenbrock_10D,v54,1,1,694.9,59461,hgca_cma_refined
Rosenbrock_10D,v71,1,1,687.5,59461,hgca_cma_refined
Rosenbrock_10D,v54,2,1,706.6,59755,hgca_cma_refined
Rosenbrock_10D,v71,2,1,706.0,59755,hgca_cma_refined
Rosenbrock_10D,v54,3,1,670.0,59459,hgca_cma_refined
Rosenbrock_10D,v71,3,1,662.6,59459,hgca_cma_refined
Rosenbrock_10D,v54,4,1,666.0,59459,hgca_cma_refined
Rosenbrock_10D,v71,4,1,669.8,59459,hgca_cma_refined
Rosenbrock_10D,v54,5,1,656.1,59464,hgca_cma_refined
Rosenbrock_10D,v71,5,1,630.4,59464,hgca_cma_refined
Rosenbrock_10D,v54,6,1,806.1,65534,hgca_cma_refined
Rosenbrock_10D,v71,6,1,811.8,65534,hgca_cma_refined
Rosenbrock_10D,v54,7,1,723.5,63062,hgca_cma_refined
Rosenbrock_10D,v71,7,1,727.5,63062,hgca_cma_refined
Rosenbrock_10D,v54,8,1,685.6,59460,hgca_cma_refined
Rosenbrock_10D,v71,8,1,677.5,59460,hgca_cma_refined
Rosenbrock_10D,v54,9,1,669.7,59457,hgca_cma_refined
Rosenbrock_10D,v71,9,1,700.0,59457,hgca_cma_refined
Rosenbrock_10D,v54,10,1,718.0,63064,hgca_cma_refined
Rosenbrock_10D,v71,10,1,723.7,63064,hgca_cma_refined
Rosenbrock_10D,v54,11,1,743.1,64887,hgca_cma_refined
Rosenbrock_10D,v71,11,1,745.6,64887,hgca_cma_refined
Rosenbrock_10D,v54,12,1,749.3,64886,hgca_cma_refined
Rosenbrock_10D,v71,12,1,738.6,64886,hgca_cma_refined
Rosenbrock_10D,v54,13,1,709.9,64863,hgca_cma_refined
Rosenbrock_10D,v71,13,1,730.6,64863,hgca_cma_refined
Rosenbrock_10D,v54,14,1,774.7,64867,hgca_cma_refined
Rosenbrock_10D,v71,14,1,768.8,64867,hgca_cma_refined
Rosenbrock_10D,v54,15,1,771.3,65534,hgca_cma_refined
Rosenbrock_10D,v71,15,1,774.6,65534,hgca_cma_refined
Rosenbrock_10D,v54,16,1,663.8,59458,hgca_cma_refined
Rosenbrock_10D,v71,16,1,667.0,59458,hgca_cma_refined
Rosenbrock_10D,v54,17,1,726.1,59755,hgca_cma_refined
Rosenbrock_10D,v71,17,1,699.4,59755,hgca_cma_refined
Rosenbrock_10D,v54,18,1,682.4,59462,hgca_cma_refined
Rosenbrock_10D,v71,18,1,683.9,59462,hgca_cma_refined
Rosenbrock_10D,v54,19,1,664.1,59449,hgca_cma_refined
Rosenbrock_10D,v71,19,1,638.0,59449,hgca_cma_refined
Rosenbrock_10D,v54,20,1,749.0,64852,hgca_cma_refined
Rosenbrock_10D,v71,20,1,771.0,64852,hgca_cma_refined
Rosenbrock_10D,v54,21,1,655.8,59461,hgca_cma_refined
Rosenbrock_10D,v71,21,1,648.1,59461,hgca_cma_refined
Rosenbrock_10D,v54,22,1,790.3,65165,hgca_cma_refined
Rosenbrock_10D,v71,22,1,794.9,65165,hgca_cma_refined
Rosenbrock_10D,v54,23,1,737.3,63066,hgca_cma_refined
Rosenbrock_10D,v71,23,1,734.0,63066,hgca_cma_refined
Rosenbrock_10D,v54,24,1,751.3,64885,hgca_cma_refined
Rosenbrock_10D,v71,24,1,750.0,64885,hgca_cma_refined
Rosenbrock_10D,v54,25,1,647.0,59463,hgca_cma_refined
Rosenbrock_10D,v71,25,1,654.1,59463,hgca_cma_refined
Rosenbrock_10D,v54,26,1,727.8,64880,hgca_cma_refined
Rosenbrock_10D,v71,26,1,719.6,64880,hgca_cma_refined
Rosenbrock_10D,v54,27,1,655.7,59489,hgca_cma_refined
Rosenbrock_10D,v71,27,1,663.3,59489,hgca_cma_refined
Rosenbrock_10D,v54,28,1,722.8,63067,hgca_cma_refined
Rosenbrock_10D,v71,28,1,720.3,63067,hgca_cma_refined
Rosenbrock_10D,v54,29,1,653.2,59460,hgca_cma_refined
Rosenbrock_10D,v71,29,1,671.4,59460,hgca_cma_refined
Rosenbrock_10D_C,v54,0,0,789.2,64860,hgca_cma_failed
Rosenbrock_10D_C,v71,0,0,783.2,64860,hgca_cma_failed
Rosenbrock_10D_C,v54,1,1,669.6,57957,hgca_cma_refined
Rosenbrock_10D_C,v71,1,1,668.3,57957,hgca_cma_refined
Rosenbrock_10D_C,v54,2,0,657.9,57650,hgca_cma_failed
Rosenbrock_10D_C,v71,2,0,643.1,57650,hgca_cma_failed
Rosenbrock_10D_C,v54,3,1,775.8,63071,hgca_cma_refined
Rosenbrock_10D_C,v71,3,1,763.0,63071,hgca_cma_refined
Rosenbrock_10D_C,v54,4,1,691.7,61549,hgca_cma_refined
Rosenbrock_10D_C,v71,4,1,726.5,61549,hgca_cma_refined
Rosenbrock_10D_C,v54,5,1,635.1,55871,hgca_cma_refined
Rosenbrock_10D_C,v71,5,1,627.4,55871,hgca_cma_refined
Rosenbrock_10D_C,v54,6,1,773.9,64884,hgca_cma_refined
Rosenbrock_10D_C,v71,6,1,773.3,64884,hgca_cma_refined
Rosenbrock_10D_C,v54,7,1,636.4,55869,hgca_cma_refined
Rosenbrock_10D_C,v71,7,1,625.9,55869,hgca_cma_refined
Rosenbrock_10D_C,v54,8,1,628.7,55860,hgca_cma_refined
Rosenbrock_10D_C,v71,8,1,624.4,55860,hgca_cma_refined
Rosenbrock_10D_C,v54,9,1,599.6,55863,hgca_cma_refined
Rosenbrock_10D_C,v71,9,1,608.4,55863,hgca_cma_refined
Rosenbrock_10D_C,v54,10,1,639.1,57693,hgca_cma_refined
Rosenbrock_10D_C,v71,10,1,643.5,57693,hgca_cma_refined
Rosenbrock_10D_C,v54,11,1,590.5,55864,hgca_cma_refined
Rosenbrock_10D_C,v71,11,1,585.6,55864,hgca_cma_refined
Rosenbrock_10D_C,v54,12,1,705.8,61554,hgca_cma_refined
Rosenbrock_10D_C,v71,12,1,739.1,61554,hgca_cma_refined
Rosenbrock_10D_C,v54,13,1,762.9,63096,hgca_cma_refined
Rosenbrock_10D_C,v71,13,1,760.5,63096,hgca_cma_refined
Rosenbrock_10D_C,v54,14,1,754.9,64873,hgca_cma_refined
Rosenbrock_10D_C,v71,14,1,754.5,64873,hgca_cma_refined
Rosenbrock_10D_C,v54,15,1,706.0,61300,hgca_cma_refined
Rosenbrock_10D_C,v71,15,1,707.4,61300,hgca_cma_refined
Rosenbrock_10D_C,v54,16,1,721.7,63079,hgca_cma_refined
Rosenbrock_10D_C,v71,16,1,724.0,63079,hgca_cma_refined
Rosenbrock_10D_C,v54,17,1,632.0,56532,hgca_cma_refined
Rosenbrock_10D_C,v71,17,1,639.4,56532,hgca_cma_refined
Rosenbrock_10D_C,v54,18,1,722.9,63075,hgca_cma_refined
Rosenbrock_10D_C,v71,18,1,715.8,63075,hgca_cma_refined
Rosenbrock_10D_C,v54,19,1,735.7,63358,hgca_cma_refined
Rosenbrock_10D_C,v71,19,1,758.5,63358,hgca_cma_refined
Rosenbrock_10D_C,v54,20,1,755.8,64867,hgca_cma_refined
Rosenbrock_10D_C,v71,20,1,758.3,64867,hgca_cma_refined
Rosenbrock_10D_C,v54,21,1,635.0,55869,hgca_cma_refined
Rosenbrock_10D_C,v71,21,1,630.5,55869,hgca_cma_refined
Rosenbrock_10D_C,v54,22,1,773.3,65160,hgca_cma_refined
Rosenbrock_10D_C,v71,22,1,780.3,65160,hgca_cma_refined
Rosenbrock_10D_C,v54,23,1,709.3,63075,hgca_cma_refined
Rosenbrock_10D_C,v71,23,1,714.6,63075,hgca_cma_refined
Rosenbrock_10D_C,v54,24,1,741.1,61271,hgca_cma_refined
Rosenbrock_10D_C,v71,24,1,745.2,61271,hgca_cma_refined
Rosenbrock_10D_C,v54,25,1,615.0,55869,hgca_cma_refined
Rosenbrock_10D_C,v71,25,1,602.8,55869,hgca_cma_refined
Rosenbrock_10D_C,v54,26,1,753.5,63067,hgca_cma_refined
Rosenbrock_10D_C,v71,26,1,749.5,63067,hgca_cma_refined
Rosenbrock_10D_C,v54,27,1,632.1,57686,hgca_cma_refined
Rosenbrock_10D_C,v71,27,1,632.9,57686,hgca_cma_refined
Rosenbrock_10D_C,v54,28,1,747.4,63106,hgca_cma_refined
Rosenbrock_10D_C,v71,28,1,743.5,63106,hgca_cma_refined
Rosenbrock_10D_C,v54,29,1,640.5,57706,hgca_cma_refined
Rosenbrock_10D_C,v71,29,1,637.0,57706,hgca_cma_refined
Rosenbrock_10D_E,v54,0,1,729.2,63116,hgca_cma_refined
Rosenbrock_10D_E,v71,0,1,737.9,63116,hgca_cma_refined
Rosenbrock_10D_E,v54,1,1,672.1,57956,hgca_cma_refined
Rosenbrock_10D_E,v71,1,1,658.8,57956,hgca_cma_refined
Rosenbrock_10D_E,v54,2,1,712.9,61286,hgca_cma_refined
Rosenbrock_10D_E,v71,2,1,698.0,61286,hgca_cma_refined
Rosenbrock_10D_E,v54,3,1,608.1,55905,hgca_cma_refined
Rosenbrock_10D_E,v71,3,1,614.4,55905,hgca_cma_refined
Rosenbrock_10D_E,v54,4,1,661.0,57669,hgca_cma_refined
Rosenbrock_10D_E,v71,4,1,654.3,57669,hgca_cma_refined
Rosenbrock_10D_E,v54,5,1,764.4,63358,hgca_cma_refined
Rosenbrock_10D_E,v71,5,1,765.5,63358,hgca_cma_refined
Rosenbrock_10D_E,v54,6,1,733.2,61273,hgca_cma_refined
Rosenbrock_10D_E,v71,6,1,737.5,61273,hgca_cma_refined
Rosenbrock_10D_E,v54,7,1,776.4,63117,hgca_cma_refined
Rosenbrock_10D_E,v71,7,1,771.3,63117,hgca_cma_refined
Rosenbrock_10D_E,v54,8,1,629.3,57682,hgca_cma_refined
Rosenbrock_10D_E,v71,8,1,634.0,57682,hgca_cma_refined
Rosenbrock_10D_E,v54,9,1,672.2,57673,hgca_cma_refined
Rosenbrock_10D_E,v71,9,1,652.6,57673,hgca_cma_refined
Rosenbrock_10D_E,v54,10,1,624.7,57680,hgca_cma_refined
Rosenbrock_10D_E,v71,10,1,621.9,57680,hgca_cma_refined
Rosenbrock_10D_E,v54,11,1,661.6,57681,hgca_cma_refined
Rosenbrock_10D_E,v71,11,1,650.8,57681,hgca_cma_refined
Rosenbrock_10D_E,v54,12,1,627.3,57685,hgca_cma_refined
Rosenbrock_10D_E,v71,12,1,643.8,57685,hgca_cma_refined
Rosenbrock_10D_E,v54,13,1,619.2,55871,hgca_cma_refined
Rosenbrock_10D_E,v71,13,1,610.0,55871,hgca_cma_refined
Rosenbrock_10D_E,v54,14,1,655.1,57675,hgca_cma_refined
Rosenbrock_10D_E,v71,14,1,646.8,57675,hgca_cma_refined
Rosenbrock_10D_E,v54,15,1,616.8,55872,hgca_cma_refined
Rosenbrock_10D_E,v71,15,1,622.6,55872,hgca_cma_refined
Rosenbrock_10D_E,v54,16,1,671.9,57661,hgca_cma_refined
Rosenbrock_10D_E,v71,16,1,676.4,57661,hgca_cma_refined
Rosenbrock_10D_E,v54,17,1,623.4,55871,hgca_cma_refined
Rosenbrock_10D_E,v71,17,1,607.0,55871,hgca_cma_refined
Rosenbrock_10D_E,v54,18,1,726.2,63089,hgca_cma_refined
Rosenbrock_10D_E,v71,18,1,749.5,63089,hgca_cma_refined
Rosenbrock_10D_E,v54,19,1,615.9,55875,hgca_cma_refined
Rosenbrock_10D_E,v71,19,1,625.6,55875,hgca_cma_refined
Rosenbrock_10D_E,v54,20,1,684.1,57677,hgca_cma_refined
Rosenbrock_10D_E,v71,20,1,677.2,57677,hgca_cma_refined
Rosenbrock_10D_E,v54,21,1,653.6,56543,hgca_cma_refined
Rosenbrock_10D_E,v71,21,1,642.3,56543,hgca_cma_refined
Rosenbrock_10D_E,v54,22,1,704.4,57665,hgca_cma_refined
Rosenbrock_10D_E,v71,22,1,727.5,57665,hgca_cma_refined
Rosenbrock_10D_E,v54,23,1,661.7,57680,hgca_cma_refined
Rosenbrock_10D_E,v71,23,1,675.0,57680,hgca_cma_refined
Rosenbrock_10D_E,v54,24,1,613.1,55864,hgca_cma_refined
Rosenbrock_10D_E,v71,24,1,609.5,55864,hgca_cma_refined
Rosenbrock_10D_E,v54,25,1,629.0,57679,hgca_cma_refined
Rosenbrock_10D_E,v71,25,1,628.9,57679,hgca_cma_refined
Rosenbrock_10D_E,v54,26,1,696.2,59477,hgca_cma_refined
Rosenbrock_10D_E,v71,26,1,685.6,59477,hgca_cma_refined
Rosenbrock_10D_E,v54,27,1,761.4,63091,hgca_cma_refined
Rosenbrock_10D_E,v71,27,1,743.8,63091,hgca_cma_refined
Rosenbrock_10D_E,v54,28,1,601.4,55865,hgca_cma_refined
Rosenbrock_10D_E,v71,28,1,605.4,55865,hgca_cma_refined
Rosenbrock_10D_E,v54,29,1,683.9,59483,hgca_cma_refined
Rosenbrock_10D_E,v71,29,1,682.3,59483,hgca_cma_refined
Rosenbrock_10D_H,v54,0,1,744.1,64873,hgca_cma_refined
Rosenbrock_10D_H,v71,0,1,743.0,64873,hgca_cma_refined
Rosenbrock_10D_H,v54,1,1,737.3,63080,hgca_cma_refined
Rosenbrock_10D_H,v71,1,1,739.8,63080,hgca_cma_refined
Rosenbrock_10D_H,v54,2,1,750.7,64879,hgca_cma_refined
Rosenbrock_10D_H,v71,2,1,751.5,64879,hgca_cma_refined
Rosenbrock_10D_H,v54,3,1,625.3,55867,hgca_cma_refined
Rosenbrock_10D_H,v71,3,1,623.7,55867,hgca_cma_refined
Rosenbrock_10D_H,v54,4,1,737.8,63068,hgca_cma_refined
Rosenbrock_10D_H,v71,4,1,740.0,63068,hgca_cma_refined
Rosenbrock_10D_H,v54,5,1,734.9,63359,hgca_cma_refined
Rosenbrock_10D_H,v71,5,1,742.2,63359,hgca_cma_refined
Rosenbrock_10D_H,v54,6,1,765.8,64857,hgca_cma_refined
Rosenbrock_10D_H,v71,6,1,780.0,64857,hgca_cma_refined
Rosenbrock_10D_H,v54,7,1,635.6,55891,hgca_cma_refined
Rosenbrock_10D_H,v71,7,1,633.1,55891,hgca_cma_refined
Rosenbrock_10D_H,v54,8,1,890.0,64897,hgca_cma_refined
Rosenbrock_10D_H,v71,8,1,837.5,64897,hgca_cma_refined
Rosenbrock_10D_H,v54,9,1,834.2,64864,hgca_cma_refined
Rosenbrock_10D_H,v71,9,1,790.0,64864,hgca_cma_refined
Rosenbrock_10D_H,v54,10,1,816.3,65151,hgca_cma_refined
Rosenbrock_10D_H,v71,10,1,753.2,65151,hgca_cma_refined
Rosenbrock_10D_H,v54,11,1,751.8,64868,hgca_cma_refined
Rosenbrock_10D_H,v71,11,1,753.0,64868,hgca_cma_refined
Rosenbrock_10D_H,v54,12,1,781.0,64895,hgca_cma_refined
Rosenbrock_10D_H,v71,12,1,776.9,64895,hgca_cma_refined
Rosenbrock_10D_H,v54,13,1,756.6,65156,hgca_cma_refined
Rosenbrock_10D_H,v71,13,1,758.5,65156,hgca_cma_refined
Rosenbrock_10D_H,v54,14,1,765.4,65195,hgca_cma_refined
Rosenbrock_10D_H,v71,14,1,765.9,65195,hgca_cma_refined
Rosenbrock_10D_H,v54,15,1,732.6,63062,hgca_cma_refined
Rosenbrock_10D_H,v71,15,1,716.4,63062,hgca_cma_refined
Rosenbrock_10D_H,v54,16,1,714.4,64888,hgca_cma_refined
Rosenbrock_10D_H,v71,16,1,749.3,64888,hgca_cma_refined
Rosenbrock_10D_H,v54,17,1,800.5,66951,hgca_cma_refined
Rosenbrock_10D_H,v71,17,1,801.1,66951,hgca_cma_refined
Rosenbrock_10D_H,v54,18,1,762.2,64861,hgca_cma_refined
Rosenbrock_10D_H,v71,18,1,755.9,64861,hgca_cma_refined
Rosenbrock_10D_H,v54,19,1,752.0,64857,hgca_cma_refined
Rosenbrock_10D_H,v71,19,1,750.2,64857,hgca_cma_refined
Rosenbrock_10D_H,v54,20,1,766.0,65160,hgca_cma_refined
Rosenbrock_10D_H,v71,20,1,751.6,65160,hgca_cma_refined
Rosenbrock_10D_H,v54,21,1,658.7,57667,hgca_cma_refined
Rosenbrock_10D_H,v71,21,1,665.2,57667,hgca_cma_refined
Rosenbrock_10D_H,v54,22,1,691.0,63070,hgca_cma_refined
Rosenbrock_10D_H,v71,22,1,696.7,63070,hgca_cma_refined
Rosenbrock_10D_H,v54,23,1,805.1,63768,hgca_cma_refined
Rosenbrock_10D_H,v71,23,1,812.1,63768,hgca_cma_refined
Rosenbrock_10D_H,v54,24,1,746.2,64877,hgca_cma_refined
Rosenbrock_10D_H,v71,24,1,750.9,64877,hgca_cma_refined
Rosenbrock_10D_H,v54,25,1,756.8,64895,hgca_cma_refined
Rosenbrock_10D_H,v71,25,1,754.8,64895,hgca_cma_refined
Rosenbrock_10D_H,v54,26,1,679.0,57667,hgca_cma_refined
Rosenbrock_10D_H,v71,26,1,688.0,57667,hgca_cma_refined
Rosenbrock_10D_H,v54,27,1,904.0,64870,hgca_cma_refined
Rosenbrock_10D_H,v71,27,1,837.0,64870,hgca_cma_refined
Rosenbrock_10D_H,v54,28,1,690.0,55870,hgca_cma_refined
Rosenbrock_10D_H,v71,28,1,674.0,55870,hgca_cma_refined
Rosenbrock_10D_H,v54,29,1,633.7,57680,hgca_cma_refined
Rosenbrock_10D_H,v71,29,1,614.1,57680,hgca_cma_refined
Rosenbrock_10D_M,v54,0,1,765.1,64866,hgca_cma_refined
Rosenbrock_10D_M,v71,0,1,768.6,64866,hgca_cma_refined
Rosenbrock_10D_M,v54,1,1,662.9,55889,hgca_cma_refined
Rosenbrock_10D_M,v71,1,1,650.5,55889,hgca_cma_refined
Rosenbrock_10D_M,v54,2,1,786.3,65162,hgca_cma_refined
Rosenbrock_10D_M,v71,2,1,794.5,65162,hgca_cma_refined
Rosenbrock_10D_M,v54,3,1,772.5,64868,hgca_cma_refined
Rosenbrock_10D_M,v71,3,1,776.7,64868,hgca_cma_refined
Rosenbrock_10D_M,v54,4,1,720.8,64893,hgca_cma_refined
Rosenbrock_10D_M,v71,4,1,728.3,64893,hgca_cma_refined
Rosenbrock_10D_M,v54,5,1,757.5,65158,hgca_cma_refined
Rosenbrock_10D_M,v71,5,1,749.2,65158,hgca_cma_refined
Rosenbrock_10D_M,v54,6,1,717.0,64893,hgca_cma_refined
Rosenbrock_10D_M,v71,6,1,729.7,64893,hgca_cma_refined
Rosenbrock_10D_M,v54,7,1,630.5,57682,hgca_cma_refined
Rosenbrock_10D_M,v71,7,1,634.4,57682,hgca_cma_refined
Rosenbrock_10D_M,v54,8,1,741.8,64862,hgca_cma_refined
Rosenbrock_10D_M,v71,8,1,747.2,64862,hgca_cma_refined
Rosenbrock_10D_M,v54,9,1,626.9,57665,hgca_cma_refined
Rosenbrock_10D_M,v71,9,1,640.7,57665,hgca_cma_refined
Rosenbrock_10D_M,v54,10,1,640.0,57660,hgca_cma_refined
Rosenbrock_10D_M,v71,10,1,638.0,57660,hgca_cma_refined
Rosenbrock_10D_M,v54,11,1,762.9,64883,hgca_cma_refined
Rosenbrock_10D_M,v71,11,1,756.3,64883,hgca_cma_refined
Rosenbrock_10D_M,v54,12,1,748.8,65158,hgca_cma_refined
Rosenbrock_10D_M,v71,12,1,753.6,65158,hgca_cma_refined
Rosenbrock_10D_M,v54,13,1,587.5,55851,hgca_cma_refined
Rosenbrock_10D_M,v71,13,1,586.3,55851,hgca_cma_refined
Rosenbrock_10D_M,v54,14,1,746.9,65150,hgca_cma_refined
Rosenbrock_10D_M,v71,14,1,763.4,65150,hgca_cma_refined
Rosenbrock_10D_M,v54,15,1,724.1,64866,hgca_cma_refined
Rosenbrock_10D_M,v71,15,1,720.9,64866,hgca_cma_refined
Rosenbrock_10D_M,v54,16,1,718.5,64858,hgca_cma_refined
Rosenbrock_10D_M,v71,16,1,715.0,64858,hgca_cma_refined
Rosenbrock_10D_M,v54,17,1,765.7,64868,hgca_cma_refined
Rosenbrock_10D_M,v71,17,1,772.9,64868,hgca_cma_refined
Rosenbrock_10D_M,v54,18,1,769.2,64868,hgca_cma_refined
Rosenbrock_10D_M,v71,18,1,754.5,64868,hgca_cma_refined
Rosenbrock_10D_M,v54,19,1,619.3,57663,hgca_cma_refined
Rosenbrock_10D_M,v71,19,1,618.0,57663,hgca_cma_refined
Rosenbrock_10D_M,v54,20,1,726.6,65159,hgca_cma_refined
Rosenbrock_10D_M,v71,20,1,721.9,65159,hgca_cma_refined
Rosenbrock_10D_M,v54,21,1,724.0,64874,hgca_cma_refined
Rosenbrock_10D_M,v71,21,1,716.0,64874,hgca_cma_refined
Rosenbrock_10D_M,v54,22,1,601.2,55850,hgca_cma_refined
Rosenbrock_10D_M,v71,22,1,596.6,55850,hgca_cma_refined
Rosenbrock_10D_M,v54,23,1,636.5,59464,hgca_cma_refined
Rosenbrock_10D_M,v71,23,1,642.0,59464,hgca_cma_refined
Rosenbrock_10D_M,v54,24,1,650.3,59493,hgca_cma_refined
Rosenbrock_10D_M,v71,24,1,641.1,59493,hgca_cma_refined
Rosenbrock_10D_M,v54,25,1,762.2,65193,hgca_cma_refined
Rosenbrock_10D_M,v71,25,1,799.7,65193,hgca_cma_refined
Rosenbrock_10D_M,v54,26,1,677.4,57691,hgca_cma_refined
Rosenbrock_10D_M,v71,26,1,645.8,57691,hgca_cma_refined
Rosenbrock_10D_M,v54,27,1,765.9,65531,hgca_cma_refined
Rosenbrock_10D_M,v71,27,1,743.3,65531,hgca_cma_refined
Rosenbrock_10D_M,v54,28,1,777.8,64858,hgca_cma_refined
Rosenbrock_10D_M,v71,28,1,787.7,64858,hgca_cma_refined
Rosenbrock_10D_M,v54,29,1,659.4,59489,hgca_cma_refined
Rosenbrock_10D_M,v71,29,1,662.0,59489,hgca_cma_refined
Rosenbrock_2D,v54,0,1,38.0,0,homotopy_direct
Rosenbrock_2D,v71,0,1,40.3,0,homotopy_direct
Rosenbrock_2D,v54,1,1,1.0,24,direct_newton
Rosenbrock_2D,v71,1,1,1.0,24,direct_newton
Rosenbrock_2D,v54,2,1,1.0,27,direct_newton
Rosenbrock_2D,v71,2,1,1.0,27,direct_newton
Rosenbrock_2D,v54,3,1,2.1,26,direct_newton
Rosenbrock_2D,v71,3,1,2.4,26,direct_newton
Rosenbrock_2D,v54,4,1,1.0,25,direct_newton
Rosenbrock_2D,v71,4,1,1.0,25,direct_newton
Rosenbrock_2D,v54,5,1,1.0,27,direct_newton
Rosenbrock_2D,v71,5,1,1.0,27,direct_newton
Rosenbrock_2D,v54,6,1,1.0,26,direct_newton
Rosenbrock_2D,v71,6,1,1.0,26,direct_newton
Rosenbrock_2D,v54,7,1,1.0,28,direct_newton
Rosenbrock_2D,v71,7,1,0.9,28,direct_newton
Rosenbrock_2D,v54,8,1,1.0,29,direct_newton
Rosenbrock_2D,v71,8,1,1.0,29,direct_newton
Rosenbrock_2D,v54,9,1,1.0,23,direct_newton
Rosenbrock_2D,v71,9,1,1.1,23,direct_newton
Rosenbrock_2D,v54,10,1,2.9,28,direct_newton
Rosenbrock_2D,v71,10,1,1.1,28,direct_newton
Rosenbrock_2D,v54,11,1,1.0,24,direct_newton
Rosenbrock_2D,v71,11,1,1.0,24,direct_newton
Rosenbrock_2D,v54,12,1,1.0,24,direct_newton
Rosenbrock_2D,v71,12,1,1.0,24,direct_newton
Rosenbrock_2D,v54,13,1,1.0,26,direct_newton
Rosenbrock_2D,v71,13,1,1.0,26,direct_newton
Rosenbrock_2D,v54,14,1,1.0,27,direct_newton
Rosenbrock_2D,v71,14,1,0.9,27,direct_newton
Rosenbrock_2D,v54,15,1,1.1,27,direct_newton
Rosenbrock_2D,v71,15,1,1.0,27,direct_newton
Rosenbrock_2D,v54,16,1,0.9,26,direct_newton
Rosenbrock_2D,v71,16,1,1.1,26,direct_newton
Rosenbrock_2D,v54,17,1,0.9,27,direct_newton
Rosenbrock_2D,v71,17,1,1.0,27,direct_newton
Rosenbrock_2D,v54,18,1,2.0,29,direct_newton
Rosenbrock_2D,v71,18,1,1.0,29,direct_newton
Rosenbrock_2D,v54,19,1,1.0,27,direct_newton
Rosenbrock_2D,v71,19,1,1.0,27,direct_newton
Rosenbrock_2D,v54,20,1,1.0,26,direct_newton
Rosenbrock_2D,v71,20,1,1.0,26,direct_newton
Rosenbrock_2D,v54,21,1,1.0,24,direct_newton
Rosenbrock_2D,v71,21,1,1.0,24,direct_newton
Rosenbrock_2D,v54,22,1,1.0,26,direct_newton
Rosenbrock_2D,v71,22,1,2.0,26,direct_newton
Rosenbrock_2D,v54,23,1,1.0,25,direct_newton
Rosenbrock_2D,v71,23,1,1.0,25,direct_newton
Rosenbrock_2D,v54,24,1,1.0,25,direct_newton
Rosenbrock_2D,v71,24,1,1.0,25,direct_newton
Rosenbrock_2D,v54,25,1,1.0,27,direct_newton
Rosenbrock_2D,v71,25,1,0.9,27,direct_newton
Rosenbrock_2D,v54,26,1,1.1,27,direct_newton
Rosenbrock_2D,v71,26,1,1.0,27,direct_newton
Rosenbrock_2D,v54,27,1,1.0,26,direct_newton
Rosenbrock_2D,v71,27,1,1.9,26,direct_newton
Rosenbrock_2D,v54,28,1,1.0,27,direct_newton
Rosenbrock_2D,v71,28,1,1.0,27,direct_newton
Rosenbrock_2D,v54,29,1,1.0,27,direct_newton
Rosenbrock_2D,v71,29,1,1.1,27,direct_newton
Rosenbrock_2D_C,v54,0,1,3.0,68,direct_newton
Rosenbrock_2D_C,v71,0,1,1.9,68,direct_newton
Rosenbrock_2D_C,v54,1,1,3.1,81,direct_newton
Rosenbrock_2D_C,v71,1,1,3.0,81,direct_newton
Rosenbrock_2D_C,v54,2,1,3.0,66,direct_newton
Rosenbrock_2D_C,v71,2,1,3.0,66,direct_newton
Rosenbrock_2D_C,v54,3,1,2.0,66,direct_newton
Rosenbrock_2D_C,v71,3,1,3.0,66,direct_newton
Rosenbrock_2D_C,v54,4,1,3.0,73,direct_newton
Rosenbrock_2D_C,v71,4,1,3.0,73,direct_newton
Rosenbrock_2D_C,v54,5,1,2.9,71,direct_newton
Rosenbrock_2D_C,v71,5,1,3.1,71,direct_newton
Rosenbrock_2D_C,v54,6,1,4.0,74,direct_newton
Rosenbrock_2D_C,v71,6,1,3.0,74,direct_newton
Rosenbrock_2D_C,v54,7,1,2.0,74,direct_newton
Rosenbrock_2D_C,v71,7,1,3.0,74,direct_newton
Rosenbrock_2D_C,v54,8,1,3.0,78,direct_newton
Rosenbrock_2D_C,v71,8,1,2.9,78,direct_newton
Rosenbrock_2D_C,v54,9,1,3.0,73,direct_newton
Rosenbrock_2D_C,v71,9,1,3.0,73,direct_newton
Rosenbrock_2D_C,v54,10,1,2.0,70,direct_newton
Rosenbrock_2D_C,v71,10,1,3.1,70,direct_newton
Rosenbrock_2D_C,v54,11,1,3.0,79,direct_newton
Rosenbrock_2D_C,v71,11,1,4.0,79,direct_newton
Rosenbrock_2D_C,v54,12,1,3.0,73,direct_newton
Rosenbrock_2D_C,v71,12,1,2.0,73,direct_newton
Rosenbrock_2D_C,v54,13,1,3.0,82,direct_newton
Rosenbrock_2D_C,v71,13,1,3.0,82,direct_newton
Rosenbrock_2D_C,v54,14,1,3.0,73,direct_newton
Rosenbrock_2D_C,v71,14,1,3.0,73,direct_newton
Rosenbrock_2D_C,v54,15,1,2.0,67,direct_newton
Rosenbrock_2D_C,v71,15,1,3.0,67,direct_newton
Rosenbrock_2D_C,v54,16,1,2.0,72,direct_newton
Rosenbrock_2D_C,v71,16,1,2.1,72,direct_newton
Rosenbrock_2D_C,v54,17,1,2.9,66,direct_newton
Rosenbrock_2D_C,v71,17,1,2.0,66,direct_newton
Rosenbrock_2D_C,v54,18,1,3.0,70,direct_newton
Rosenbrock_2D_C,v71,18,1,2.0,70,direct_newton
Rosenbrock_2D_C,v54,19,1,3.0,68,direct_newton
Rosenbrock_2D_C,v71,19,1,2.1,68,direct_newton
Rosenbrock_2D_C,v54,20,1,2.9,73,direct_newton
Rosenbrock_2D_C,v71,20,1,3.0,73,direct_newton
Rosenbrock_2D_C,v54,21,1,3.0,70,direct_newton
Rosenbrock_2D_C,v71,21,1,2.0,70,direct_newton
Rosenbrock_2D_C,v54,22,1,3.0,65,direct_newton
Rosenbrock_2D_C,v71,22,1,2.0,65,direct_newton
Rosenbrock_2D_C,v54,23,1,3.0,69,direct_newton
Rosenbrock_2D_C,v71,23,1,2.0,69,direct_newton
Rosenbrock_2D_C,v54,24,1,3.0,75,direct_newton
Rosenbrock_2D_C,v71,24,1,3.0,75,direct_newton
Rosenbrock_2D_C,v54,25,1,3.0,78,direct_newton
Rosenbrock_2D_C,v71,25,1,3.0,78,direct_newton
Rosenbrock_2D_C,v54,26,1,2.6,73,direct_newton
Rosenbrock_2D_C,v71,26,1,2.0,73,direct_newton
Rosenbrock_2D_C,v54,27,1,2.0,73,direct_newton
Rosenbrock_2D_C,v71,27,1,3.0,73,direct_newton
Rosenbrock_2D_C,v54,28,1,1.9,70,direct_newton
Rosenbrock_2D_C,v71,28,1,3.1,70,direct_newton
Rosenbrock_2D_C,v54,29,1,2.9,73,direct_newton
Rosenbrock_2D_C,v71,29,1,3.0,73,direct_newton
Rosenbrock_2D_E,v54,0,1,4.0,101,direct_newton
Rosenbrock_2D_E,v71,0,1,4.1,101,direct_newton
Rosenbrock_2D_E,v54,1,1,4.0,113,direct_newton
Rosenbrock_2D_E,v71,1,1,3.9,113,direct_newton
Rosenbrock_2D_E,v54,2,1,4.0,99,direct_newton
Rosenbrock_2D_E,v71,2,1,3.1,99,direct_newton
Rosenbrock_2D_E,v54,3,1,4.0,103,direct_newton
Rosenbrock_2D_E,v71,3,1,3.0,103,direct_newton
Rosenbrock_2D_E,v54,4,1,3.0,104,direct_newton
Rosenbrock_2D_E,v71,4,1,4.0,104,direct_newton
Rosenbrock_2D_E,v54,5,1,4.0,106,direct_newton
Rosenbrock_2D_E,v71,5,1,5.0,106,direct_newton
Rosenbrock_2D_E,v54,6,1,4.0,109,direct_newton
Rosenbrock_2D_E,v71,6,1,4.0,109,direct_newton
Rosenbrock_2D_E,v54,7,1,4.0,110,direct_newton
Rosenbrock_2D_E,v71,7,1,4.0,110,direct_newton
Rosenbrock_2D_E,v54,8,1,4.0,97,direct_newton
Rosenbrock_2D_E,v71,8,1,4.0,97,direct_newton
Rosenbrock_2D_E,v54,9,1,4.0,107,direct_newton
Rosenbrock_2D_E,v71,9,1,4.0,107,direct_newton
Rosenbrock_2D_E,v54,10,1,3.9,100,direct_newton
Rosenbrock_2D_E,v71,10,1,4.0,100,direct_newton
Rosenbrock_2D_E,v54,11,1,4.0,106,direct_newton
Rosenbrock_2D_E,v71,11,1,4.0,106,direct_newton
Rosenbrock_2D_E,v54,12,1,3.1,98,direct_newton
Rosenbrock_2D_E,v71,12,1,4.0,98,direct_newton
Rosenbrock_2D_E,v54,13,1,3.0,98,direct_newton
Rosenbrock_2D_E,v71,13,1,4.0,98,direct_newton
Rosenbrock_2D_E,v54,14,1,4.0,109,direct_newton
Rosenbrock_2D_E,v71,14,1,4.0,109,direct_newton
Rosenbrock_2D_E,v54,15,1,4.0,106,direct_newton
Rosenbrock_2D_E,v71,15,1,4.0,106,direct_newton
Rosenbrock_2D_E,v54,16,1,5.0,113,direct_newton
Rosenbrock_2D_E,v71,16,1,4.0,113,direct_newton
Rosenbrock_2D_E,v54,17,1,4.0,98,direct_newton
Rosenbrock_2D_E,v71,17,1,2.9,98,direct_newton
Rosenbrock_2D_E,v54,18,1,4.0,104,direct_newton
Rosenbrock_2D_E,v71,18,1,4.1,104,direct_newton
Rosenbrock_2D_E,v54,19,1,4.0,93,direct_newton
Rosenbrock_2D_E,v71,19,1,4.0,93,direct_newton
Rosenbrock_2D_E,v54,20,1,4.0,108,direct_newton
Rosenbrock_2D_E,v71,20,1,3.9,108,direct_newton
Rosenbrock_2D_E,v54,21,1,4.1,105,direct_newton
Rosenbrock_2D_E,v71,21,1,4.0,105,direct_newton
Rosenbrock_2D_E,v54,22,1,3.9,99,direct_newton
Rosenbrock_2D_E,v71,22,1,4.0,99,direct_newton
Rosenbrock_2D_E,v54,23,1,4.1,108,direct_newton
Rosenbrock_2D_E,v71,23,1,4.0,108,direct_newton
Rosenbrock_2D_E,v54,24,1,3.0,102,direct_newton
Rosenbrock_2D_E,v71,24,1,4.0,102,direct_newton
Rosenbrock_2D_E,v54,25,1,4.0,99,direct_newton
Rosenbrock_2D_E,v71,25,1,3.0,99,direct_newton
Rosenbrock_2D_E,v54,26,1,3.0,93,direct_newton
Rosenbrock_2D_E,v71,26,1,3.0,93,direct_newton
Rosenbrock_2D_E,v54,27,1,4.0,104,direct_newton
Rosenbrock_2D_E,v71,27,1,4.0,104,direct_newton
Rosenbrock_2D_E,v54,28,1,4.0,111,direct_newton
Rosenbrock_2D_E,v71,28,1,4.0,111,direct_newton
Rosenbrock_2D_E,v54,29,1,4.0,107,direct_newton
Rosenbrock_2D_E,v71,29,1,4.0,107,direct_newton
Rosenbrock_2D_H,v54,0,1,3.0,55,direct_newton
Rosenbrock_2D_H,v71,0,1,2.0,55,direct_newton
Rosenbrock_2D_H,v54,1,1,2.0,44,direct_newton
Rosenbrock_2D_H,v71,1,1,1.0,44,direct_newton
Rosenbrock_2D_H,v54,2,1,0.9,44,direct_newton
Rosenbrock_2D_H,v71,2,1,2.1,44,direct_newton
Rosenbrock_2D_H,v54,3,1,3.0,58,direct_newton
Rosenbrock_2D_H,v71,3,1,2.0,58,direct_newton
Rosenbrock_2D_H,v54,4,1,2.0,47,direct_newton
Rosenbrock_2D_H,v71,4,1,2.0,47,direct_newton
Rosenbrock_2D_H,v54,5,1,2.0,52,direct_newton
Rosenbrock_2D_H,v71,5,1,2.0,52,direct_newton
Rosenbrock_2D_H,v54,6,1,1.0,39,direct_newton
Rosenbrock_2D_H,v71,6,1,2.5,39,direct_newton
Rosenbrock_2D_H,v54,7,1,1.1,45,direct_newton
Rosenbrock_2D_H,v71,7,1,2.0,45,direct_newton
Rosenbrock_2D_H,v54,8,1,1.0,43,direct_newton
Rosenbrock_2D_H,v71,8,1,2.0,43,direct_newton
Rosenbrock_2D_H,v54,9,1,2.0,59,direct_newton
Rosenbrock_2D_H,v71,9,1,3.0,59,direct_newton
Rosenbrock_2D_H,v54,10,1,2.0,45,direct_newton
Rosenbrock_2D_H,v71,10,1,2.0,45,direct_newton
Rosenbrock_2D_H,v54,11,1,2.0,48,direct_newton
Rosenbrock_2D_H,v71,11,1,0.9,48,direct_newton
Rosenbrock_2D_H,v54,12,1,1.0,48,direct_newton
Rosenbrock_2D_H,v71,12,1,2.0,48,direct_newton
Rosenbrock_2D_H,v54,13,1,3.1,56,direct_newton
Rosenbrock_2D_H,v71,13,1,2.0,56,direct_newton
Rosenbrock_2D_H,v54,14,1,2.0,50,direct_newton
Rosenbrock_2D_H,v71,14,1,2.0,50,direct_newton
Rosenbrock_2D_H,v54,15,1,2.0,48,direct_newton
Rosenbrock_2D_H,v71,15,1,1.0,48,direct_newton
Rosenbrock_2D_H,v54,16,1,1.0,50,direct_newton
Rosenbrock_2D_H,v71,16,1,2.0,50,direct_newton
Rosenbrock_2D_H,v54,17,1,1.0,49,direct_newton
Rosenbrock_2D_H,v71,17,1,2.0,49,direct_newton
Rosenbrock_2D_H,v54,18,1,2.0,48,direct_newton
Rosenbrock_2D_H,v71,18,1,2.9,48,direct_newton
Rosenbrock_2D_H,v54,19,1,2.0,50,direct_newton
Rosenbrock_2D_H,v71,19,1,1.0,50,direct_newton
Rosenbrock_2D_H,v54,20,1,2.0,55,direct_newton
Rosenbrock_2D_H,v71,20,1,2.0,55,direct_newton
Rosenbrock_2D_H,v54,21,1,2.0,48,direct_newton
Rosenbrock_2D_H,v71,21,1,2.0,48,direct_newton
Rosenbrock_2D_H,v54,22,1,2.0,52,direct_newton
Rosenbrock_2D_H,v71,22,1,2.0,52,direct_newton
Rosenbrock_2D_H,v54,23,1,2.0,45,direct_newton
Rosenbrock_2D_H,v71,23,1,1.0,45,direct_newton
Rosenbrock_2D_H,v54,24,1,2.0,51,direct_newton
Rosenbrock_2D_H,v71,24,1,2.0,51,direct_newton
Rosenbrock_2D_H,v54,25,1,2.0,56,direct_newton
Rosenbrock_2D_H,v71,25,1,2.0,56,direct_newton
Rosenbrock_2D_H,v54,26,1,2.0,55,direct_newton
Rosenbrock_2D_H,v71,26,1,2.1,55,direct_newton
Rosenbrock_2D_H,v54,27,1,1.0,41,direct_newton
Rosenbrock_2D_H,v71,27,1,2.0,41,direct_newton
Rosenbrock_2D_H,v54,28,1,2.0,41,direct_newton
Rosenbrock_2D_H,v71,28,1,1.0,41,direct_newton
Rosenbrock_2D_H,v54,29,1,2.0,51,direct_newton
Rosenbrock_2D_H,v71,29,1,2.0,51,direct_newton
Rosenbrock_2D_M,v54,0,1,1.0,33,direct_newton
Rosenbrock_2D_M,v71,0,1,2.0,33,direct_newton
Rosenbrock_2D_M,v54,1,1,0.9,31,direct_newton
Rosenbrock_2D_M,v71,1,1,1.1,31,direct_newton
Rosenbrock_2D_M,v54,2,1,2.0,35,direct_newton
Rosenbrock_2D_M,v71,2,1,0.9,35,direct_newton
Rosenbrock_2D_M,v54,3,1,1.1,30,direct_newton
Rosenbrock_2D_M,v71,3,1,1.0,30,direct_newton
Rosenbrock_2D_M,v54,4,1,2.0,31,direct_newton
Rosenbrock_2D_M,v71,4,1,1.0,31,direct_newton
Rosenbrock_2D_M,v54,5,1,1.0,35,direct_newton
Rosenbrock_2D_M,v71,5,1,1.0,35,direct_newton
Rosenbrock_2D_M,v54,6,1,2.0,29,direct_newton
Rosenbrock_2D_M,v71,6,1,1.0,29,direct_newton
Rosenbrock_2D_M,v54,7,1,1.0,34,direct_newton
Rosenbrock_2D_M,v71,7,1,1.0,34,direct_newton
Rosenbrock_2D_M,v54,8,1,1.0,35,direct_newton
Rosenbrock_2D_M,v71,8,1,1.0,35,direct_newton
Rosenbrock_2D_M,v54,9,1,2.0,32,direct_newton
Rosenbrock_2D_M,v71,9,1,1.0,32,direct_newton
Rosenbrock_2D_M,v54,10,1,1.0,33,direct_newton
Rosenbrock_2D_M,v71,10,1,1.9,33,direct_newton
Rosenbrock_2D_M,v54,11,1,1.0,32,direct_newton
Rosenbrock_2D_M,v71,11,1,1.0,32,direct_newton
Rosenbrock_2D_M,v54,12,1,1.0,29,direct_newton
Rosenbrock_2D_M,v71,12,1,2.0,29,direct_newton
Rosenbrock_2D_M,v54,13,1,1.0,32,direct_newton
Rosenbrock_2D_M,v71,13,1,1.0,32,direct_newton
Rosenbrock_2D_M,v54,14,1,0.9,28,direct_newton
Rosenbrock_2D_M,v71,14,1,2.1,28,direct_newton
Rosenbrock_2D_M,v54,15,1,1.0,35,direct_newton
Rosenbrock_2D_M,v71,15,1,1.0,35,direct_newton
Rosenbrock_2D_M,v54,16,1,2.0,29,direct_newton
Rosenbrock_2D_M,v71,16,1,1.0,29,direct_newton
Rosenbrock_2D_M,v54,17,1,1.0,30,direct_newton
Rosenbrock_2D_M,v71,17,1,1.0,30,direct_newton
Rosenbrock_2D_M,v54,18,1,2.0,32,direct_newton
Rosenbrock_2D_M,v71,18,1,1.0,32,direct_newton
Rosenbrock_2D_M,v54,19,1,1.0,34,direct_newton
Rosenbrock_2D_M,v71,19,1,2.0,34,direct_newton
Rosenbrock_2D_M,v54,20,1,1.9,36,direct_newton
Rosenbrock_2D_M,v71,20,1,1.1,36,direct_newton
Rosenbrock_2D_M,v54,21,1,2.0,33,direct_newton
Rosenbrock_2D_M,v71,21,1,1.0,33,direct_newton
Rosenbrock_2D_M,v54,22,1,1.0,34,direct_newton
Rosenbrock_2D_M,v71,22,1,2.0,34,direct_newton
Rosenbrock_2D_M,v54,23,1,1.0,28,direct_newton
Rosenbrock_2D_M,v71,23,1,1.0,28,direct_newton
Rosenbrock_2D_M,v54,24,1,1.0,34,direct_newton
Rosenbrock_2D_M,v71,24,1,1.0,34,direct_newton
Rosenbrock_2D_M,v54,25,1,2.0,30,direct_newton
Rosenbrock_2D_M,v71,25,1,1.0,30,direct_newton
Rosenbrock_2D_M,v54,26,1,1.0,34,direct_newton
Rosenbrock_2D_M,v71,26,1,1.9,34,direct_newton
Rosenbrock_2D_M,v54,27,1,1.0,31,direct_newton
Rosenbrock_2D_M,v71,27,1,1.0,31,direct_newton
Rosenbrock_2D_M,v54,28,1,2.0,34,direct_newton
Rosenbrock_2D_M,v71,28,1,1.0,34,direct_newton
Rosenbrock_2D_M,v54,29,1,1.0,30,direct_newton
Rosenbrock_2D_M,v71,29,1,1.0,30,direct_newton
Rotated_Ackley_20D,v54,0,1,1058.7,96157,hgca_refined_f
Rotated_Ackley_20D,v71,0,1,1051.2,96157,hgca_refined_f
Rotated_Ackley_20D,v54,1,1,748.5,81720,hgca_refined_f
Rotated_Ackley_20D,v71,1,1,743.0,81720,hgca_refined_f
Rotated_Ackley_20D,v54,2,1,808.2,81732,hgca_refined_f
Rotated_Ackley_20D,v71,2,1,806.5,81732,hgca_refined_f
Rotated_Ackley_20D,v54,3,1,740.2,81759,hgca_refined_f
Rotated_Ackley_20D,v71,3,1,742.4,81759,hgca_refined_f
Rotated_Ackley_20D,v54,4,0,1142.5,96096,hgca_cma_failed
Rotated_Ackley_20D,v71,4,0,1150.6,96096,hgca_cma_failed
Rotated_Ackley_20D,v54,5,1,981.1,96130,hgca_refined_f
Rotated_Ackley_20D,v71,5,1,994.2,96130,hgca_refined_f
Rotated_Ackley_20D,v54,6,1,751.7,81739,hgca_refined_f
Rotated_Ackley_20D,v71,6,1,747.7,81739,hgca_refined_f
Rotated_Ackley_20D,v54,7,1,752.0,81729,hgca_refined_f
Rotated_Ackley_20D,v71,7,1,764.5,81729,hgca_refined_f
Rotated_Ackley_20D,v54,8,1,751.1,81727,hgca_refined_f
Rotated_Ackley_20D,v71,8,1,731.6,81727,hgca_refined_f
Rotated_Ackley_20D,v54,9,1,721.7,81732,hgca_refined_f
Rotated_Ackley_20D,v71,9,1,721.1,81732,hgca_refined_f
Rotated_Ackley_20D,v54,10,1,824.8,81796,hgca_refined_f
Rotated_Ackley_20D,v71,10,1,813.1,81796,hgca_refined_f
Rotated_Ackley_20D,v54,11,1,750.5,81729,hgca_refined_f
Rotated_Ackley_20D,v71,11,1,744.9,81729,hgca_refined_f
Rotated_Ackley_20D,v54,12,1,1179.1,96191,hgca_refined_f
Rotated_Ackley_20D,v71,12,1,1171.1,96191,hgca_refined_f
Rotated_Ackley_20D,v54,13,0,744.5,81720,hgca_cma_failed
Rotated_Ackley_20D,v71,13,0,738.8,81720,hgca_cma_failed
Rotated_Ackley_20D,v54,14,1,981.7,96143,hgca_refined_f
Rotated_Ackley_20D,v71,14,1,967.5,96143,hgca_refined_f
Rotated_Ackley_20D,v54,15,1,726.1,81725,hgca_refined_f
Rotated_Ackley_20D,v71,15,1,727.5,81725,hgca_refined_f
Rotated_Ackley_20D,v54,16,1,748.6,81746,hgca_refined_f
Rotated_Ackley_20D,v71,16,1,757.8,81746,hgca_refined_f
Rotated_Ackley_20D,v54,17,1,739.7,81738,hgca_refined_f
Rotated_Ackley_20D,v71,17,1,738.6,81738,hgca_refined_f
Rotated_Ackley_20D,v54,18,1,816.8,79427,hgca_refined_f
Rotated_Ackley_20D,v71,18,1,802.2,79427,hgca_refined_f
Rotated_Ackley_20D,v54,19,1,1039.2,96159,hgca_refined_f
Rotated_Ackley_20D,v71,19,1,992.2,96159,hgca_refined_f
Rotated_Ackley_20D,v54,20,1,739.5,81735,hgca_refined_f
Rotated_Ackley_20D,v71,20,1,743.2,81735,hgca_refined_f
Rotated_Ackley_20D,v54,21,1,730.6,81742,hgca_refined_f
Rotated_Ackley_20D,v71,21,1,731.0,81742,hgca_refined_f
Rotated_Ackley_20D,v54,22,1,731.1,81744,hgca_refined_f
Rotated_Ackley_20D,v71,22,1,735.3,81744,hgca_refined_f
Rotated_Ackley_20D,v54,23,1,819.7,81813,hgca_refined_f
Rotated_Ackley_20D,v71,23,1,816.6,81813,hgca_refined_f
Rotated_Ackley_20D,v54,24,1,979.4,96150,hgca_refined_f
Rotated_Ackley_20D,v71,24,1,990.0,96150,hgca_refined_f
Rotated_Ackley_20D,v54,25,1,750.1,81787,hgca_refined_f
Rotated_Ackley_20D,v71,25,1,773.9,81787,hgca_refined_f
Rotated_Ackley_20D,v54,26,1,757.1,81755,hgca_refined_f
Rotated_Ackley_20D,v71,26,1,752.6,81755,hgca_refined_f
Rotated_Ackley_20D,v54,27,1,757.3,81823,hgca_refined_f
Rotated_Ackley_20D,v71,27,1,745.4,81823,hgca_refined_f
Rotated_Ackley_20D,v54,28,1,725.4,81726,hgca_refined_f
Rotated_Ackley_20D,v71,28,1,739.0,81726,hgca_refined_f
Rotated_Ackley_20D,v54,29,1,756.1,81768,hgca_refined_f
Rotated_Ackley_20D,v71,29,1,755.8,81768,hgca_refined_f
Rotated_Rastrigin_20D,v54,0,0,647.8,76857,hgca_cma_failed
Rotated_Rastrigin_20D,v71,0,1,3.9,2,pcu_ok
Rotated_Rastrigin_20D,v54,1,0,640.7,76857,hgca_cma_failed
Rotated_Rastrigin_20D,v71,1,1,4.0,2,pcu_ok
Rotated_Rastrigin_20D,v54,2,0,647.4,77186,hgca_cma_failed
Rotated_Rastrigin_20D,v71,2,1,4.0,2,pcu_ok
Rotated_Rastrigin_20D,v54,3,0,653.9,77187,hgca_cma_failed
Rotated_Rastrigin_20D,v71,3,1,4.0,2,pcu_ok
Rotated_Rastrigin_20D,v54,4,0,691.6,78173,hgca_cma_failed
Rotated_Rastrigin_20D,v71,4,1,5.0,2,pcu_ok
Rotated_Rastrigin_20D,v54,5,0,648.1,76857,hgca_cma_failed
Rotated_Rastrigin_20D,v71,5,1,4.0,2,pcu_ok
Rotated_Rastrigin_20D,v54,6,0,665.8,77515,hgca_cma_failed
Rotated_Rastrigin_20D,v71,6,1,5.0,2,pcu_ok
Rotated_Rastrigin_20D,v54,7,0,702.0,78503,hgca_cma_failed
Rotated_Rastrigin_20D,v71,7,1,4.0,2,pcu_ok
Rotated_Rastrigin_20D,v54,8,0,665.9,77515,hgca_cma_failed
Rotated_Rastrigin_20D,v71,8,1,3.9,2,pcu_ok
Rotated_Rastrigin_20D,v54,9,0,636.0,77187,hgca_cma_failed
Rotated_Rastrigin_20D,v71,9,1,4.0,2,pcu_ok
Rotated_Rastrigin_20D,v54,10,0,657.6,77844,hgca_cma_failed
Rotated_Rastrigin_20D,v71,10,1,4.0,2,pcu_ok
Rotated_Rastrigin_20D,v54,11,0,672.1,77844,hgca_cma_failed
Rotated_Rastrigin_20D,v71,11,1,4.0,2,pcu_ok
Rotated_Rastrigin_20D,v54,12,0,684.6,77844,hgca_cma_failed
Rotated_Rastrigin_20D,v71,12,1,3.9,2,pcu_ok
Rotated_Rastrigin_20D,v54,13,0,674.1,77844,hgca_cma_failed
Rotated_Rastrigin_20D,v71,13,1,3.9,2,pcu_ok
Rotated_Rastrigin_20D,v54,14,0,709.9,78502,hgca_cma_failed
Rotated_Rastrigin_20D,v71,14,1,4.0,2,pcu_ok
Rotated_Rastrigin_20D,v54,15,0,645.1,76857,hgca_cma_failed
Rotated_Rastrigin_20D,v71,15,1,5.0,2,pcu_ok
Rotated_Rastrigin_20D,v54,16,0,668.0,77515,hgca_cma_failed
Rotated_Rastrigin_20D,v71,16,1,4.0,2,pcu_ok
Rotated_Rastrigin_20D,v54,17,0,685.8,77844,hgca_cma_failed
Rotated_Rastrigin_20D,v71,17,1,3.9,2,pcu_ok
Rotated_Rastrigin_20D,v54,18,0,649.8,76859,hgca_cma_failed
Rotated_Rastrigin_20D,v71,18,1,5.0,2,pcu_ok
Rotated_Rastrigin_20D,v54,19,0,687.0,77844,hgca_cma_failed
Rotated_Rastrigin_20D,v71,19,1,4.0,2,pcu_ok
Rotated_Rastrigin_20D,v54,20,0,669.6,77515,hgca_cma_failed
Rotated_Rastrigin_20D,v71,20,1,4.0,2,pcu_ok
Rotated_Rastrigin_20D,v54,21,0,665.1,77515,hgca_cma_failed
Rotated_Rastrigin_20D,v71,21,1,4.0,2,pcu_ok
Rotated_Rastrigin_20D,v54,22,0,655.0,77186,hgca_cma_failed
Rotated_Rastrigin_20D,v71,22,1,4.1,2,pcu_ok
Rotated_Rastrigin_20D,v54,23,0,685.9,78173,hgca_cma_failed
Rotated_Rastrigin_20D,v71,23,1,4.0,2,pcu_ok
Rotated_Rastrigin_20D,v54,24,0,642.8,77187,hgca_cma_failed
Rotated_Rastrigin_20D,v71,24,1,4.0,2,pcu_ok
Rotated_Rastrigin_20D,v54,25,0,659.0,77844,hgca_cma_failed
Rotated_Rastrigin_20D,v71,25,1,4.0,2,pcu_ok
Rotated_Rastrigin_20D,v54,26,0,675.0,77515,hgca_cma_failed
Rotated_Rastrigin_20D,v71,26,1,4.0,2,pcu_ok
Rotated_Rastrigin_20D,v54,27,0,685.0,77844,hgca_cma_failed
Rotated_Rastrigin_20D,v71,27,1,4.0,2,pcu_ok
Rotated_Rastrigin_20D,v54,28,0,694.0,78173,hgca_cma_failed
Rotated_Rastrigin_20D,v71,28,1,4.0,2,pcu_ok
Rotated_Rastrigin_20D,v54,29,0,679.0,77844,hgca_cma_failed
Rotated_Rastrigin_20D,v71,29,1,5.0,2,pcu_ok
Schaffer_F6_2D_XE,v54,0,0,337.0,40636,hgca_cma_failed
Schaffer_F6_2D_XE,v71,0,0,334.0,40636,hgca_cma_failed
Schaffer_F6_2D_XE,v54,1,0,342.0,40969,hgca_cma_failed
Schaffer_F6_2D_XE,v71,1,0,344.0,40969,hgca_cma_failed
Schaffer_F6_2D_XE,v54,2,0,331.0,42171,hgca_cma_failed
Schaffer_F6_2D_XE,v71,2,0,321.8,42171,hgca_cma_failed
Schaffer_F6_2D_XE,v54,3,0,315.0,40970,hgca_cma_failed
Schaffer_F6_2D_XE,v71,3,0,321.0,40970,hgca_cma_failed
Schaffer_F6_2D_XE,v54,4,0,338.9,42171,hgca_cma_failed
Schaffer_F6_2D_XE,v71,4,0,338.1,42171,hgca_cma_failed
Schaffer_F6_2D_XE,v54,5,0,317.0,40672,hgca_cma_failed
Schaffer_F6_2D_XE,v71,5,0,315.0,40672,hgca_cma_failed
Schaffer_F6_2D_XE,v54,6,0,315.0,40637,hgca_cma_failed
Schaffer_F6_2D_XE,v71,6,0,315.0,40637,hgca_cma_failed
Schaffer_F6_2D_XE,v54,7,0,328.9,42503,hgca_cma_failed
Schaffer_F6_2D_XE,v71,7,0,321.0,42503,hgca_cma_failed
Schaffer_F6_2D_XE,v54,8,0,332.0,41632,hgca_cma_failed
Schaffer_F6_2D_XE,v71,8,0,334.0,41632,hgca_cma_failed
Schaffer_F6_2D_XE,v54,9,0,336.6,41632,hgca_cma_failed
Schaffer_F6_2D_XE,v71,9,0,334.6,41632,hgca_cma_failed
Schaffer_F6_2D_XE,v54,10,1,286.1,40840,hgca_cma_refined
Schaffer_F6_2D_XE,v71,10,1,283.0,40840,hgca_cma_refined
Schaffer_F6_2D_XE,v54,11,0,324.8,40968,hgca_cma_failed
Schaffer_F6_2D_XE,v71,11,0,337.0,40968,hgca_cma_failed
Schaffer_F6_2D_XE,v54,12,0,335.0,40968,hgca_cma_failed
Schaffer_F6_2D_XE,v71,12,0,335.0,40968,hgca_cma_failed
Schaffer_F6_2D_XE,v54,13,0,298.0,41509,hgca_cma_failed
Schaffer_F6_2D_XE,v71,13,0,298.8,41509,hgca_cma_failed
Schaffer_F6_2D_XE,v54,14,1,320.9,41300,hgca_refined_f
Schaffer_F6_2D_XE,v71,14,1,322.1,41300,hgca_refined_f
Schaffer_F6_2D_XE,v54,15,0,352.0,42834,hgca_cma_failed
Schaffer_F6_2D_XE,v71,15,0,360.8,42834,hgca_cma_failed
Schaffer_F6_2D_XE,v54,16,0,359.1,41632,hgca_cma_failed
Schaffer_F6_2D_XE,v71,16,0,353.0,41632,hgca_cma_failed
Schaffer_F6_2D_XE,v54,17,0,307.0,40636,hgca_cma_failed
Schaffer_F6_2D_XE,v71,17,0,314.2,40636,hgca_cma_failed
Schaffer_F6_2D_XE,v54,18,0,292.1,40304,hgca_cma_failed
Schaffer_F6_2D_XE,v71,18,0,298.0,40304,hgca_cma_failed
Schaffer_F6_2D_XE,v54,19,0,282.2,39976,hgca_cma_failed
Schaffer_F6_2D_XE,v71,19,0,294.1,39976,hgca_cma_failed
Schaffer_F6_2D_XE,v54,20,1,324.9,41300,hgca_refined_f
Schaffer_F6_2D_XE,v71,20,1,322.1,41300,hgca_refined_f
Schaffer_F6_2D_XE,v54,21,1,269.3,40841,hgca_cma_refined
Schaffer_F6_2D_XE,v71,21,1,263.2,40841,hgca_cma_refined
Schaffer_F6_2D_XE,v54,22,0,325.5,40968,hgca_cma_failed
Schaffer_F6_2D_XE,v71,22,0,334.2,40968,hgca_cma_failed
Schaffer_F6_2D_XE,v54,23,0,266.4,40304,hgca_cma_failed
Schaffer_F6_2D_XE,v71,23,0,271.2,40304,hgca_cma_failed
Schaffer_F6_2D_XE,v54,24,1,260.0,39637,hgca_cma_refined
Schaffer_F6_2D_XE,v71,24,1,263.9,39637,hgca_cma_refined
Schaffer_F6_2D_XE,v54,25,1,257.0,39637,hgca_cma_refined
Schaffer_F6_2D_XE,v71,25,1,265.0,39637,hgca_cma_refined
Schaffer_F6_2D_XE,v54,26,0,273.0,39973,hgca_cma_failed
Schaffer_F6_2D_XE,v71,26,0,278.4,39973,hgca_cma_failed
Schaffer_F6_2D_XE,v54,27,0,313.9,40969,hgca_cma_failed
Schaffer_F6_2D_XE,v71,27,0,325.4,40969,hgca_cma_failed
Schaffer_F6_2D_XE,v54,28,0,326.1,42503,hgca_cma_failed
Schaffer_F6_2D_XE,v71,28,0,332.6,42503,hgca_cma_failed
Schaffer_F6_2D_XE,v54,29,1,332.9,41300,hgca_refined_f
Schaffer_F6_2D_XE,v71,29,1,334.4,41300,hgca_refined_f
Simulink_Linear_Loop,v54,0,1,0.0,4,direct_newton
Simulink_Linear_Loop,v71,0,1,0.0,4,direct_newton
Simulink_Linear_Loop,v54,1,1,1.1,4,direct_newton
Simulink_Linear_Loop,v71,1,1,0.0,4,direct_newton
Simulink_Linear_Loop,v54,2,1,0.0,3,direct_newton
Simulink_Linear_Loop,v71,2,1,0.0,3,direct_newton
Simulink_Linear_Loop,v54,3,1,0.0,4,direct_newton
Simulink_Linear_Loop,v71,3,1,0.0,4,direct_newton
Simulink_Linear_Loop,v54,4,1,0.0,4,direct_newton
Simulink_Linear_Loop,v71,4,1,0.0,4,direct_newton
Simulink_Linear_Loop,v54,5,1,1.0,3,direct_newton
Simulink_Linear_Loop,v71,5,1,0.0,3,direct_newton
Simulink_Linear_Loop,v54,6,1,0.0,3,direct_newton
Simulink_Linear_Loop,v71,6,1,0.0,3,direct_newton
Simulink_Linear_Loop,v54,7,1,0.0,4,direct_newton
Simulink_Linear_Loop,v71,7,1,1.0,4,direct_newton
Simulink_Linear_Loop,v54,8,1,0.0,3,direct_newton
Simulink_Linear_Loop,v71,8,1,0.0,3,direct_newton
Simulink_Linear_Loop,v54,9,1,0.0,3,direct_newton
Simulink_Linear_Loop,v71,9,1,0.0,3,direct_newton
Simulink_Linear_Loop,v54,10,1,1.0,4,direct_newton
Simulink_Linear_Loop,v71,10,1,0.0,4,direct_newton
Simulink_Linear_Loop,v54,11,1,0.0,4,direct_newton
Simulink_Linear_Loop,v71,11,1,0.0,4,direct_newton
Simulink_Linear_Loop,v54,12,1,1.0,3,direct_newton
Simulink_Linear_Loop,v71,12,1,0.0,3,direct_newton
Simulink_Linear_Loop,v54,13,1,0.0,4,direct_newton
Simulink_Linear_Loop,v71,13,1,0.0,4,direct_newton
Simulink_Linear_Loop,v54,14,1,0.0,3,direct_newton
Simulink_Linear_Loop,v71,14,1,1.0,3,direct_newton
Simulink_Linear_Loop,v54,15,1,0.0,4,direct_newton
Simulink_Linear_Loop,v71,15,1,0.0,4,direct_newton
Simulink_Linear_Loop,v54,16,1,0.0,3,direct_newton
Simulink_Linear_Loop,v71,16,1,0.0,3,direct_newton
Simulink_Linear_Loop,v54,17,1,0.0,4,direct_newton
Simulink_Linear_Loop,v71,17,1,0.0,4,direct_newton
Simulink_Linear_Loop,v54,18,1,0.0,4,direct_newton
Simulink_Linear_Loop,v71,18,1,0.0,4,direct_newton
Simulink_Linear_Loop,v54,19,1,1.0,3,direct_newton
Simulink_Linear_Loop,v71,19,1,0.0,3,direct_newton
Simulink_Linear_Loop,v54,20,1,0.0,3,direct_newton
Simulink_Linear_Loop,v71,20,1,0.0,3,direct_newton
Simulink_Linear_Loop,v54,21,1,0.0,4,direct_newton
Simulink_Linear_Loop,v71,21,1,1.0,4,direct_newton
Simulink_Linear_Loop,v54,22,1,0.0,4,direct_newton
Simulink_Linear_Loop,v71,22,1,0.0,4,direct_newton
Simulink_Linear_Loop,v54,23,1,0.0,4,direct_newton
Simulink_Linear_Loop,v71,23,1,1.0,4,direct_newton
Simulink_Linear_Loop,v54,24,1,0.0,4,direct_newton
Simulink_Linear_Loop,v71,24,1,0.0,4,direct_newton
Simulink_Linear_Loop,v54,25,1,0.0,3,direct_newton
Simulink_Linear_Loop,v71,25,1,0.0,3,direct_newton
Simulink_Linear_Loop,v54,26,1,1.0,3,direct_newton
Simulink_Linear_Loop,v71,26,1,0.0,3,direct_newton
Simulink_Linear_Loop,v54,27,1,0.0,3,direct_newton
Simulink_Linear_Loop,v71,27,1,0.0,3,direct_newton
Simulink_Linear_Loop,v54,28,1,0.0,4,direct_newton
Simulink_Linear_Loop,v71,28,1,1.0,4,direct_newton
Simulink_Linear_Loop,v54,29,1,0.0,3,direct_newton
Simulink_Linear_Loop,v71,29,1,0.0,3,direct_newton
Simulink_Nonlinear_Loop,v54,0,1,276.0,33326,hgca_cma_refined
Simulink_Nonlinear_Loop,v71,0,1,278.0,33326,hgca_cma_refined
Simulink_Nonlinear_Loop,v54,1,1,238.3,26593,hgca_cma_refined
Simulink_Nonlinear_Loop,v71,1,1,239.7,26593,hgca_cma_refined
Simulink_Nonlinear_Loop,v54,2,1,256.7,31354,hgca_cma_refined
Simulink_Nonlinear_Loop,v71,2,1,254.1,31354,hgca_cma_refined
Simulink_Nonlinear_Loop,v54,3,1,271.7,31877,hgca_cma_refined
Simulink_Nonlinear_Loop,v71,3,1,274.0,31877,hgca_cma_refined
Simulink_Nonlinear_Loop,v54,4,1,257.8,30242,hgca_cma_refined
Simulink_Nonlinear_Loop,v71,4,1,257.9,30242,hgca_cma_refined
Simulink_Nonlinear_Loop,v54,5,1,292.3,32657,hgca_cma_refined
Simulink_Nonlinear_Loop,v71,5,1,289.2,32657,hgca_cma_refined
Simulink_Nonlinear_Loop,v54,6,1,274.8,34999,hgca_cma_refined
Simulink_Nonlinear_Loop,v71,6,1,285.0,34999,hgca_cma_refined
Simulink_Nonlinear_Loop,v54,7,1,270.1,31999,hgca_cma_refined
Simulink_Nonlinear_Loop,v71,7,1,256.3,31999,hgca_cma_refined
Simulink_Nonlinear_Loop,v54,8,1,246.0,28581,hgca_cma_refined
Simulink_Nonlinear_Loop,v71,8,1,259.7,28581,hgca_cma_refined
Simulink_Nonlinear_Loop,v54,9,1,249.7,28323,hgca_cma_refined
Simulink_Nonlinear_Loop,v71,9,1,246.5,28323,hgca_cma_refined
Simulink_Nonlinear_Loop,v54,10,1,285.1,34142,hgca_cma_refined
Simulink_Nonlinear_Loop,v71,10,1,281.0,34142,hgca_cma_refined
Simulink_Nonlinear_Loop,v54,11,1,287.9,34459,hgca_cma_refined
Simulink_Nonlinear_Loop,v71,11,1,287.5,34459,hgca_cma_refined
Simulink_Nonlinear_Loop,v54,12,1,284.8,34382,hgca_cma_refined
Simulink_Nonlinear_Loop,v71,12,1,285.9,34382,hgca_cma_refined
Simulink_Nonlinear_Loop,v54,13,1,269.6,31902,hgca_cma_refined
Simulink_Nonlinear_Loop,v71,13,1,269.0,31902,hgca_cma_refined
Simulink_Nonlinear_Loop,v54,14,1,262.9,31861,hgca_cma_refined
Simulink_Nonlinear_Loop,v71,14,1,331.2,31861,hgca_cma_refined
Simulink_Nonlinear_Loop,v54,15,1,313.3,33741,hgca_cma_refined
Simulink_Nonlinear_Loop,v71,15,1,283.1,33741,hgca_cma_refined
Simulink_Nonlinear_Loop,v54,16,1,278.2,30203,hgca_cma_refined
Simulink_Nonlinear_Loop,v71,16,1,268.1,30203,hgca_cma_refined
Simulink_Nonlinear_Loop,v54,17,1,266.3,31949,hgca_cma_refined
Simulink_Nonlinear_Loop,v71,17,1,262.3,31949,hgca_cma_refined
Simulink_Nonlinear_Loop,v54,18,1,285.8,32523,hgca_cma_refined
Simulink_Nonlinear_Loop,v71,18,1,283.7,32523,hgca_cma_refined
Simulink_Nonlinear_Loop,v54,19,1,264.1,31035,hgca_cma_refined
Simulink_Nonlinear_Loop,v71,19,1,269.1,31035,hgca_cma_refined
Simulink_Nonlinear_Loop,v54,20,1,269.4,32009,hgca_cma_refined
Simulink_Nonlinear_Loop,v71,20,1,270.0,32009,hgca_cma_refined
Simulink_Nonlinear_Loop,v54,21,1,284.8,33435,hgca_cma_refined
Simulink_Nonlinear_Loop,v71,21,1,288.0,33435,hgca_cma_refined
Simulink_Nonlinear_Loop,v54,22,1,272.8,33799,hgca_cma_refined
Simulink_Nonlinear_Loop,v71,22,1,266.7,33799,hgca_cma_refined
Simulink_Nonlinear_Loop,v54,23,1,281.8,33203,hgca_cma_refined
Simulink_Nonlinear_Loop,v71,23,1,281.8,33203,hgca_cma_refined
Simulink_Nonlinear_Loop,v54,24,1,271.1,33056,hgca_cma_refined
Simulink_Nonlinear_Loop,v71,24,1,269.0,33056,hgca_cma_refined
Simulink_Nonlinear_Loop,v54,25,1,239.8,25725,hgca_cma_refined
Simulink_Nonlinear_Loop,v71,25,1,238.6,25725,hgca_cma_refined
Simulink_Nonlinear_Loop,v54,26,1,274.0,33758,hgca_cma_refined
Simulink_Nonlinear_Loop,v71,26,1,269.4,33758,hgca_cma_refined
Simulink_Nonlinear_Loop,v54,27,1,273.7,31802,hgca_cma_refined
Simulink_Nonlinear_Loop,v71,27,1,276.6,31802,hgca_cma_refined
Simulink_Nonlinear_Loop,v54,28,1,273.1,31327,hgca_cma_refined
Simulink_Nonlinear_Loop,v71,28,1,269.4,31327,hgca_cma_refined
Simulink_Nonlinear_Loop,v54,29,1,273.6,32085,hgca_cma_refined
Simulink_Nonlinear_Loop,v71,29,1,277.2,32085,hgca_cma_refined
Wood_4D,v54,0,1,70.0,8305,hgca_cma_refined
Wood_4D,v71,0,1,70.0,8305,hgca_cma_refined
Wood_4D,v54,1,1,2.0,50,direct_newton
Wood_4D,v71,1,1,1.0,50,direct_newton
Wood_4D,v54,2,1,2.0,48,direct_newton
Wood_4D,v71,2,1,1.0,48,direct_newton
Wood_4D,v54,3,1,2.0,51,direct_newton
Wood_4D,v71,3,1,2.0,51,direct_newton
Wood_4D,v54,4,1,24.0,0,homotopy_direct
Wood_4D,v71,4,1,26.3,0,homotopy_direct
Wood_4D,v54,5,1,82.5,8298,hgca_cma_refined
Wood_4D,v71,5,1,84.0,8298,hgca_cma_refined
Wood_4D,v54,6,1,69.3,8297,hgca_cma_refined
Wood_4D,v71,6,1,71.0,8297,hgca_cma_refined
Wood_4D,v54,7,1,106.0,8296,hgca_cma_refined
Wood_4D,v71,7,1,104.1,8296,hgca_cma_refined
Wood_4D,v54,8,1,74.9,8298,hgca_cma_refined
Wood_4D,v71,8,1,76.6,8298,hgca_cma_refined
Wood_4D,v54,9,1,77.0,8298,hgca_cma_refined
Wood_4D,v71,9,1,76.0,8298,hgca_cma_refined
Wood_4D,v54,10,1,76.0,8301,hgca_cma_refined
Wood_4D,v71,10,1,76.0,8301,hgca_cma_refined
Wood_4D,v54,11,1,69.0,8305,hgca_cma_refined
Wood_4D,v71,11,1,69.0,8305,hgca_cma_refined
Wood_4D,v54,12,1,89.0,8302,hgca_cma_refined
Wood_4D,v71,12,1,90.0,8302,hgca_cma_refined
Wood_4D,v54,13,1,99.5,8310,hgca_cma_refined
Wood_4D,v71,13,1,98.0,8310,hgca_cma_refined
Wood_4D,v54,14,1,97.0,8304,hgca_cma_refined
Wood_4D,v71,14,1,99.0,8304,hgca_cma_refined
Wood_4D,v54,15,1,89.0,8303,hgca_cma_refined
Wood_4D,v71,15,1,83.0,8303,hgca_cma_refined
Wood_4D,v54,16,1,94.0,8301,hgca_cma_refined
Wood_4D,v71,16,1,95.2,8301,hgca_cma_refined
Wood_4D,v54,17,1,1.0,49,direct_newton
Wood_4D,v71,17,1,2.0,49,direct_newton
Wood_4D,v54,18,1,78.0,8305,hgca_cma_refined
Wood_4D,v71,18,1,79.0,8305,hgca_cma_refined
Wood_4D,v54,19,1,2.0,50,direct_newton
Wood_4D,v71,19,1,1.0,50,direct_newton
Wood_4D,v54,20,1,2.0,49,direct_newton
Wood_4D,v71,20,1,1.0,49,direct_newton
Wood_4D,v54,21,1,2.0,53,direct_newton
Wood_4D,v71,21,1,2.0,53,direct_newton
Wood_4D,v54,22,1,76.1,8302,hgca_cma_refined
Wood_4D,v71,22,1,77.9,8302,hgca_cma_refined
Wood_4D,v54,23,1,33.0,0,homotopy_direct
Wood_4D,v71,23,1,34.0,0,homotopy_direct
Wood_4D,v54,24,1,88.0,8299,hgca_cma_refined
Wood_4D,v71,24,1,84.0,8299,hgca_cma_refined
Wood_4D,v54,25,1,2.0,52,direct_newton
Wood_4D,v71,25,1,2.0,52,direct_newton
Wood_4D,v54,26,1,25.0,0,homotopy_direct
Wood_4D,v71,26,1,24.0,0,homotopy_direct
Wood_4D,v54,27,1,76.0,8295,hgca_cma_refined
Wood_4D,v71,27,1,81.0,8295,hgca_cma_refined
Wood_4D,v54,28,1,2.0,51,direct_newton
Wood_4D,v71,28,1,1.0,51,direct_newton
Wood_4D,v54,29,1,86.0,7544,hgca_cma_refined
Wood_4D,v71,29,1,87.0,7544,hgca_cma_refined
Wood_4D_C,v54,0,1,2.0,64,direct_newton
Wood_4D_C,v71,0,1,2.0,64,direct_newton
Wood_4D_C,v54,1,1,2.0,62,direct_newton
Wood_4D_C,v71,1,1,2.0,62,direct_newton
Wood_4D_C,v54,2,1,2.0,55,direct_newton
Wood_4D_C,v71,2,1,2.0,55,direct_newton
Wood_4D_C,v54,3,1,19.0,0,homotopy_direct
Wood_4D_C,v71,3,1,19.0,0,homotopy_direct
Wood_4D_C,v54,4,1,2.0,60,direct_newton
Wood_4D_C,v71,4,1,2.0,60,direct_newton
Wood_4D_C,v54,5,1,2.0,55,direct_newton
Wood_4D_C,v71,5,1,1.0,55,direct_newton
Wood_4D_C,v54,6,1,2.0,57,direct_newton
Wood_4D_C,v71,6,1,2.0,57,direct_newton
Wood_4D_C,v54,7,1,81.0,6820,hgca_cma_refined
Wood_4D_C,v71,7,1,81.5,6820,hgca_cma_refined
Wood_4D_C,v54,8,1,80.4,6814,hgca_cma_refined
Wood_4D_C,v71,8,1,84.6,6814,hgca_cma_refined
Wood_4D_C,v54,9,1,1.0,59,direct_newton
Wood_4D_C,v71,9,1,3.0,59,direct_newton
Wood_4D_C,v54,10,1,78.5,6804,hgca_cma_refined
Wood_4D_C,v71,10,1,75.0,6804,hgca_cma_refined
Wood_4D_C,v54,11,1,4.0,0,homotopy_direct
Wood_4D_C,v71,11,1,4.0,0,homotopy_direct
Wood_4D_C,v54,12,1,79.0,6812,hgca_cma_refined
Wood_4D_C,v71,12,1,78.0,6812,hgca_cma_refined
Wood_4D_C,v54,13,1,73.0,6805,hgca_cma_refined
Wood_4D_C,v71,13,1,71.0,6805,hgca_cma_refined
Wood_4D_C,v54,14,1,2.0,61,direct_newton
Wood_4D_C,v71,14,1,2.0,61,direct_newton
Wood_4D_C,v54,15,1,2.0,54,direct_newton
Wood_4D_C,v71,15,1,1.0,54,direct_newton
Wood_4D_C,v54,16,1,2.0,60,direct_newton
Wood_4D_C,v71,16,1,2.0,60,direct_newton
Wood_4D_C,v54,17,1,2.0,56,direct_newton
Wood_4D_C,v71,17,1,2.0,56,direct_newton
Wood_4D_C,v54,18,1,79.1,6803,hgca_cma_refined
Wood_4D_C,v71,18,1,78.5,6803,hgca_cma_refined
Wood_4D_C,v54,19,1,2.0,55,direct_newton
Wood_4D_C,v71,19,1,1.0,55,direct_newton
Wood_4D_C,v54,20,1,2.0,59,direct_newton
Wood_4D_C,v71,20,1,2.0,59,direct_newton
Wood_4D_C,v54,21,1,31.9,0,homotopy_direct
Wood_4D_C,v71,21,1,32.0,0,homotopy_direct
Wood_4D_C,v54,22,1,2.0,59,direct_newton
Wood_4D_C,v71,22,1,1.1,59,direct_newton
Wood_4D_C,v54,23,1,2.0,66,direct_newton
Wood_4D_C,v71,23,1,2.9,66,direct_newton
Wood_4D_C,v54,24,1,1.0,60,direct_newton
Wood_4D_C,v71,24,1,2.1,60,direct_newton
Wood_4D_C,v54,25,1,2.0,61,direct_newton
Wood_4D_C,v71,25,1,2.0,61,direct_newton
Wood_4D_C,v54,26,1,1.9,62,direct_newton
Wood_4D_C,v71,26,1,2.1,62,direct_newton
Wood_4D_C,v54,27,1,72.0,6808,hgca_cma_refined
Wood_4D_C,v71,27,1,72.0,6808,hgca_cma_refined
Wood_4D_C,v54,28,1,2.0,58,direct_newton
Wood_4D_C,v71,28,1,1.9,58,direct_newton
Wood_4D_C,v54,29,1,2.0,60,direct_newton
Wood_4D_C,v71,29,1,1.0,60,direct_newton
Wood_4D_E,v54,0,1,24.0,0,homotopy_direct
Wood_4D_E,v71,0,1,25.0,0,homotopy_direct
Wood_4D_E,v54,1,1,2.0,65,direct_newton
Wood_4D_E,v71,1,1,2.0,65,direct_newton
Wood_4D_E,v54,2,1,2.1,55,direct_newton
Wood_4D_E,v71,2,1,1.0,55,direct_newton
Wood_4D_E,v54,3,1,25.0,0,homotopy_direct
Wood_4D_E,v71,3,1,25.0,0,homotopy_direct
Wood_4D_E,v54,4,1,2.0,57,direct_newton
Wood_4D_E,v71,4,1,2.0,57,direct_newton
Wood_4D_E,v54,5,1,1.0,53,direct_newton
Wood_4D_E,v71,5,1,2.0,53,direct_newton
Wood_4D_E,v54,6,1,2.0,56,direct_newton
Wood_4D_E,v71,6,1,1.0,56,direct_newton
Wood_4D_E,v54,7,1,72.9,6049,hgca_cma_refined
Wood_4D_E,v71,7,1,73.0,6049,hgca_cma_refined
Wood_4D_E,v54,8,1,12.1,0,homotopy_direct
Wood_4D_E,v71,8,1,12.0,0,homotopy_direct
Wood_4D_E,v54,9,1,1.0,57,direct_newton
Wood_4D_E,v71,9,1,2.0,57,direct_newton
Wood_4D_E,v54,10,1,2.0,59,direct_newton
Wood_4D_E,v71,10,1,2.0,59,direct_newton
Wood_4D_E,v54,11,1,3.0,59,direct_newton
Wood_4D_E,v71,11,1,2.0,59,direct_newton
Wood_4D_E,v54,12,1,2.0,59,direct_newton
Wood_4D_E,v71,12,1,1.9,59,direct_newton
Wood_4D_E,v54,13,1,2.1,63,direct_newton
Wood_4D_E,v71,13,1,1.9,63,direct_newton
Wood_4D_E,v54,14,1,2.1,65,direct_newton
Wood_4D_E,v71,14,1,1.9,65,direct_newton
Wood_4D_E,v54,15,1,3.1,59,direct_newton
Wood_4D_E,v71,15,1,1.0,59,direct_newton
Wood_4D_E,v54,16,1,2.0,59,direct_newton
Wood_4D_E,v71,16,1,2.0,59,direct_newton
Wood_4D_E,v54,17,1,2.0,59,direct_newton
Wood_4D_E,v71,17,1,2.0,59,direct_newton
Wood_4D_E,v54,18,1,1.0,53,direct_newton
Wood_4D_E,v71,18,1,1.9,53,direct_newton
Wood_4D_E,v54,19,1,2.0,56,direct_newton
Wood_4D_E,v71,19,1,2.0,56,direct_newton
Wood_4D_E,v54,20,1,2.0,59,direct_newton
Wood_4D_E,v71,20,1,2.0,59,direct_newton
Wood_4D_E,v54,21,1,31.0,0,homotopy_direct
Wood_4D_E,v71,21,1,31.0,0,homotopy_direct
Wood_4D_E,v54,22,1,2.0,57,direct_newton
Wood_4D_E,v71,22,1,2.0,57,direct_newton
Wood_4D_E,v54,23,1,2.0,62,direct_newton
Wood_4D_E,v71,23,1,2.0,62,direct_newton
Wood_4D_E,v54,24,1,2.0,58,direct_newton
Wood_4D_E,v71,24,1,2.0,58,direct_newton
Wood_4D_E,v54,25,1,2.0,59,direct_newton
Wood_4D_E,v71,25,1,1.0,59,direct_newton
Wood_4D_E,v54,26,1,1.0,55,direct_newton
Wood_4D_E,v71,26,1,2.0,55,direct_newton
Wood_4D_E,v54,27,1,11.0,0,homotopy_direct
Wood_4D_E,v71,27,1,12.1,0,homotopy_direct
Wood_4D_E,v54,28,1,55.0,6071,hgca_cma_refined
Wood_4D_E,v71,28,1,53.0,6071,hgca_cma_refined
Wood_4D_E,v54,29,1,2.0,56,direct_newton
Wood_4D_E,v71,29,1,2.0,56,direct_newton
Wood_4D_H,v54,0,1,86.0,7562,hgca_cma_refined
Wood_4D_H,v71,0,1,88.0,7562,hgca_cma_refined
Wood_4D_H,v54,1,1,2.0,59,direct_newton
Wood_4D_H,v71,1,1,2.0,59,direct_newton
Wood_4D_H,v54,2,1,77.0,7552,hgca_cma_refined
Wood_4D_H,v71,2,1,77.0,7552,hgca_cma_refined
Wood_4D_H,v54,3,1,71.0,7556,hgca_cma_refined
Wood_4D_H,v71,3,1,73.2,7556,hgca_cma_refined
Wood_4D_H,v54,4,1,1.0,50,direct_newton
Wood_4D_H,v71,4,1,2.0,50,direct_newton
Wood_4D_H,v54,5,1,77.0,7557,hgca_cma_refined
Wood_4D_H,v71,5,1,77.0,7557,hgca_cma_refined
Wood_4D_H,v54,6,1,2.0,57,direct_newton
Wood_4D_H,v71,6,1,2.0,57,direct_newton
Wood_4D_H,v54,7,1,2.0,57,direct_newton
Wood_4D_H,v71,7,1,1.0,57,direct_newton
Wood_4D_H,v54,8,1,2.0,55,direct_newton
Wood_4D_H,v71,8,1,2.0,55,direct_newton
Wood_4D_H,v54,9,1,2.0,62,direct_newton
Wood_4D_H,v71,9,1,2.0,62,direct_newton
Wood_4D_H,v54,10,1,2.0,52,direct_newton
Wood_4D_H,v71,10,1,1.0,52,direct_newton
Wood_4D_H,v54,11,1,2.0,54,direct_newton
Wood_4D_H,v71,11,1,2.0,54,direct_newton
Wood_4D_H,v54,12,1,24.0,0,homotopy_direct
Wood_4D_H,v71,12,1,26.1,0,homotopy_direct
Wood_4D_H,v54,13,1,2.0,51,direct_newton
Wood_4D_H,v71,13,1,2.0,51,direct_newton
Wood_4D_H,v54,14,1,1.0,50,direct_newton
Wood_4D_H,v71,14,1,2.0,50,direct_newton
Wood_4D_H,v54,15,1,77.6,7550,hgca_cma_refined
Wood_4D_H,v71,15,1,77.0,7550,hgca_cma_refined
Wood_4D_H,v54,16,1,71.0,7573,hgca_cma_refined
Wood_4D_H,v71,16,1,73.0,7573,hgca_cma_refined
Wood_4D_H,v54,17,1,2.0,51,direct_newton
Wood_4D_H,v71,17,1,1.0,51,direct_newton
Wood_4D_H,v54,18,1,2.0,52,direct_newton
Wood_4D_H,v71,18,1,1.0,52,direct_newton
Wood_4D_H,v54,19,1,2.0,55,direct_newton
Wood_4D_H,v71,19,1,2.0,55,direct_newton
Wood_4D_H,v54,20,1,2.0,51,direct_newton
Wood_4D_H,v71,20,1,1.0,51,direct_newton
Wood_4D_H,v54,21,1,26.0,0,homotopy_direct
Wood_4D_H,v71,21,1,26.0,0,homotopy_direct
Wood_4D_H,v54,22,1,12.0,0,homotopy_direct
Wood_4D_H,v71,22,1,13.0,0,homotopy_direct
Wood_4D_H,v54,23,1,2.0,52,direct_newton
Wood_4D_H,v71,23,1,2.0,52,direct_newton
Wood_4D_H,v54,24,1,102.7,7573,hgca_cma_refined
Wood_4D_H,v71,24,1,104.0,7573,hgca_cma_refined
Wood_4D_H,v54,25,1,18.0,0,homotopy_direct
Wood_4D_H,v71,25,1,18.0,0,homotopy_direct
Wood_4D_H,v54,26,1,73.0,7562,hgca_cma_refined
Wood_4D_H,v71,26,1,75.6,7562,hgca_cma_refined
Wood_4D_H,v54,27,1,85.7,7557,hgca_cma_refined
Wood_4D_H,v71,27,1,86.0,7557,hgca_cma_refined
Wood_4D_H,v54,28,1,2.0,58,direct_newton
Wood_4D_H,v71,28,1,1.0,58,direct_newton
Wood_4D_H,v54,29,1,18.0,0,homotopy_direct
Wood_4D_H,v71,29,1,18.0,0,homotopy_direct
Wood_4D_M,v54,0,1,1.0,47,direct_newton
Wood_4D_M,v71,0,1,2.0,47,direct_newton
Wood_4D_M,v54,1,1,2.0,49,direct_newton
Wood_4D_M,v71,1,1,2.0,49,direct_newton
Wood_4D_M,v54,2,1,26.0,0,homotopy_direct
Wood_4D_M,v71,2,1,26.0,0,homotopy_direct
Wood_4D_M,v54,3,1,1.0,48,direct_newton
Wood_4D_M,v71,3,1,2.0,48,direct_newton
Wood_4D_M,v54,4,1,2.0,50,direct_newton
Wood_4D_M,v71,4,1,1.0,50,direct_newton
Wood_4D_M,v54,5,1,4.0,47,direct_newton
Wood_4D_M,v71,5,1,1.0,47,direct_newton
Wood_4D_M,v54,6,1,2.0,49,direct_newton
Wood_4D_M,v71,6,1,1.0,49,direct_newton
Wood_4D_M,v54,7,1,108.0,8300,hgca_cma_refined
Wood_4D_M,v71,7,1,108.2,8300,hgca_cma_refined
Wood_4D_M,v54,8,1,2.0,44,direct_newton
Wood_4D_M,v71,8,1,1.0,44,direct_newton
Wood_4D_M,v54,9,1,97.0,8301,hgca_cma_refined
Wood_4D_M,v71,9,1,104.6,8301,hgca_cma_refined
Wood_4D_M,v54,10,1,90.0,8300,hgca_cma_refined
Wood_4D_M,v71,10,1,93.0,8300,hgca_cma_refined
Wood_4D_M,v54,11,1,1.0,50,direct_newton
Wood_4D_M,v71,11,1,2.0,50,direct_newton
Wood_4D_M,v54,12,1,1.0,50,direct_newton
Wood_4D_M,v71,12,1,2.0,50,direct_newton
Wood_4D_M,v54,13,1,100.2,8300,hgca_cma_refined
Wood_4D_M,v71,13,1,100.0,8300,hgca_cma_refined
Wood_4D_M,v54,14,1,2.0,55,direct_newton
Wood_4D_M,v71,14,1,2.0,55,direct_newton
Wood_4D_M,v54,15,1,33.0,0,homotopy_direct
Wood_4D_M,v71,15,1,31.7,0,homotopy_direct
Wood_4D_M,v54,16,1,115.0,8302,hgca_cma_refined
Wood_4D_M,v71,16,1,113.0,8302,hgca_cma_refined
Wood_4D_M,v54,17,1,1.0,47,direct_newton
Wood_4D_M,v71,17,1,2.0,47,direct_newton
Wood_4D_M,v54,18,1,2.0,50,direct_newton
Wood_4D_M,v71,18,1,1.0,50,direct_newton
Wood_4D_M,v54,19,1,2.0,49,direct_newton
Wood_4D_M,v71,19,1,1.0,49,direct_newton
Wood_4D_M,v54,20,1,97.4,8301,hgca_cma_refined
Wood_4D_M,v71,20,1,91.0,8301,hgca_cma_refined
Wood_4D_M,v54,21,1,100.9,8308,hgca_cma_refined
Wood_4D_M,v71,21,1,96.0,8308,hgca_cma_refined
Wood_4D_M,v54,22,1,113.8,8306,hgca_cma_refined
Wood_4D_M,v71,22,1,115.2,8306,hgca_cma_refined
Wood_4D_M,v54,23,1,88.0,7556,hgca_cma_refined
Wood_4D_M,v71,23,1,88.0,7556,hgca_cma_refined
Wood_4D_M,v54,24,1,1.0,44,direct_newton
Wood_4D_M,v71,24,1,1.0,44,direct_newton
Wood_4D_M,v54,25,1,93.0,9062,hgca_cma_refined
Wood_4D_M,v71,25,1,94.6,9062,hgca_cma_refined
Wood_4D_M,v54,26,1,1.0,50,direct_newton
Wood_4D_M,v71,26,1,2.0,50,direct_newton
Wood_4D_M,v54,27,1,1.0,49,direct_newton
Wood_4D_M,v71,27,1,1.9,49,direct_newton
Wood_4D_M,v54,28,1,78.4,7551,hgca_cma_refined
Wood_4D_M,v71,28,1,81.0,7551,hgca_cma_refined
Wood_4D_M,v54,29,1,2.0,48,direct_newton
Wood_4D_M,v71,29,1,1.0,48,direct_newton
