problem,solver,run,conv,time_ms,nit,stage
Beale_2D,v54,0,1,55.2,0,homotopy_direct
Beale_2D,v70,0,1,51.1,0,homotopy_direct
Beale_2D,v54,1,1,51.0,0,homotopy_direct
Beale_2D,v70,1,1,52.0,0,homotopy_direct
Beale_2D,v54,2,1,51.5,0,homotopy_direct
Beale_2D,v70,2,1,50.5,0,homotopy_direct
Beale_2D,v54,3,1,54.6,0,homotopy_direct
Beale_2D,v70,3,1,52.0,0,homotopy_direct
Beale_2D,v54,4,1,47.0,0,homotopy_direct
Beale_2D,v70,4,1,46.0,0,homotopy_direct
Beale_2D,v54,5,1,49.5,0,homotopy_direct
Beale_2D,v70,5,1,46.2,0,homotopy_direct
Beale_2D,v54,6,1,37.0,0,homotopy_direct
Beale_2D,v70,6,1,39.0,0,homotopy_direct
Beale_2D,v54,7,1,51.0,0,homotopy_direct
Beale_2D,v70,7,1,46.0,0,homotopy_direct
Beale_2D,v54,8,1,43.0,0,homotopy_direct
Beale_2D,v70,8,1,43.0,0,homotopy_direct
Beale_2D,v54,9,1,46.0,0,homotopy_direct
Beale_2D,v70,9,1,47.0,0,homotopy_direct
Beale_2D,v54,10,1,86.3,0,homotopy_direct
Beale_2D,v70,10,1,46.5,0,homotopy_direct
Beale_2D,v54,11,1,46.7,0,homotopy_direct
Beale_2D,v70,11,1,48.0,0,homotopy_direct
Beale_2D,v54,12,1,49.0,0,homotopy_direct
Beale_2D,v70,12,1,46.4,0,homotopy_direct
Beale_2D,v54,13,1,52.2,0,homotopy_direct
Beale_2D,v70,13,1,53.0,0,homotopy_direct
Beale_2D,v54,14,1,52.0,0,homotopy_direct
Beale_2D,v70,14,1,52.6,0,homotopy_direct
Beale_2D,v54,15,1,38.0,0,homotopy_direct
Beale_2D,v70,15,1,38.0,0,homotopy_direct
Beale_2D,v54,16,1,45.1,0,homotopy_direct
Beale_2D,v70,16,1,44.0,0,homotopy_direct
Beale_2D,v54,17,1,52.9,0,homotopy_direct
Beale_2D,v70,17,1,54.0,0,homotopy_direct
Beale_2D,v54,18,1,50.1,0,homotopy_direct
Beale_2D,v70,18,1,52.0,0,homotopy_direct
Beale_2D,v54,19,1,52.0,0,homotopy_direct
Beale_2D,v70,19,1,55.9,0,homotopy_direct
Beale_2D,v54,20,1,39.5,0,homotopy_direct
Beale_2D,v70,20,1,52.0,0,homotopy_direct
Beale_2D,v54,21,1,51.1,0,homotopy_direct
Beale_2D,v70,21,1,51.7,0,homotopy_direct
Beale_2D,v54,22,1,42.9,0,homotopy_direct
Beale_2D,v70,22,1,39.0,0,homotopy_direct
Beale_2D,v54,23,1,39.2,0,homotopy_direct
Beale_2D,v70,23,1,36.0,0,homotopy_direct
Beale_2D,v54,24,1,49.0,0,homotopy_direct
Beale_2D,v70,24,1,56.0,0,homotopy_direct
Beale_2D,v54,25,1,0.0,24,direct_newton
Beale_2D,v70,25,1,1.0,24,direct_newton
Beale_2D,v54,26,1,44.0,0,homotopy_direct
Beale_2D,v70,26,1,46.0,0,homotopy_direct
Beale_2D,v54,27,1,51.0,0,homotopy_direct
Beale_2D,v70,27,1,53.0,0,homotopy_direct
Beale_2D,v54,28,1,38.0,0,homotopy_direct
Beale_2D,v70,28,1,38.0,0,homotopy_direct
Beale_2D,v54,29,1,32.0,0,homotopy_direct
Beale_2D,v70,29,1,33.0,0,homotopy_direct
Beale_2D_C,v54,0,1,233.0,25888,hgca_cma_refined
Beale_2D_C,v70,0,1,233.0,25888,hgca_cma_refined
Beale_2D_C,v54,1,1,177.0,18321,hgca_cma_refined
Beale_2D_C,v70,1,1,181.6,18321,hgca_cma_refined
Beale_2D_C,v54,2,1,211.3,22688,hgca_cma_refined
Beale_2D_C,v70,2,1,212.4,22688,hgca_cma_refined
Beale_2D_C,v54,3,1,172.2,17080,hgca_cma_refined
Beale_2D_C,v70,3,1,171.9,17080,hgca_cma_refined
Beale_2D_C,v54,4,1,214.3,22936,hgca_cma_refined
Beale_2D_C,v70,4,1,214.3,22936,hgca_cma_refined
Beale_2D_C,v54,5,1,177.2,17953,hgca_cma_refined
Beale_2D_C,v70,5,1,178.3,17953,hgca_cma_refined
Beale_2D_C,v54,6,1,238.6,25768,hgca_cma_refined
Beale_2D_C,v70,6,1,232.3,25768,hgca_cma_refined
Beale_2D_C,v54,7,1,218.7,23824,hgca_cma_refined
Beale_2D_C,v70,7,1,215.1,23824,hgca_cma_refined
Beale_2D_C,v54,8,1,164.2,16560,hgca_cma_refined
Beale_2D_C,v70,8,1,167.6,16560,hgca_cma_refined
Beale_2D_C,v54,9,1,209.0,22231,hgca_cma_refined
Beale_2D_C,v70,9,1,207.8,22231,hgca_cma_refined
Beale_2D_C,v54,10,1,232.0,25816,hgca_cma_refined
Beale_2D_C,v70,10,1,233.5,25816,hgca_cma_refined
Beale_2D_C,v54,11,1,207.7,22216,hgca_cma_refined
Beale_2D_C,v70,11,1,369.0,22216,hgca_cma_refined
Beale_2D_C,v54,12,1,514.0,17913,hgca_cma_refined
Beale_2D_C,v70,12,1,540.2,17913,hgca_cma_refined
Beale_2D_C,v54,13,1,635.4,24656,hgca_cma_refined
Beale_2D_C,v70,13,1,666.9,24656,hgca_cma_refined
Beale_2D_C,v54,14,1,639.2,22991,hgca_cma_refined
Beale_2D_C,v70,14,1,560.4,22991,hgca_cma_refined
Beale_2D_C,v54,15,1,567.0,18993,hgca_cma_refined
Beale_2D_C,v70,15,1,511.0,18993,hgca_cma_refined
Beale_2D_C,v54,16,1,680.9,24528,hgca_cma_refined
Beale_2D_C,v70,16,1,561.7,24528,hgca_cma_refined
Beale_2D_C,v54,17,1,644.0,25208,hgca_cma_refined
Beale_2D_C,v70,17,1,640.2,25208,hgca_cma_refined
Beale_2D_C,v54,18,1,495.0,17401,hgca_cma_refined
Beale_2D_C,v70,18,1,470.5,17401,hgca_cma_refined
Beale_2D_C,v54,19,1,531.1,21888,hgca_cma_refined
Beale_2D_C,v70,19,1,567.0,21888,hgca_cma_refined
Beale_2D_C,v54,20,1,621.0,25984,hgca_cma_refined
Beale_2D_C,v70,20,1,618.7,25984,hgca_cma_refined
Beale_2D_C,v54,21,1,388.6,18153,hgca_cma_refined
Beale_2D_C,v70,21,1,447.5,18153,hgca_cma_refined
Beale_2D_C,v54,22,1,543.5,19897,hgca_cma_refined
Beale_2D_C,v70,22,1,352.7,19897,hgca_cma_refined
Beale_2D_C,v54,23,1,534.7,18969,hgca_cma_refined
Beale_2D_C,v70,23,1,553.3,18969,hgca_cma_refined
Beale_2D_C,v54,24,1,630.3,23296,hgca_cma_refined
Beale_2D_C,v70,24,1,489.2,23296,hgca_cma_refined
Beale_2D_C,v54,25,1,582.0,20001,hgca_cma_refined
Beale_2D_C,v70,25,1,545.3,20001,hgca_cma_refined
Beale_2D_C,v54,26,1,641.0,22760,hgca_cma_refined
Beale_2D_C,v70,26,1,606.1,22760,hgca_cma_refined
Beale_2D_C,v54,27,1,469.7,18217,hgca_cma_refined
Beale_2D_C,v70,27,1,572.8,18217,hgca_cma_refined
Beale_2D_C,v54,28,1,672.1,24759,hgca_cma_refined
Beale_2D_C,v70,28,1,627.4,24759,hgca_cma_refined
Beale_2D_C,v54,29,1,549.0,19305,hgca_cma_refined
Beale_2D_C,v70,29,1,567.9,19305,hgca_cma_refined
Beale_2D_E,v54,0,1,718.4,26361,hgca_cma_refined
Beale_2D_E,v70,0,1,693.1,26361,hgca_cma_refined
Beale_2D_E,v54,1,1,459.8,20242,hgca_cma_refined
Beale_2D_E,v70,1,1,398.9,20242,hgca_cma_refined
Beale_2D_E,v54,2,1,221.8,19578,hgca_cma_refined
Beale_2D_E,v70,2,1,223.0,19578,hgca_cma_refined
Beale_2D_E,v54,3,1,298.2,23961,hgca_cma_refined
Beale_2D_E,v70,3,1,263.2,23961,hgca_cma_refined
Beale_2D_E,v54,4,1,286.8,25233,hgca_cma_refined
Beale_2D_E,v70,4,1,356.7,25233,hgca_cma_refined
Beale_2D_E,v54,5,1,592.8,27225,hgca_cma_refined
Beale_2D_E,v70,5,1,755.1,27225,hgca_cma_refined
Beale_2D_E,v54,6,1,433.5,26033,hgca_cma_refined
Beale_2D_E,v70,6,1,404.6,26033,hgca_cma_refined
Beale_2D_E,v54,7,1,694.8,27417,hgca_cma_refined
Beale_2D_E,v70,7,1,719.9,27417,hgca_cma_refined
Beale_2D_E,v54,8,1,425.3,25505,hgca_cma_refined
Beale_2D_E,v70,8,1,302.2,25505,hgca_cma_refined
Beale_2D_E,v54,9,1,268.1,24585,hgca_cma_refined
Beale_2D_E,v70,9,1,282.0,24585,hgca_cma_refined
Beale_2D_E,v54,10,1,380.3,25305,hgca_cma_refined
Beale_2D_E,v70,10,1,464.0,25305,hgca_cma_refined
Beale_2D_E,v54,11,1,681.1,25425,hgca_cma_refined
Beale_2D_E,v70,11,1,640.9,25425,hgca_cma_refined
Beale_2D_E,v54,12,1,664.0,24977,hgca_cma_refined
Beale_2D_E,v70,12,1,673.2,24977,hgca_cma_refined
Beale_2D_E,v54,13,1,685.3,26593,hgca_cma_refined
Beale_2D_E,v70,13,1,318.6,26593,hgca_cma_refined
Beale_2D_E,v54,14,1,401.5,26769,hgca_cma_refined
Beale_2D_E,v70,14,1,683.8,26769,hgca_cma_refined
Beale_2D_E,v54,15,1,683.0,26545,hgca_cma_refined
Beale_2D_E,v70,15,1,343.3,26545,hgca_cma_refined
Beale_2D_E,v54,16,1,289.0,24425,hgca_cma_refined
Beale_2D_E,v70,16,1,530.4,24425,hgca_cma_refined
Beale_2D_E,v54,17,1,688.5,25153,hgca_cma_refined
Beale_2D_E,v70,17,1,667.0,25153,hgca_cma_refined
Beale_2D_E,v54,18,1,750.5,26809,hgca_cma_refined
Beale_2D_E,v70,18,1,764.0,26809,hgca_cma_refined
Beale_2D_E,v54,19,1,624.0,23058,hgca_cma_refined
Beale_2D_E,v70,19,1,628.0,23058,hgca_cma_refined
Beale_2D_E,v54,20,1,730.4,27281,hgca_cma_refined
Beale_2D_E,v70,20,1,713.2,27281,hgca_cma_refined
Beale_2D_E,v54,21,1,664.4,23554,hgca_cma_refined
Beale_2D_E,v70,21,1,644.0,23554,hgca_cma_refined
Beale_2D_E,v54,22,1,717.2,26441,hgca_cma_refined
Beale_2D_E,v70,22,1,442.7,26441,hgca_cma_refined
Beale_2D_E,v54,23,1,312.6,25809,hgca_cma_refined
Beale_2D_E,v70,23,1,264.2,25809,hgca_cma_refined
Beale_2D_E,v54,24,1,285.6,25409,hgca_cma_refined
Beale_2D_E,v70,24,1,250.0,25409,hgca_cma_refined
Beale_2D_E,v54,25,1,240.0,24369,hgca_cma_refined
Beale_2D_E,v70,25,1,252.0,24369,hgca_cma_refined
Beale_2D_E,v54,26,1,267.0,26793,hgca_cma_refined
Beale_2D_E,v70,26,1,326.0,26793,hgca_cma_refined
Beale_2D_E,v54,27,1,301.8,27601,hgca_cma_refined
Beale_2D_E,v70,27,1,390.8,27601,hgca_cma_refined
Beale_2D_E,v54,28,1,664.1,24849,hgca_cma_refined
Beale_2D_E,v70,28,1,534.9,24849,hgca_cma_refined
Beale_2D_E,v54,29,1,485.1,27233,hgca_cma_refined
Beale_2D_E,v70,29,1,689.7,27233,hgca_cma_refined
Beale_2D_H,v54,0,1,276.0,5598,hgca_cma_refined
Beale_2D_H,v70,0,1,393.0,5598,hgca_cma_refined
Beale_2D_H,v54,1,1,174.1,0,homotopy_direct
Beale_2D_H,v70,1,1,166.0,0,homotopy_direct
Beale_2D_H,v54,2,1,268.0,4356,hgca_cma_refined
Beale_2D_H,v70,2,1,250.0,4356,hgca_cma_refined
Beale_2D_H,v54,3,1,174.1,0,homotopy_direct
Beale_2D_H,v70,3,1,163.4,0,homotopy_direct
Beale_2D_H,v54,4,1,284.0,5438,hgca_cma_refined
Beale_2D_H,v70,4,1,272.0,5438,hgca_cma_refined
Beale_2D_H,v54,5,1,254.0,4709,hgca_cma_refined
Beale_2D_H,v70,5,1,265.0,4709,hgca_cma_refined
Beale_2D_H,v54,6,1,81.0,0,homotopy_direct
Beale_2D_H,v70,6,1,60.0,0,homotopy_direct
Beale_2D_H,v54,7,1,90.0,5654,hgca_cma_refined
Beale_2D_H,v70,7,1,89.0,5654,hgca_cma_refined
Beale_2D_H,v54,8,1,26.0,3114,hgca_cma_refined
Beale_2D_H,v70,8,1,32.0,3114,hgca_cma_refined
Beale_2D_H,v54,9,1,106.0,4581,hgca_cma_refined
Beale_2D_H,v70,9,1,117.5,4581,hgca_cma_refined
Beale_2D_H,v54,10,1,154.2,5005,hgca_cma_refined
Beale_2D_H,v70,10,1,273.0,5005,hgca_cma_refined
Beale_2D_H,v54,11,1,160.5,4220,hgca_cma_refined
Beale_2D_H,v70,11,1,199.3,4220,hgca_cma_refined
Beale_2D_H,v54,12,1,61.0,3091,hgca_cma_refined
Beale_2D_H,v70,12,1,60.1,3091,hgca_cma_refined
Beale_2D_H,v54,13,1,261.0,4797,hgca_cma_refined
Beale_2D_H,v70,13,1,245.4,4797,hgca_cma_refined
Beale_2D_H,v54,14,1,230.1,5470,hgca_cma_refined
Beale_2D_H,v70,14,1,271.0,5470,hgca_cma_refined
Beale_2D_H,v54,15,1,261.0,4693,hgca_cma_refined
Beale_2D_H,v70,15,1,250.0,4693,hgca_cma_refined
Beale_2D_H,v54,16,1,158.3,0,homotopy_direct
Beale_2D_H,v70,16,1,168.9,0,homotopy_direct
Beale_2D_H,v54,17,1,64.0,3130,hgca_cma_refined
Beale_2D_H,v70,17,1,64.1,3130,hgca_cma_refined
Beale_2D_H,v54,18,1,160.0,0,homotopy_direct
Beale_2D_H,v70,18,1,142.6,0,homotopy_direct
Beale_2D_H,v54,19,1,62.0,0,homotopy_direct
Beale_2D_H,v70,19,1,59.6,0,homotopy_direct
Beale_2D_H,v54,20,1,22.0,3066,hgca_cma_refined
Beale_2D_H,v70,20,1,47.0,3066,hgca_cma_refined
Beale_2D_H,v54,21,1,322.1,5622,hgca_cma_refined
Beale_2D_H,v70,21,1,196.2,5622,hgca_cma_refined
Beale_2D_H,v54,22,1,102.9,5782,hgca_cma_refined
Beale_2D_H,v70,22,1,84.0,5782,hgca_cma_refined
Beale_2D_H,v54,23,1,167.1,5382,hgca_cma_refined
Beale_2D_H,v70,23,1,139.0,5382,hgca_cma_refined
Beale_2D_H,v54,24,1,103.0,5198,hgca_cma_refined
Beale_2D_H,v70,24,1,203.0,5198,hgca_cma_refined
Beale_2D_H,v54,25,1,267.5,5077,hgca_cma_refined
Beale_2D_H,v70,25,1,259.5,5077,hgca_cma_refined
Beale_2D_H,v54,26,1,157.3,0,homotopy_direct
Beale_2D_H,v70,26,1,160.9,0,homotopy_direct
Beale_2D_H,v54,27,1,276.1,5726,hgca_cma_refined
Beale_2D_H,v70,27,1,268.0,5726,hgca_cma_refined
Beale_2D_H,v54,28,1,245.4,4452,hgca_cma_refined
Beale_2D_H,v70,28,1,238.0,4452,hgca_cma_refined
Beale_2D_H,v54,29,1,250.1,4797,hgca_cma_refined
Beale_2D_H,v70,29,1,255.5,4797,hgca_cma_refined
Beale_2D_M,v54,0,1,1.0,11,direct_newton
Beale_2D_M,v70,0,1,1.7,11,direct_newton
Beale_2D_M,v54,1,1,1.0,11,direct_newton
Beale_2D_M,v70,1,1,2.0,11,direct_newton
Beale_2D_M,v54,2,1,1.0,11,direct_newton
Beale_2D_M,v70,2,1,1.9,11,direct_newton
Beale_2D_M,v54,3,1,1.1,11,direct_newton
Beale_2D_M,v70,3,1,1.0,11,direct_newton
Beale_2D_M,v54,4,1,2.0,11,direct_newton
Beale_2D_M,v70,4,1,1.0,11,direct_newton
Beale_2D_M,v54,5,1,1.0,11,direct_newton
Beale_2D_M,v70,5,1,2.0,11,direct_newton
Beale_2D_M,v54,6,1,1.0,11,direct_newton
Beale_2D_M,v70,6,1,1.0,11,direct_newton
Beale_2D_M,v54,7,1,1.0,11,direct_newton
Beale_2D_M,v70,7,1,1.0,11,direct_newton
Beale_2D_M,v54,8,1,2.0,11,direct_newton
Beale_2D_M,v70,8,1,2.0,11,direct_newton
Beale_2D_M,v54,9,1,1.0,11,direct_newton
Beale_2D_M,v70,9,1,1.0,11,direct_newton
Beale_2D_M,v54,10,1,1.0,11,direct_newton
Beale_2D_M,v70,10,1,1.0,11,direct_newton
Beale_2D_M,v54,11,1,1.0,11,direct_newton
Beale_2D_M,v70,11,1,2.0,11,direct_newton
Beale_2D_M,v54,12,1,1.0,11,direct_newton
Beale_2D_M,v70,12,1,2.0,11,direct_newton
Beale_2D_M,v54,13,1,1.0,11,direct_newton
Beale_2D_M,v70,13,1,2.0,11,direct_newton
Beale_2D_M,v54,14,1,1.0,11,direct_newton
Beale_2D_M,v70,14,1,1.0,11,direct_newton
Beale_2D_M,v54,15,1,0.9,11,direct_newton
Beale_2D_M,v70,15,1,2.0,11,direct_newton
Beale_2D_M,v54,16,1,1.0,11,direct_newton
Beale_2D_M,v70,16,1,5.9,11,direct_newton
Beale_2D_M,v54,17,1,1.0,11,direct_newton
Beale_2D_M,v70,17,1,2.0,11,direct_newton
Beale_2D_M,v54,18,1,1.0,11,direct_newton
Beale_2D_M,v70,18,1,2.0,11,direct_newton
Beale_2D_M,v54,19,1,1.0,11,direct_newton
Beale_2D_M,v70,19,1,2.0,11,direct_newton
Beale_2D_M,v54,20,1,1.0,11,direct_newton
Beale_2D_M,v70,20,1,1.0,11,direct_newton
Beale_2D_M,v54,21,1,1.0,11,direct_newton
Beale_2D_M,v70,21,1,2.0,11,direct_newton
Beale_2D_M,v54,22,1,1.0,11,direct_newton
Beale_2D_M,v70,22,1,2.0,11,direct_newton
Beale_2D_M,v54,23,1,1.0,11,direct_newton
Beale_2D_M,v70,23,1,2.1,11,direct_newton
Beale_2D_M,v54,24,1,2.1,11,direct_newton
Beale_2D_M,v70,24,1,1.0,11,direct_newton
Beale_2D_M,v54,25,1,1.0,11,direct_newton
Beale_2D_M,v70,25,1,2.0,11,direct_newton
Beale_2D_M,v54,26,1,1.0,11,direct_newton
Beale_2D_M,v70,26,1,2.0,11,direct_newton
Beale_2D_M,v54,27,1,1.0,11,direct_newton
Beale_2D_M,v70,27,1,1.0,11,direct_newton
Beale_2D_M,v54,28,1,1.0,11,direct_newton
Beale_2D_M,v70,28,1,1.0,11,direct_newton
Beale_2D_M,v54,29,1,1.0,11,direct_newton
Beale_2D_M,v70,29,1,2.0,11,direct_newton
Beale_2D_XE,v54,0,1,784.0,31130,hgca_cma_refined
Beale_2D_XE,v70,0,1,651.5,31130,hgca_cma_refined
Beale_2D_XE,v54,1,1,744.1,28450,hgca_cma_refined
Beale_2D_XE,v70,1,1,754.9,28450,hgca_cma_refined
Beale_2D_XE,v54,2,1,795.9,31298,hgca_cma_refined
Beale_2D_XE,v70,2,1,882.3,31298,hgca_cma_refined
Beale_2D_XE,v54,3,1,782.9,29322,hgca_cma_refined
Beale_2D_XE,v70,3,1,508.2,29322,hgca_cma_refined
Beale_2D_XE,v54,4,1,369.4,29570,hgca_cma_refined
Beale_2D_XE,v70,4,1,282.3,29570,hgca_cma_refined
Beale_2D_XE,v54,5,1,367.5,30442,hgca_cma_refined
Beale_2D_XE,v70,5,1,297.3,30442,hgca_cma_refined
Beale_2D_XE,v54,6,1,276.7,28666,hgca_cma_refined
Beale_2D_XE,v70,6,1,296.7,28666,hgca_cma_refined
Beale_2D_XE,v54,7,1,558.4,29482,hgca_cma_refined
Beale_2D_XE,v70,7,1,745.4,29482,hgca_cma_refined
Beale_2D_XE,v54,8,1,707.0,29034,hgca_cma_refined
Beale_2D_XE,v70,8,1,543.3,29034,hgca_cma_refined
Beale_2D_XE,v54,9,1,314.3,29618,hgca_cma_refined
Beale_2D_XE,v70,9,1,437.6,29618,hgca_cma_refined
Beale_2D_XE,v54,10,1,407.4,29881,hgca_cma_refined
Beale_2D_XE,v70,10,1,307.0,29881,hgca_cma_refined
Beale_2D_XE,v54,11,1,417.5,33202,hgca_cma_refined
Beale_2D_XE,v70,11,1,408.4,33202,hgca_cma_refined
Beale_2D_XE,v54,12,1,353.1,28378,hgca_cma_refined
Beale_2D_XE,v70,12,1,757.2,28378,hgca_cma_refined
Beale_2D_XE,v54,13,1,763.4,31146,hgca_cma_refined
Beale_2D_XE,v70,13,1,764.7,31146,hgca_cma_refined
Beale_2D_XE,v54,14,1,697.0,26930,hgca_cma_refined
Beale_2D_XE,v70,14,1,692.5,26930,hgca_cma_refined
Beale_2D_XE,v54,15,1,786.9,30754,hgca_cma_refined
Beale_2D_XE,v70,15,1,780.0,30754,hgca_cma_refined
Beale_2D_XE,v54,16,1,832.9,30450,hgca_cma_refined
Beale_2D_XE,v70,16,1,818.7,30450,hgca_cma_refined
Beale_2D_XE,v54,17,1,764.7,30034,hgca_cma_refined
Beale_2D_XE,v70,17,1,514.6,30034,hgca_cma_refined
Beale_2D_XE,v54,18,1,739.6,29426,hgca_cma_refined
Beale_2D_XE,v70,18,1,756.0,29426,hgca_cma_refined
Beale_2D_XE,v54,19,1,840.1,32146,hgca_cma_refined
Beale_2D_XE,v70,19,1,783.2,32146,hgca_cma_refined
Beale_2D_XE,v54,20,1,698.9,29626,hgca_cma_refined
Beale_2D_XE,v70,20,1,460.1,29626,hgca_cma_refined
Beale_2D_XE,v54,21,1,813.7,29642,hgca_cma_refined
Beale_2D_XE,v70,21,1,360.1,29642,hgca_cma_refined
Beale_2D_XE,v54,22,1,432.9,30458,hgca_cma_refined
Beale_2D_XE,v70,22,1,788.1,30458,hgca_cma_refined
Beale_2D_XE,v54,23,1,613.2,32010,hgca_cma_refined
Beale_2D_XE,v70,23,1,294.3,32010,hgca_cma_refined
Beale_2D_XE,v54,24,1,334.2,29986,hgca_cma_refined
Beale_2D_XE,v70,24,1,359.9,29986,hgca_cma_refined
Beale_2D_XE,v54,25,1,292.6,26402,hgca_cma_refined
Beale_2D_XE,v70,25,1,306.3,26402,hgca_cma_refined
Beale_2D_XE,v54,26,1,538.7,29658,hgca_cma_refined
Beale_2D_XE,v70,26,1,784.1,29658,hgca_cma_refined
Beale_2D_XE,v54,27,1,609.0,30322,hgca_cma_refined
Beale_2D_XE,v70,27,1,654.4,30322,hgca_cma_refined
Beale_2D_XE,v54,28,1,861.5,30674,hgca_cma_refined
Beale_2D_XE,v70,28,1,404.4,30674,hgca_cma_refined
Beale_2D_XE,v54,29,1,579.9,30098,hgca_cma_refined
Beale_2D_XE,v70,29,1,906.2,30098,hgca_cma_refined
Griewank_20D,v54,0,1,1574.5,76836,hgca_cma_refined
Griewank_20D,v70,0,1,1627.1,76836,hgca_cma_refined
Griewank_20D,v54,1,1,4.0,11,direct_newton
Griewank_20D,v70,1,1,5.0,11,direct_newton
Griewank_20D,v54,2,1,1909.3,76840,hgca_cma_refined
Griewank_20D,v70,2,1,1471.2,76840,hgca_cma_refined
Griewank_20D,v54,3,1,889.6,76838,hgca_cma_refined
Griewank_20D,v70,3,1,842.1,76838,hgca_cma_refined
Griewank_20D,v54,4,1,872.5,76838,hgca_cma_refined
Griewank_20D,v70,4,1,1315.8,76838,hgca_cma_refined
Griewank_20D,v54,5,1,776.4,76844,hgca_cma_refined
Griewank_20D,v70,5,1,856.4,76844,hgca_cma_refined
Griewank_20D,v54,6,1,855.9,79536,hgca_cma_refined
Griewank_20D,v70,6,1,767.5,79536,hgca_cma_refined
Griewank_20D,v54,7,1,1364.2,76839,hgca_cma_refined
Griewank_20D,v70,7,1,1823.9,76839,hgca_cma_refined
Griewank_20D,v54,8,1,1633.5,76838,hgca_cma_refined
Griewank_20D,v70,8,1,1664.7,76838,hgca_cma_refined
Griewank_20D,v54,9,1,1657.3,76843,hgca_cma_refined
Griewank_20D,v70,9,1,1530.9,76843,hgca_cma_refined
Griewank_20D,v54,10,1,4.0,12,direct_newton
Griewank_20D,v70,10,1,6.0,12,direct_newton
Griewank_20D,v54,11,1,1582.3,76836,hgca_cma_refined
Griewank_20D,v70,11,1,1627.4,76836,hgca_cma_refined
Griewank_20D,v54,12,1,1897.3,79240,hgca_cma_refined
Griewank_20D,v70,12,1,1760.5,79240,hgca_cma_refined
Griewank_20D,v54,13,1,1737.6,76839,hgca_cma_refined
Griewank_20D,v70,13,1,1692.9,76839,hgca_cma_refined
Griewank_20D,v54,14,1,1745.7,76837,hgca_cma_refined
Griewank_20D,v70,14,1,1782.3,76837,hgca_cma_refined
Griewank_20D,v54,15,1,1310.6,76840,hgca_cma_refined
Griewank_20D,v70,15,1,1424.8,76840,hgca_cma_refined
Griewank_20D,v54,16,1,1702.3,76839,hgca_cma_refined
Griewank_20D,v70,16,1,1762.3,76839,hgca_cma_refined
Griewank_20D,v54,17,1,1797.1,76838,hgca_cma_refined
Griewank_20D,v70,17,1,1814.1,76838,hgca_cma_refined
Griewank_20D,v54,18,1,1229.4,76836,hgca_cma_refined
Griewank_20D,v70,18,1,1616.0,76836,hgca_cma_refined
Griewank_20D,v54,19,1,1709.2,76840,hgca_cma_refined
Griewank_20D,v70,19,1,1709.1,76840,hgca_cma_refined
Griewank_20D,v54,20,1,1458.2,76841,hgca_cma_refined
Griewank_20D,v70,20,1,1674.5,76841,hgca_cma_refined
Griewank_20D,v54,21,1,1606.0,76836,hgca_cma_refined
Griewank_20D,v70,21,1,1714.9,76836,hgca_cma_refined
Griewank_20D,v54,22,1,1.9,11,direct_newton
Griewank_20D,v70,22,1,2.1,11,direct_newton
Griewank_20D,v54,23,1,83.1,0,homotopy_direct
Griewank_20D,v70,23,1,107.0,0,homotopy_direct
Griewank_20D,v54,24,1,1708.6,76840,hgca_cma_refined
Griewank_20D,v70,24,1,1847.9,76840,hgca_cma_refined
Griewank_20D,v54,25,1,1605.8,76836,hgca_cma_refined
Griewank_20D,v70,25,1,1646.7,76836,hgca_cma_refined
Griewank_20D,v54,26,1,4.0,11,direct_newton
Griewank_20D,v70,26,1,5.0,11,direct_newton
Griewank_20D,v54,27,1,5.0,11,direct_newton
Griewank_20D,v70,27,1,5.0,11,direct_newton
Griewank_20D,v54,28,1,1525.4,76840,hgca_cma_refined
Griewank_20D,v70,28,1,1508.6,76840,hgca_cma_refined
Griewank_20D,v54,29,1,1693.3,76839,hgca_cma_refined
Griewank_20D,v70,29,1,1790.0,76839,hgca_cma_refined
Michalewicz_10D_XE,v54,0,1,721.4,30380,hgca_cma_refined
Michalewicz_10D_XE,v70,0,1,753.4,30380,hgca_cma_refined
Michalewicz_10D_XE,v54,1,1,496.0,24731,hgca_cma_refined
Michalewicz_10D_XE,v70,1,1,485.0,24731,hgca_cma_refined
Michalewicz_10D_XE,v54,2,1,495.3,23676,hgca_cma_refined
Michalewicz_10D_XE,v70,2,1,418.6,23676,hgca_cma_refined
Michalewicz_10D_XE,v54,3,1,549.2,28159,hgca_cma_refined
Michalewicz_10D_XE,v70,3,1,551.0,28159,hgca_cma_refined
Michalewicz_10D_XE,v54,4,1,430.8,24602,hgca_cma_refined
Michalewicz_10D_XE,v70,4,1,504.7,24602,hgca_cma_refined
Michalewicz_10D_XE,v54,5,1,934.0,31867,hgca_cma_refined
Michalewicz_10D_XE,v70,5,1,905.0,31867,hgca_cma_refined
Michalewicz_10D_XE,v54,6,1,966.1,34194,hgca_cma_refined
Michalewicz_10D_XE,v70,6,1,967.7,34194,hgca_cma_refined
Michalewicz_10D_XE,v54,7,1,934.9,26584,hgca_cma_refined
Michalewicz_10D_XE,v70,7,1,699.5,26584,hgca_cma_refined
Michalewicz_10D_XE,v54,8,1,197.9,27037,hgca_cma_refined
Michalewicz_10D_XE,v70,8,1,503.0,27037,hgca_cma_refined
Michalewicz_10D_XE,v54,9,1,4.0,0,homotopy_direct
Michalewicz_10D_XE,v70,9,1,5.0,0,homotopy_direct
Michalewicz_10D_XE,v54,10,1,675.3,33285,hgca_cma_refined
Michalewicz_10D_XE,v70,10,1,635.8,33285,hgca_cma_refined
Michalewicz_10D_XE,v54,11,1,4.0,0,homotopy_direct
Michalewicz_10D_XE,v70,11,1,4.0,0,homotopy_direct
Michalewicz_10D_XE,v54,12,1,916.5,28454,hgca_cma_refined
Michalewicz_10D_XE,v70,12,1,979.0,28454,hgca_cma_refined
Michalewicz_10D_XE,v54,13,1,566.2,28815,hgca_cma_refined
Michalewicz_10D_XE,v70,13,1,303.1,28815,hgca_cma_refined
Michalewicz_10D_XE,v54,14,1,536.1,25104,hgca_cma_refined
Michalewicz_10D_XE,v70,14,1,612.8,25104,hgca_cma_refined
Michalewicz_10D_XE,v54,15,1,534.3,28242,hgca_cma_refined
Michalewicz_10D_XE,v70,15,1,732.2,28242,hgca_cma_refined
Michalewicz_10D_XE,v54,16,1,388.5,28705,hgca_cma_refined
Michalewicz_10D_XE,v70,16,1,547.0,28705,hgca_cma_refined
Michalewicz_10D_XE,v54,17,1,536.0,28095,hgca_cma_refined
Michalewicz_10D_XE,v70,17,1,534.0,28095,hgca_cma_refined
Michalewicz_10D_XE,v54,18,1,887.4,28781,hgca_cma_refined
Michalewicz_10D_XE,v70,18,1,857.1,28781,hgca_cma_refined
Michalewicz_10D_XE,v54,19,1,505.5,24348,hgca_cma_refined
Michalewicz_10D_XE,v70,19,1,487.2,24348,hgca_cma_refined
Michalewicz_10D_XE,v54,20,1,537.0,26136,hgca_cma_refined
Michalewicz_10D_XE,v70,20,1,523.0,26136,hgca_cma_refined
Michalewicz_10D_XE,v54,21,1,867.9,29119,hgca_cma_refined
Michalewicz_10D_XE,v70,21,1,838.0,29119,hgca_cma_refined
Michalewicz_10D_XE,v54,22,1,293.8,18167,hgca_cma_best
Michalewicz_10D_XE,v70,22,1,169.8,18167,hgca_cma_best
Michalewicz_10D_XE,v54,23,1,830.3,31271,hgca_cma_refined
Michalewicz_10D_XE,v70,23,1,931.5,31271,hgca_cma_refined
Michalewicz_10D_XE,v54,24,1,599.1,30245,hgca_cma_refined
Michalewicz_10D_XE,v70,24,1,584.0,30245,hgca_cma_refined
Michalewicz_10D_XE,v54,25,1,553.0,28574,hgca_cma_refined
Michalewicz_10D_XE,v70,25,1,403.7,28574,hgca_cma_refined
Michalewicz_10D_XE,v54,26,1,324.1,29165,hgca_cma_refined
Michalewicz_10D_XE,v70,26,1,561.0,29165,hgca_cma_refined
Michalewicz_10D_XE,v54,27,1,942.2,25145,hgca_cma_refined
Michalewicz_10D_XE,v70,27,1,917.7,25145,hgca_cma_refined
Michalewicz_10D_XE,v54,28,1,408.7,31227,hgca_cma_refined
Michalewicz_10D_XE,v70,28,1,453.0,31227,hgca_cma_refined
Michalewicz_10D_XE,v54,29,1,575.2,29536,hgca_cma_refined
Michalewicz_10D_XE,v70,29,1,574.0,29536,hgca_cma_refined
Powell_4D,v54,0,1,3.0,26,direct_newton
Powell_4D,v70,0,1,3.0,26,direct_newton
Powell_4D,v54,1,1,2.0,26,direct_newton
Powell_4D,v70,1,1,3.0,26,direct_newton
Powell_4D,v54,2,1,3.0,26,direct_newton
Powell_4D,v70,2,1,3.0,26,direct_newton
Powell_4D,v54,3,1,3.0,26,direct_newton
Powell_4D,v70,3,1,2.0,26,direct_newton
Powell_4D,v54,4,1,2.0,25,direct_newton
Powell_4D,v70,4,1,2.0,25,direct_newton
Powell_4D,v54,5,1,2.0,26,direct_newton
Powell_4D,v70,5,1,3.0,26,direct_newton
Powell_4D,v54,6,1,3.0,26,direct_newton
Powell_4D,v70,6,1,3.0,26,direct_newton
Powell_4D,v54,7,1,2.0,25,direct_newton
Powell_4D,v70,7,1,3.0,25,direct_newton
Powell_4D,v54,8,1,2.0,26,direct_newton
Powell_4D,v70,8,1,3.0,26,direct_newton
Powell_4D,v54,9,1,3.0,26,direct_newton
Powell_4D,v70,9,1,2.0,26,direct_newton
Powell_4D,v54,10,1,2.0,26,direct_newton
Powell_4D,v70,10,1,3.0,26,direct_newton
Powell_4D,v54,11,1,3.0,26,direct_newton
Powell_4D,v70,11,1,3.0,26,direct_newton
Powell_4D,v54,12,1,2.0,24,direct_newton
Powell_4D,v70,12,1,3.0,24,direct_newton
Powell_4D,v54,13,1,2.0,25,direct_newton
Powell_4D,v70,13,1,3.0,25,direct_newton
Powell_4D,v54,14,1,2.0,26,direct_newton
Powell_4D,v70,14,1,3.0,26,direct_newton
Powell_4D,v54,15,1,3.0,26,direct_newton
Powell_4D,v70,15,1,2.0,26,direct_newton
Powell_4D,v54,16,1,2.0,25,direct_newton
Powell_4D,v70,16,1,3.0,25,direct_newton
Powell_4D,v54,17,1,2.0,26,direct_newton
Powell_4D,v70,17,1,3.0,26,direct_newton
Powell_4D,v54,18,1,3.0,26,direct_newton
Powell_4D,v70,18,1,2.0,26,direct_newton
Powell_4D,v54,19,1,2.0,27,direct_newton
Powell_4D,v70,19,1,8.0,27,direct_newton
Powell_4D,v54,20,1,2.0,26,direct_newton
Powell_4D,v70,20,1,3.0,26,direct_newton
Powell_4D,v54,21,1,3.0,26,direct_newton
Powell_4D,v70,21,1,2.0,26,direct_newton
Powell_4D,v54,22,1,3.0,25,direct_newton
Powell_4D,v70,22,1,3.0,25,direct_newton
Powell_4D,v54,23,1,2.0,26,direct_newton
Powell_4D,v70,23,1,3.0,26,direct_newton
Powell_4D,v54,24,1,3.0,26,direct_newton
Powell_4D,v70,24,1,2.0,26,direct_newton
Powell_4D,v54,25,1,2.0,26,direct_newton
Powell_4D,v70,25,1,3.0,26,direct_newton
Powell_4D,v54,26,1,2.0,25,direct_newton
Powell_4D,v70,26,1,3.0,25,direct_newton
Powell_4D,v54,27,1,2.0,26,direct_newton
Powell_4D,v70,27,1,3.0,26,direct_newton
Powell_4D,v54,28,1,3.0,26,direct_newton
Powell_4D,v70,28,1,3.0,26,direct_newton
Powell_4D,v54,29,1,2.0,26,direct_newton
Powell_4D,v70,29,1,3.0,26,direct_newton
Powell_4D_C,v54,0,1,3.0,34,direct_newton
Powell_4D_C,v70,0,1,8.0,34,direct_newton
Powell_4D_C,v54,1,1,4.0,34,direct_newton
Powell_4D_C,v70,1,1,3.0,34,direct_newton
Powell_4D_C,v54,2,1,3.0,34,direct_newton
Powell_4D_C,v70,2,1,4.0,34,direct_newton
Powell_4D_C,v54,3,1,3.0,34,direct_newton
Powell_4D_C,v70,3,1,4.0,34,direct_newton
Powell_4D_C,v54,4,1,3.0,34,direct_newton
Powell_4D_C,v70,4,1,4.0,34,direct_newton
Powell_4D_C,v54,5,1,3.0,34,direct_newton
Powell_4D_C,v70,5,1,3.0,34,direct_newton
Powell_4D_C,v54,6,1,4.0,34,direct_newton
Powell_4D_C,v70,6,1,3.0,34,direct_newton
Powell_4D_C,v54,7,1,4.0,34,direct_newton
Powell_4D_C,v70,7,1,3.0,34,direct_newton
Powell_4D_C,v54,8,1,3.0,34,direct_newton
Powell_4D_C,v70,8,1,4.0,34,direct_newton
Powell_4D_C,v54,9,1,3.0,34,direct_newton
Powell_4D_C,v70,9,1,4.0,34,direct_newton
Powell_4D_C,v54,10,1,4.0,34,direct_newton
Powell_4D_C,v70,10,1,3.0,34,direct_newton
Powell_4D_C,v54,11,1,3.0,34,direct_newton
Powell_4D_C,v70,11,1,4.0,34,direct_newton
Powell_4D_C,v54,12,1,3.0,34,direct_newton
Powell_4D_C,v70,12,1,4.0,34,direct_newton
Powell_4D_C,v54,13,1,3.0,34,direct_newton
Powell_4D_C,v70,13,1,3.0,34,direct_newton
Powell_4D_C,v54,14,1,4.0,34,direct_newton
Powell_4D_C,v70,14,1,3.0,34,direct_newton
Powell_4D_C,v54,15,1,3.0,34,direct_newton
Powell_4D_C,v70,15,1,3.0,34,direct_newton
Powell_4D_C,v54,16,1,3.0,34,direct_newton
Powell_4D_C,v70,16,1,4.0,34,direct_newton
Powell_4D_C,v54,17,1,3.0,34,direct_newton
Powell_4D_C,v70,17,1,3.0,34,direct_newton
Powell_4D_C,v54,18,1,3.0,34,direct_newton
Powell_4D_C,v70,18,1,3.0,34,direct_newton
Powell_4D_C,v54,19,1,3.0,34,direct_newton
Powell_4D_C,v70,19,1,3.0,34,direct_newton
Powell_4D_C,v54,20,1,3.0,34,direct_newton
Powell_4D_C,v70,20,1,4.0,34,direct_newton
Powell_4D_C,v54,21,1,3.0,34,direct_newton
Powell_4D_C,v70,21,1,4.0,34,direct_newton
Powell_4D_C,v54,22,1,3.0,34,direct_newton
Powell_4D_C,v70,22,1,3.0,34,direct_newton
Powell_4D_C,v54,23,1,4.0,34,direct_newton
Powell_4D_C,v70,23,1,3.0,34,direct_newton
Powell_4D_C,v54,24,1,3.0,34,direct_newton
Powell_4D_C,v70,24,1,3.0,34,direct_newton
Powell_4D_C,v54,25,1,3.0,34,direct_newton
Powell_4D_C,v70,25,1,4.0,34,direct_newton
Powell_4D_C,v54,26,1,3.0,34,direct_newton
Powell_4D_C,v70,26,1,4.0,34,direct_newton
Powell_4D_C,v54,27,1,3.0,34,direct_newton
Powell_4D_C,v70,27,1,3.0,34,direct_newton
Powell_4D_C,v54,28,1,4.0,34,direct_newton
Powell_4D_C,v70,28,1,3.0,34,direct_newton
Powell_4D_C,v54,29,1,4.0,34,direct_newton
Powell_4D_C,v70,29,1,3.0,34,direct_newton
Powell_4D_E,v54,0,1,4.0,35,direct_newton
Powell_4D_E,v70,0,1,3.0,35,direct_newton
Powell_4D_E,v54,1,1,4.0,35,direct_newton
Powell_4D_E,v70,1,1,3.0,35,direct_newton
Powell_4D_E,v54,2,1,3.0,35,direct_newton
Powell_4D_E,v70,2,1,4.0,35,direct_newton
Powell_4D_E,v54,3,1,3.0,35,direct_newton
Powell_4D_E,v70,3,1,4.0,35,direct_newton
Powell_4D_E,v54,4,1,3.0,35,direct_newton
Powell_4D_E,v70,4,1,4.0,35,direct_newton
Powell_4D_E,v54,5,1,3.0,35,direct_newton
Powell_4D_E,v70,5,1,3.0,35,direct_newton
Powell_4D_E,v54,6,1,3.0,35,direct_newton
Powell_4D_E,v70,6,1,3.0,35,direct_newton
Powell_4D_E,v54,7,1,4.0,35,direct_newton
Powell_4D_E,v70,7,1,3.0,35,direct_newton
Powell_4D_E,v54,8,1,3.0,35,direct_newton
Powell_4D_E,v70,8,1,3.0,35,direct_newton
Powell_4D_E,v54,9,1,3.0,35,direct_newton
Powell_4D_E,v70,9,1,3.0,35,direct_newton
Powell_4D_E,v54,10,1,3.0,35,direct_newton
Powell_4D_E,v70,10,1,3.0,35,direct_newton
Powell_4D_E,v54,11,1,3.0,35,direct_newton
Powell_4D_E,v70,11,1,4.0,35,direct_newton
Powell_4D_E,v54,12,1,4.0,35,direct_newton
Powell_4D_E,v70,12,1,4.0,35,direct_newton
Powell_4D_E,v54,13,1,4.0,35,direct_newton
Powell_4D_E,v70,13,1,3.0,35,direct_newton
Powell_4D_E,v54,14,1,3.0,35,direct_newton
Powell_4D_E,v70,14,1,4.0,35,direct_newton
Powell_4D_E,v54,15,1,3.0,35,direct_newton
Powell_4D_E,v70,15,1,4.0,35,direct_newton
Powell_4D_E,v54,16,1,3.0,35,direct_newton
Powell_4D_E,v70,16,1,4.0,35,direct_newton
Powell_4D_E,v54,17,1,3.0,35,direct_newton
Powell_4D_E,v70,17,1,4.0,35,direct_newton
Powell_4D_E,v54,18,1,4.0,35,direct_newton
Powell_4D_E,v70,18,1,3.0,35,direct_newton
Powell_4D_E,v54,19,1,4.0,35,direct_newton
Powell_4D_E,v70,19,1,3.0,35,direct_newton
Powell_4D_E,v54,20,1,3.0,35,direct_newton
Powell_4D_E,v70,20,1,4.0,35,direct_newton
Powell_4D_E,v54,21,1,3.0,35,direct_newton
Powell_4D_E,v70,21,1,4.0,35,direct_newton
Powell_4D_E,v54,22,1,4.0,35,direct_newton
Powell_4D_E,v70,22,1,5.0,35,direct_newton
Powell_4D_E,v54,23,1,3.0,35,direct_newton
Powell_4D_E,v70,23,1,4.0,35,direct_newton
Powell_4D_E,v54,24,1,3.0,35,direct_newton
Powell_4D_E,v70,24,1,4.0,35,direct_newton
Powell_4D_E,v54,25,1,3.0,36,direct_newton
Powell_4D_E,v70,25,1,4.0,36,direct_newton
Powell_4D_E,v54,26,1,3.0,35,direct_newton
Powell_4D_E,v70,26,1,4.0,35,direct_newton
Powell_4D_E,v54,27,1,4.0,35,direct_newton
Powell_4D_E,v70,27,1,4.0,35,direct_newton
Powell_4D_E,v54,28,1,3.0,35,direct_newton
Powell_4D_E,v70,28,1,4.0,35,direct_newton
Powell_4D_E,v54,29,1,3.0,35,direct_newton
Powell_4D_E,v70,29,1,4.0,35,direct_newton
Powell_4D_H,v54,0,1,3.0,32,direct_newton
Powell_4D_H,v70,0,1,3.0,32,direct_newton
Powell_4D_H,v54,1,1,3.0,32,direct_newton
Powell_4D_H,v70,1,1,5.3,32,direct_newton
Powell_4D_H,v54,2,1,3.7,32,direct_newton
Powell_4D_H,v70,2,1,3.0,32,direct_newton
Powell_4D_H,v54,3,1,3.0,32,direct_newton
Powell_4D_H,v70,3,1,4.0,32,direct_newton
Powell_4D_H,v54,4,1,3.0,32,direct_newton
Powell_4D_H,v70,4,1,3.0,32,direct_newton
Powell_4D_H,v54,5,1,3.0,32,direct_newton
Powell_4D_H,v70,5,1,3.0,32,direct_newton
Powell_4D_H,v54,6,1,3.0,33,direct_newton
Powell_4D_H,v70,6,1,3.0,33,direct_newton
Powell_4D_H,v54,7,1,3.0,32,direct_newton
Powell_4D_H,v70,7,1,4.0,32,direct_newton
Powell_4D_H,v54,8,1,3.0,32,direct_newton
Powell_4D_H,v70,8,1,4.0,32,direct_newton
Powell_4D_H,v54,9,1,3.0,32,direct_newton
Powell_4D_H,v70,9,1,3.0,32,direct_newton
Powell_4D_H,v54,10,1,3.0,32,direct_newton
Powell_4D_H,v70,10,1,4.0,32,direct_newton
Powell_4D_H,v54,11,1,3.0,32,direct_newton
Powell_4D_H,v70,11,1,3.0,32,direct_newton
Powell_4D_H,v54,12,1,3.0,32,direct_newton
Powell_4D_H,v70,12,1,4.0,32,direct_newton
Powell_4D_H,v54,13,1,3.0,32,direct_newton
Powell_4D_H,v70,13,1,3.0,32,direct_newton
Powell_4D_H,v54,14,1,3.0,32,direct_newton
Powell_4D_H,v70,14,1,3.0,32,direct_newton
Powell_4D_H,v54,15,1,2.0,32,direct_newton
Powell_4D_H,v70,15,1,4.0,32,direct_newton
Powell_4D_H,v54,16,1,3.0,32,direct_newton
Powell_4D_H,v70,16,1,3.0,32,direct_newton
Powell_4D_H,v54,17,1,3.0,32,direct_newton
Powell_4D_H,v70,17,1,3.0,32,direct_newton
Powell_4D_H,v54,18,1,3.0,32,direct_newton
Powell_4D_H,v70,18,1,3.0,32,direct_newton
Powell_4D_H,v54,19,1,3.0,32,direct_newton
Powell_4D_H,v70,19,1,3.0,32,direct_newton
Powell_4D_H,v54,20,1,2.0,33,direct_newton
Powell_4D_H,v70,20,1,4.0,33,direct_newton
Powell_4D_H,v54,21,1,3.0,32,direct_newton
Powell_4D_H,v70,21,1,3.0,32,direct_newton
Powell_4D_H,v54,22,1,3.0,32,direct_newton
Powell_4D_H,v70,22,1,4.0,32,direct_newton
Powell_4D_H,v54,23,1,3.0,33,direct_newton
Powell_4D_H,v70,23,1,3.0,33,direct_newton
Powell_4D_H,v54,24,1,2.0,32,direct_newton
Powell_4D_H,v70,24,1,4.0,32,direct_newton
Powell_4D_H,v54,25,1,3.0,32,direct_newton
Powell_4D_H,v70,25,1,3.0,32,direct_newton
Powell_4D_H,v54,26,1,3.0,32,direct_newton
Powell_4D_H,v70,26,1,3.0,32,direct_newton
Powell_4D_H,v54,27,1,2.0,32,direct_newton
Powell_4D_H,v70,27,1,5.0,32,direct_newton
Powell_4D_H,v54,28,1,3.0,32,direct_newton
Powell_4D_H,v70,28,1,4.0,32,direct_newton
Powell_4D_H,v54,29,1,3.0,32,direct_newton
Powell_4D_H,v70,29,1,3.0,32,direct_newton
Powell_4D_M,v54,0,1,2.0,30,direct_newton
Powell_4D_M,v70,0,1,4.0,30,direct_newton
Powell_4D_M,v54,1,1,3.0,30,direct_newton
Powell_4D_M,v70,1,1,3.0,30,direct_newton
Powell_4D_M,v54,2,1,2.0,29,direct_newton
Powell_4D_M,v70,2,1,4.0,29,direct_newton
Powell_4D_M,v54,3,1,3.0,30,direct_newton
Powell_4D_M,v70,3,1,3.0,30,direct_newton
Powell_4D_M,v54,4,1,3.0,30,direct_newton
Powell_4D_M,v70,4,1,3.0,30,direct_newton
Powell_4D_M,v54,5,1,3.0,30,direct_newton
Powell_4D_M,v70,5,1,3.0,30,direct_newton
Powell_4D_M,v54,6,1,2.0,29,direct_newton
Powell_4D_M,v70,6,1,2.0,29,direct_newton
Powell_4D_M,v54,7,1,2.0,30,direct_newton
Powell_4D_M,v70,7,1,3.0,30,direct_newton
Powell_4D_M,v54,8,1,3.0,30,direct_newton
Powell_4D_M,v70,8,1,4.0,30,direct_newton
Powell_4D_M,v54,9,1,3.0,30,direct_newton
Powell_4D_M,v70,9,1,3.0,30,direct_newton
Powell_4D_M,v54,10,1,3.0,30,direct_newton
Powell_4D_M,v70,10,1,3.0,30,direct_newton
Powell_4D_M,v54,11,1,3.0,30,direct_newton
Powell_4D_M,v70,11,1,3.0,30,direct_newton
Powell_4D_M,v54,12,1,3.0,30,direct_newton
Powell_4D_M,v70,12,1,3.0,30,direct_newton
Powell_4D_M,v54,13,1,3.0,30,direct_newton
Powell_4D_M,v70,13,1,3.0,30,direct_newton
Powell_4D_M,v54,14,1,3.0,30,direct_newton
Powell_4D_M,v70,14,1,3.0,30,direct_newton
Powell_4D_M,v54,15,1,3.0,30,direct_newton
Powell_4D_M,v70,15,1,3.0,30,direct_newton
Powell_4D_M,v54,16,1,3.0,30,direct_newton
Powell_4D_M,v70,16,1,3.0,30,direct_newton
Powell_4D_M,v54,17,1,3.0,30,direct_newton
Powell_4D_M,v70,17,1,3.0,30,direct_newton
Powell_4D_M,v54,18,1,3.0,30,direct_newton
Powell_4D_M,v70,18,1,3.0,30,direct_newton
Powell_4D_M,v54,19,1,3.0,30,direct_newton
Powell_4D_M,v70,19,1,3.0,30,direct_newton
Powell_4D_M,v54,20,1,3.0,30,direct_newton
Powell_4D_M,v70,20,1,3.0,30,direct_newton
Powell_4D_M,v54,21,1,3.0,30,direct_newton
Powell_4D_M,v70,21,1,3.0,30,direct_newton
Powell_4D_M,v54,22,1,2.0,30,direct_newton
Powell_4D_M,v70,22,1,3.0,30,direct_newton
Powell_4D_M,v54,23,1,2.0,30,direct_newton
Powell_4D_M,v70,23,1,3.0,30,direct_newton
Powell_4D_M,v54,24,1,2.0,30,direct_newton
Powell_4D_M,v70,24,1,3.0,30,direct_newton
Powell_4D_M,v54,25,1,2.0,30,direct_newton
Powell_4D_M,v70,25,1,3.0,30,direct_newton
Powell_4D_M,v54,26,1,3.0,30,direct_newton
Powell_4D_M,v70,26,1,3.0,30,direct_newton
Powell_4D_M,v54,27,1,3.0,29,direct_newton
Powell_4D_M,v70,27,1,3.0,29,direct_newton
Powell_4D_M,v54,28,1,2.0,30,direct_newton
Powell_4D_M,v70,28,1,4.0,30,direct_newton
Powell_4D_M,v54,29,1,2.0,30,direct_newton
Powell_4D_M,v70,29,1,4.0,30,direct_newton
Rastrigin_20D_XE,v54,0,0,1675.7,77186,hgca_cma_failed
Rastrigin_20D_XE,v70,0,1,7.0,2,pcu_ok
Rastrigin_20D_XE,v54,1,0,1583.9,77186,hgca_cma_failed
Rastrigin_20D_XE,v70,1,1,5.1,2,pcu_ok
Rastrigin_20D_XE,v54,2,0,718.8,77844,hgca_cma_failed
Rastrigin_20D_XE,v70,2,1,4.0,2,pcu_ok
Rastrigin_20D_XE,v54,3,0,1422.6,77844,hgca_cma_failed
Rastrigin_20D_XE,v70,3,1,4.0,2,pcu_ok
Rastrigin_20D_XE,v54,4,0,1708.7,77844,hgca_cma_failed
Rastrigin_20D_XE,v70,4,1,7.0,2,pcu_ok
Rastrigin_20D_XE,v54,5,0,1704.2,78501,hgca_cma_failed
Rastrigin_20D_XE,v70,5,1,6.0,2,pcu_ok
Rastrigin_20D_XE,v54,6,0,6679.4,77516,hgca_cma_failed
Rastrigin_20D_XE,v70,6,1,6.0,2,pcu_ok
Rastrigin_20D_XE,v54,7,0,1718.9,78173,hgca_cma_failed
Rastrigin_20D_XE,v70,7,1,7.5,2,pcu_ok
Rastrigin_20D_XE,v54,8,0,1480.0,78173,hgca_cma_failed
Rastrigin_20D_XE,v70,8,1,6.1,2,pcu_ok
Rastrigin_20D_XE,v54,9,0,1399.6,78831,hgca_cma_failed
Rastrigin_20D_XE,v70,9,1,7.0,2,pcu_ok
Rastrigin_20D_XE,v54,10,0,1662.9,78173,hgca_cma_failed
Rastrigin_20D_XE,v70,10,1,6.1,2,pcu_ok
Rastrigin_20D_XE,v54,11,0,1156.0,77186,hgca_cma_failed
Rastrigin_20D_XE,v70,11,1,4.1,2,pcu_ok
Rastrigin_20D_XE,v54,12,0,1395.0,78831,hgca_cma_failed
Rastrigin_20D_XE,v70,12,1,6.0,2,pcu_ok
Rastrigin_20D_XE,v54,13,0,1718.1,78502,hgca_cma_failed
Rastrigin_20D_XE,v70,13,1,6.0,2,pcu_ok
Rastrigin_20D_XE,v54,14,0,1486.5,77515,hgca_cma_failed
Rastrigin_20D_XE,v70,14,1,6.9,2,pcu_ok
Rastrigin_20D_XE,v54,15,0,1554.4,77184,hgca_cma_failed
Rastrigin_20D_XE,v70,15,1,6.0,2,pcu_ok
Rastrigin_20D_XE,v54,16,0,1516.2,76857,hgca_cma_failed
Rastrigin_20D_XE,v70,16,1,6.1,2,pcu_ok
Rastrigin_20D_XE,v54,17,0,1606.0,77516,hgca_cma_failed
Rastrigin_20D_XE,v70,17,1,8.9,2,pcu_ok
Rastrigin_20D_XE,v54,18,0,1400.6,78173,hgca_cma_failed
Rastrigin_20D_XE,v70,18,1,6.0,2,pcu_ok
Rastrigin_20D_XE,v54,19,0,1624.4,77844,hgca_cma_failed
Rastrigin_20D_XE,v70,19,1,6.0,2,pcu_ok
Rastrigin_20D_XE,v54,20,0,1600.5,77844,hgca_cma_failed
Rastrigin_20D_XE,v70,20,1,6.0,2,pcu_ok
Rastrigin_20D_XE,v54,21,0,1602.2,77515,hgca_cma_failed
Rastrigin_20D_XE,v70,21,1,6.0,2,pcu_ok
Rastrigin_20D_XE,v54,22,0,1648.2,78173,hgca_cma_failed
Rastrigin_20D_XE,v70,22,1,6.0,2,pcu_ok
Rastrigin_20D_XE,v54,23,0,1604.3,78502,hgca_cma_failed
Rastrigin_20D_XE,v70,23,1,6.0,2,pcu_ok
Rastrigin_20D_XE,v54,24,0,1622.6,77844,hgca_cma_failed
Rastrigin_20D_XE,v70,24,1,6.0,2,pcu_ok
Rastrigin_20D_XE,v54,25,0,1633.7,77515,hgca_cma_failed
Rastrigin_20D_XE,v70,25,1,6.0,2,pcu_ok
Rastrigin_20D_XE,v54,26,0,1619.1,77517,hgca_cma_failed
Rastrigin_20D_XE,v70,26,1,6.0,2,pcu_ok
Rastrigin_20D_XE,v54,27,0,1650.0,77515,hgca_cma_failed
Rastrigin_20D_XE,v70,27,1,3.9,2,pcu_ok
Rastrigin_20D_XE,v54,28,0,1413.0,77187,hgca_cma_failed
Rastrigin_20D_XE,v70,28,1,7.0,2,pcu_ok
Rastrigin_20D_XE,v54,29,0,1551.0,77844,hgca_cma_failed
Rastrigin_20D_XE,v70,29,1,11.0,2,pcu_ok
Rastrigin_2D_XE,v54,0,1,575.2,30117,hgca_cma_refined
Rastrigin_2D_XE,v70,0,1,1.0,2,pcu_ok
Rastrigin_2D_XE,v54,1,1,702.0,29664,hgca_cma_refined
Rastrigin_2D_XE,v70,1,1,0.0,2,pcu_ok
Rastrigin_2D_XE,v54,2,1,632.1,28700,hgca_cma_refined
Rastrigin_2D_XE,v70,2,1,1.0,2,pcu_ok
Rastrigin_2D_XE,v54,3,1,597.0,29239,hgca_cma_refined
Rastrigin_2D_XE,v70,3,1,1.0,2,pcu_ok
Rastrigin_2D_XE,v54,4,1,544.1,28982,hgca_cma_refined
Rastrigin_2D_XE,v70,4,1,1.0,2,pcu_ok
Rastrigin_2D_XE,v54,5,1,551.0,29829,hgca_cma_refined
Rastrigin_2D_XE,v70,5,1,1.0,2,pcu_ok
Rastrigin_2D_XE,v54,6,1,568.5,30037,hgca_cma_refined
Rastrigin_2D_XE,v70,6,1,1.2,2,pcu_ok
Rastrigin_2D_XE,v54,7,1,632.3,29991,hgca_cma_refined
Rastrigin_2D_XE,v70,7,1,0.0,2,pcu_ok
Rastrigin_2D_XE,v54,8,1,647.4,27512,hgca_cma_refined
Rastrigin_2D_XE,v70,8,1,1.0,2,pcu_ok
Rastrigin_2D_XE,v54,9,1,396.9,28293,hgca_cma_refined
Rastrigin_2D_XE,v70,9,1,0.0,2,pcu_ok
Rastrigin_2D_XE,v54,10,1,521.0,30127,hgca_cma_refined
Rastrigin_2D_XE,v70,10,1,1.1,2,pcu_ok
Rastrigin_2D_XE,v54,11,1,575.3,30013,hgca_cma_refined
Rastrigin_2D_XE,v70,11,1,1.0,2,pcu_ok
Rastrigin_2D_XE,v54,12,1,553.0,28957,hgca_cma_refined
Rastrigin_2D_XE,v70,12,1,1.0,2,pcu_ok
Rastrigin_2D_XE,v54,13,1,560.0,29445,hgca_cma_refined
Rastrigin_2D_XE,v70,13,1,1.0,2,pcu_ok
Rastrigin_2D_XE,v54,14,1,531.0,29957,hgca_cma_refined
Rastrigin_2D_XE,v70,14,1,1.0,2,pcu_ok
Rastrigin_2D_XE,v54,15,1,553.0,28789,hgca_cma_refined
Rastrigin_2D_XE,v70,15,1,0.0,2,pcu_ok
Rastrigin_2D_XE,v54,16,1,584.2,28766,hgca_cma_refined
Rastrigin_2D_XE,v70,16,1,1.0,2,pcu_ok
Rastrigin_2D_XE,v54,17,1,531.2,28101,hgca_cma_refined
Rastrigin_2D_XE,v70,17,1,1.0,2,pcu_ok
Rastrigin_2D_XE,v54,18,1,663.0,28984,hgca_cma_refined
Rastrigin_2D_XE,v70,18,1,1.0,2,pcu_ok
Rastrigin_2D_XE,v54,19,1,551.9,29053,hgca_cma_refined
Rastrigin_2D_XE,v70,19,1,0.0,2,pcu_ok
Rastrigin_2D_XE,v54,20,1,613.9,29335,hgca_cma_refined
Rastrigin_2D_XE,v70,20,1,1.0,2,pcu_ok
Rastrigin_2D_XE,v54,21,1,796.2,31995,hgca_cma_refined
Rastrigin_2D_XE,v70,21,1,0.9,2,pcu_ok
Rastrigin_2D_XE,v54,22,1,556.1,28773,hgca_cma_refined
Rastrigin_2D_XE,v70,22,1,1.0,2,pcu_ok
Rastrigin_2D_XE,v54,23,1,517.1,27829,hgca_cma_refined
Rastrigin_2D_XE,v70,23,1,1.0,2,pcu_ok
Rastrigin_2D_XE,v54,24,1,658.3,29200,hgca_cma_refined
Rastrigin_2D_XE,v70,24,1,1.0,2,pcu_ok
Rastrigin_2D_XE,v54,25,1,690.0,30124,hgca_cma_refined
Rastrigin_2D_XE,v70,25,1,1.0,2,pcu_ok
Rastrigin_2D_XE,v54,26,1,603.3,28391,hgca_cma_refined
Rastrigin_2D_XE,v70,26,1,1.0,2,pcu_ok
Rastrigin_2D_XE,v54,27,1,570.0,27903,hgca_cma_refined
Rastrigin_2D_XE,v70,27,1,1.0,2,pcu_ok
Rastrigin_2D_XE,v54,28,1,629.1,30032,hgca_cma_refined
Rastrigin_2D_XE,v70,28,1,1.0,2,pcu_ok
Rastrigin_2D_XE,v54,29,1,549.9,28101,hgca_cma_refined
Rastrigin_2D_XE,v70,29,1,0.0,2,pcu_ok
Rastrigin_30D_XE,v54,0,0,1703.3,77095,hgca_cma_failed
Rastrigin_30D_XE,v70,0,1,6.0,2,pcu_ok
Rastrigin_30D_XE,v54,1,0,1596.0,77095,hgca_cma_failed
Rastrigin_30D_XE,v70,1,1,6.0,2,pcu_ok
Rastrigin_30D_XE,v54,2,0,1554.0,77103,hgca_cma_failed
Rastrigin_30D_XE,v70,2,1,8.1,2,pcu_ok
Rastrigin_30D_XE,v54,3,0,1689.2,77095,hgca_cma_failed
Rastrigin_30D_XE,v70,3,1,6.1,2,pcu_ok
Rastrigin_30D_XE,v54,4,0,1672.4,77095,hgca_cma_failed
Rastrigin_30D_XE,v70,4,1,12.0,2,pcu_ok
Rastrigin_30D_XE,v54,5,0,1770.6,77095,hgca_cma_failed
Rastrigin_30D_XE,v70,5,1,7.0,2,pcu_ok
Rastrigin_30D_XE,v54,6,0,1738.5,77098,hgca_cma_failed
Rastrigin_30D_XE,v70,6,1,7.0,2,pcu_ok
Rastrigin_30D_XE,v54,7,0,1627.4,77095,hgca_cma_failed
Rastrigin_30D_XE,v70,7,1,6.1,2,pcu_ok
Rastrigin_30D_XE,v54,8,0,1624.9,77095,hgca_cma_failed
Rastrigin_30D_XE,v70,8,1,6.0,2,pcu_ok
Rastrigin_30D_XE,v54,9,0,1667.8,77095,hgca_cma_failed
Rastrigin_30D_XE,v70,9,1,6.0,2,pcu_ok
Rastrigin_30D_XE,v54,10,0,1583.3,77103,hgca_cma_failed
Rastrigin_30D_XE,v70,10,1,6.0,2,pcu_ok
Rastrigin_30D_XE,v54,11,0,1766.1,77097,hgca_cma_failed
Rastrigin_30D_XE,v70,11,1,6.0,2,pcu_ok
Rastrigin_30D_XE,v54,12,0,1714.0,77095,hgca_cma_failed
Rastrigin_30D_XE,v70,12,1,6.0,2,pcu_ok
Rastrigin_30D_XE,v54,13,0,1657.2,77095,hgca_cma_failed
Rastrigin_30D_XE,v70,13,1,6.1,2,pcu_ok
Rastrigin_30D_XE,v54,14,0,1692.9,77095,hgca_cma_failed
Rastrigin_30D_XE,v70,14,1,6.0,2,pcu_ok
Rastrigin_30D_XE,v54,15,0,1748.6,77095,hgca_cma_failed
Rastrigin_30D_XE,v70,15,1,6.0,2,pcu_ok
Rastrigin_30D_XE,v54,16,0,1578.7,77095,hgca_cma_failed
Rastrigin_30D_XE,v70,16,1,7.0,2,pcu_ok
Rastrigin_30D_XE,v54,17,0,1789.0,77095,hgca_cma_failed
Rastrigin_30D_XE,v70,17,1,7.0,2,pcu_ok
Rastrigin_30D_XE,v54,18,0,1862.4,77095,hgca_cma_failed
Rastrigin_30D_XE,v70,18,1,6.0,2,pcu_ok
Rastrigin_30D_XE,v54,19,0,1753.6,77095,hgca_cma_failed
Rastrigin_30D_XE,v70,19,1,8.0,2,pcu_ok
Rastrigin_30D_XE,v54,20,0,1610.0,77095,hgca_cma_failed
Rastrigin_30D_XE,v70,20,1,8.0,2,pcu_ok
Rastrigin_30D_XE,v54,21,0,1653.9,77095,hgca_cma_failed
Rastrigin_30D_XE,v70,21,1,9.0,2,pcu_ok
Rastrigin_30D_XE,v54,22,0,1752.3,77095,hgca_cma_failed
Rastrigin_30D_XE,v70,22,1,8.0,2,pcu_ok
Rastrigin_30D_XE,v54,23,0,1568.5,77095,hgca_cma_failed
Rastrigin_30D_XE,v70,23,1,7.0,2,pcu_ok
Rastrigin_30D_XE,v54,24,0,1652.1,77095,hgca_cma_failed
Rastrigin_30D_XE,v70,24,1,14.0,2,pcu_ok
Rastrigin_30D_XE,v54,25,0,1824.2,77759,hgca_cma_failed
Rastrigin_30D_XE,v70,25,0,1457.6,77759,hgca_cma_failed
Rastrigin_30D_XE,v54,26,0,1602.5,77095,hgca_cma_failed
Rastrigin_30D_XE,v70,26,1,5.0,2,pcu_ok
Rastrigin_30D_XE,v54,27,0,1577.0,77095,hgca_cma_failed
Rastrigin_30D_XE,v70,27,1,8.0,2,pcu_ok
Rastrigin_30D_XE,v54,28,0,1661.3,77095,hgca_cma_failed
Rastrigin_30D_XE,v70,28,1,6.0,2,pcu_ok
Rastrigin_30D_XE,v54,29,0,1528.9,77095,hgca_cma_failed
Rastrigin_30D_XE,v70,29,1,7.0,2,pcu_ok
Rosenbrock_10D,v54,0,1,849.6,65154,hgca_cma_refined
Rosenbrock_10D,v70,0,1,931.2,65154,hgca_cma_refined
Rosenbrock_10D,v54,1,1,816.5,59461,hgca_cma_refined
Rosenbrock_10D,v70,1,1,731.7,59461,hgca_cma_refined
Rosenbrock_10D,v54,2,1,985.6,59755,hgca_cma_refined
Rosenbrock_10D,v70,2,1,1780.3,59755,hgca_cma_refined
Rosenbrock_10D,v54,3,1,1703.8,59459,hgca_cma_refined
Rosenbrock_10D,v70,3,1,1702.3,59459,hgca_cma_refined
Rosenbrock_10D,v54,4,1,1709.1,59459,hgca_cma_refined
Rosenbrock_10D,v70,4,1,1707.1,59459,hgca_cma_refined
Rosenbrock_10D,v54,5,1,1747.9,59464,hgca_cma_refined
Rosenbrock_10D,v70,5,1,1758.2,59464,hgca_cma_refined
Rosenbrock_10D,v54,6,1,2077.2,65534,hgca_cma_refined
Rosenbrock_10D,v70,6,1,2010.1,65534,hgca_cma_refined
Rosenbrock_10D,v54,7,1,1828.7,63062,hgca_cma_refined
Rosenbrock_10D,v70,7,1,1885.6,63062,hgca_cma_refined
Rosenbrock_10D,v54,8,1,1771.1,59460,hgca_cma_refined
Rosenbrock_10D,v70,8,1,1744.6,59460,hgca_cma_refined
Rosenbrock_10D,v54,9,1,1726.1,59457,hgca_cma_refined
Rosenbrock_10D,v70,9,1,1678.1,59457,hgca_cma_refined
Rosenbrock_10D,v54,10,1,1832.3,63064,hgca_cma_refined
Rosenbrock_10D,v70,10,1,1858.0,63064,hgca_cma_refined
Rosenbrock_10D,v54,11,1,1900.2,64887,hgca_cma_refined
Rosenbrock_10D,v70,11,1,1890.7,64887,hgca_cma_refined
Rosenbrock_10D,v54,12,1,1907.6,64886,hgca_cma_refined
Rosenbrock_10D,v70,12,1,1955.3,64886,hgca_cma_refined
Rosenbrock_10D,v54,13,1,1866.0,64863,hgca_cma_refined
Rosenbrock_10D,v70,13,1,1904.0,64863,hgca_cma_refined
Rosenbrock_10D,v54,14,1,2003.4,64867,hgca_cma_refined
Rosenbrock_10D,v70,14,1,1987.0,64867,hgca_cma_refined
Rosenbrock_10D,v54,15,1,1886.6,65534,hgca_cma_refined
Rosenbrock_10D,v70,15,1,1871.9,65534,hgca_cma_refined
Rosenbrock_10D,v54,16,1,1696.2,59458,hgca_cma_refined
Rosenbrock_10D,v70,16,1,1718.5,59458,hgca_cma_refined
Rosenbrock_10D,v54,17,1,1821.2,59755,hgca_cma_refined
Rosenbrock_10D,v70,17,1,1798.0,59755,hgca_cma_refined
Rosenbrock_10D,v54,18,1,1687.7,59462,hgca_cma_refined
Rosenbrock_10D,v70,18,1,1604.7,59462,hgca_cma_refined
Rosenbrock_10D,v54,19,1,1659.3,59449,hgca_cma_refined
Rosenbrock_10D,v70,19,1,1719.3,59449,hgca_cma_refined
Rosenbrock_10D,v54,20,1,1956.2,64852,hgca_cma_refined
Rosenbrock_10D,v70,20,1,1991.9,64852,hgca_cma_refined
Rosenbrock_10D,v54,21,1,1712.8,59461,hgca_cma_refined
Rosenbrock_10D,v70,21,1,1755.2,59461,hgca_cma_refined
Rosenbrock_10D,v54,22,1,2041.0,65165,hgca_cma_refined
Rosenbrock_10D,v70,22,1,1924.7,65165,hgca_cma_refined
Rosenbrock_10D,v54,23,1,1887.3,63066,hgca_cma_refined
Rosenbrock_10D,v70,23,1,1672.3,63066,hgca_cma_refined
Rosenbrock_10D,v54,24,1,1901.1,64885,hgca_cma_refined
Rosenbrock_10D,v70,24,1,2036.5,64885,hgca_cma_refined
Rosenbrock_10D,v54,25,1,1390.1,59463,hgca_cma_refined
Rosenbrock_10D,v70,25,1,1619.1,59463,hgca_cma_refined
Rosenbrock_10D,v54,26,1,1916.7,64880,hgca_cma_refined
Rosenbrock_10D,v70,26,1,1921.7,64880,hgca_cma_refined
Rosenbrock_10D,v54,27,1,1029.9,59489,hgca_cma_refined
Rosenbrock_10D,v70,27,1,1492.7,59489,hgca_cma_refined
Rosenbrock_10D,v54,28,1,1725.8,63067,hgca_cma_refined
Rosenbrock_10D,v70,28,1,1031.9,63067,hgca_cma_refined
Rosenbrock_10D,v54,29,1,1695.4,59460,hgca_cma_refined
Rosenbrock_10D,v70,29,1,1591.3,59460,hgca_cma_refined
Rosenbrock_10D_C,v54,0,0,1932.3,64860,hgca_cma_failed
Rosenbrock_10D_C,v70,0,0,2027.2,64860,hgca_cma_failed
Rosenbrock_10D_C,v54,1,1,1632.7,57957,hgca_cma_refined
Rosenbrock_10D_C,v70,1,1,1508.3,57957,hgca_cma_refined
Rosenbrock_10D_C,v54,2,0,1628.0,57650,hgca_cma_failed
Rosenbrock_10D_C,v70,2,0,1649.1,57650,hgca_cma_failed
Rosenbrock_10D_C,v54,3,1,1966.8,63071,hgca_cma_refined
Rosenbrock_10D_C,v70,3,1,1709.3,63071,hgca_cma_refined
Rosenbrock_10D_C,v54,4,1,1898.9,61549,hgca_cma_refined
Rosenbrock_10D_C,v70,4,1,1724.0,61549,hgca_cma_refined
Rosenbrock_10D_C,v54,5,1,1333.4,55871,hgca_cma_refined
Rosenbrock_10D_C,v70,5,1,675.8,55871,hgca_cma_refined
Rosenbrock_10D_C,v54,6,1,1258.7,64884,hgca_cma_refined
Rosenbrock_10D_C,v70,6,1,1921.7,64884,hgca_cma_refined
Rosenbrock_10D_C,v54,7,1,1652.1,55869,hgca_cma_refined
Rosenbrock_10D_C,v70,7,1,1659.2,55869,hgca_cma_refined
Rosenbrock_10D_C,v54,8,1,1625.7,55860,hgca_cma_refined
Rosenbrock_10D_C,v70,8,1,1630.4,55860,hgca_cma_refined
Rosenbrock_10D_C,v54,9,1,1589.7,55863,hgca_cma_refined
Rosenbrock_10D_C,v70,9,1,1493.0,55863,hgca_cma_refined
Rosenbrock_10D_C,v54,10,1,1729.9,57693,hgca_cma_refined
Rosenbrock_10D_C,v70,10,1,1692.8,57693,hgca_cma_refined
Rosenbrock_10D_C,v54,11,1,1671.7,55864,hgca_cma_refined
Rosenbrock_10D_C,v70,11,1,1613.5,55864,hgca_cma_refined
Rosenbrock_10D_C,v54,12,1,1918.2,61554,hgca_cma_refined
Rosenbrock_10D_C,v70,12,1,1871.7,61554,hgca_cma_refined
Rosenbrock_10D_C,v54,13,1,1951.1,63096,hgca_cma_refined
Rosenbrock_10D_C,v70,13,1,1958.1,63096,hgca_cma_refined
Rosenbrock_10D_C,v54,14,1,1839.9,64873,hgca_cma_refined
Rosenbrock_10D_C,v70,14,1,1958.5,64873,hgca_cma_refined
Rosenbrock_10D_C,v54,15,1,1887.0,61300,hgca_cma_refined
Rosenbrock_10D_C,v70,15,1,1938.9,61300,hgca_cma_refined
Rosenbrock_10D_C,v54,16,1,1595.1,63079,hgca_cma_refined
Rosenbrock_10D_C,v70,16,1,1706.6,63079,hgca_cma_refined
Rosenbrock_10D_C,v54,17,1,1606.6,56532,hgca_cma_refined
Rosenbrock_10D_C,v70,17,1,1510.6,56532,hgca_cma_refined
Rosenbrock_10D_C,v54,18,1,1929.3,63075,hgca_cma_refined
Rosenbrock_10D_C,v70,18,1,1985.3,63075,hgca_cma_refined
Rosenbrock_10D_C,v54,19,1,1785.8,63358,hgca_cma_refined
Rosenbrock_10D_C,v70,19,1,1912.3,63358,hgca_cma_refined
Rosenbrock_10D_C,v54,20,1,1607.1,64867,hgca_cma_refined
Rosenbrock_10D_C,v70,20,1,1980.4,64867,hgca_cma_refined
Rosenbrock_10D_C,v54,21,1,1687.4,55869,hgca_cma_refined
Rosenbrock_10D_C,v70,21,1,1659.5,55869,hgca_cma_refined
Rosenbrock_10D_C,v54,22,1,1557.8,65160,hgca_cma_refined
Rosenbrock_10D_C,v70,22,1,1301.7,65160,hgca_cma_refined
Rosenbrock_10D_C,v54,23,1,1865.8,63075,hgca_cma_refined
Rosenbrock_10D_C,v70,23,1,1868.4,63075,hgca_cma_refined
Rosenbrock_10D_C,v54,24,1,1984.4,61271,hgca_cma_refined
Rosenbrock_10D_C,v70,24,1,1925.8,61271,hgca_cma_refined
Rosenbrock_10D_C,v54,25,1,1612.4,55869,hgca_cma_refined
Rosenbrock_10D_C,v70,25,1,1247.1,55869,hgca_cma_refined
Rosenbrock_10D_C,v54,26,1,1333.7,63067,hgca_cma_refined
Rosenbrock_10D_C,v70,26,1,2045.8,63067,hgca_cma_refined
Rosenbrock_10D_C,v54,27,1,1637.1,57686,hgca_cma_refined
Rosenbrock_10D_C,v70,27,1,1679.0,57686,hgca_cma_refined
Rosenbrock_10D_C,v54,28,1,1926.8,63106,hgca_cma_refined
Rosenbrock_10D_C,v70,28,1,1699.5,63106,hgca_cma_refined
Rosenbrock_10D_C,v54,29,1,1593.7,57706,hgca_cma_refined
Rosenbrock_10D_C,v70,29,1,1673.8,57706,hgca_cma_refined
Rosenbrock_10D_E,v54,0,1,1931.6,63116,hgca_cma_refined
Rosenbrock_10D_E,v70,0,1,1768.4,63116,hgca_cma_refined
Rosenbrock_10D_E,v54,1,1,1691.2,57956,hgca_cma_refined
Rosenbrock_10D_E,v70,1,1,1671.6,57956,hgca_cma_refined
Rosenbrock_10D_E,v54,2,1,1891.9,61286,hgca_cma_refined
Rosenbrock_10D_E,v70,2,1,1157.3,61286,hgca_cma_refined
Rosenbrock_10D_E,v54,3,1,1502.5,55905,hgca_cma_refined
Rosenbrock_10D_E,v70,3,1,1619.1,55905,hgca_cma_refined
Rosenbrock_10D_E,v54,4,1,1491.1,57669,hgca_cma_refined
Rosenbrock_10D_E,v70,4,1,1677.4,57669,hgca_cma_refined
Rosenbrock_10D_E,v54,5,1,1786.7,63358,hgca_cma_refined
Rosenbrock_10D_E,v70,5,1,1994.1,63358,hgca_cma_refined
Rosenbrock_10D_E,v54,6,1,1936.5,61273,hgca_cma_refined
Rosenbrock_10D_E,v70,6,1,1888.2,61273,hgca_cma_refined
Rosenbrock_10D_E,v54,7,1,1988.6,63117,hgca_cma_refined
Rosenbrock_10D_E,v70,7,1,1995.6,63117,hgca_cma_refined
Rosenbrock_10D_E,v54,8,1,1628.3,57682,hgca_cma_refined
Rosenbrock_10D_E,v70,8,1,1674.2,57682,hgca_cma_refined
Rosenbrock_10D_E,v54,9,1,1788.3,57673,hgca_cma_refined
Rosenbrock_10D_E,v70,9,1,1738.2,57673,hgca_cma_refined
Rosenbrock_10D_E,v54,10,1,973.3,57680,hgca_cma_refined
Rosenbrock_10D_E,v70,10,1,1384.0,57680,hgca_cma_refined
Rosenbrock_10D_E,v54,11,1,1373.5,57681,hgca_cma_refined
Rosenbrock_10D_E,v70,11,1,1559.8,57681,hgca_cma_refined
Rosenbrock_10D_E,v54,12,1,1683.0,57685,hgca_cma_refined
Rosenbrock_10D_E,v70,12,1,1646.7,57685,hgca_cma_refined
Rosenbrock_10D_E,v54,13,1,1580.7,55871,hgca_cma_refined
Rosenbrock_10D_E,v70,13,1,1577.5,55871,hgca_cma_refined
Rosenbrock_10D_E,v54,14,1,1650.2,57675,hgca_cma_refined
Rosenbrock_10D_E,v70,14,1,1703.8,57675,hgca_cma_refined
Rosenbrock_10D_E,v54,15,1,1595.3,55872,hgca_cma_refined
Rosenbrock_10D_E,v70,15,1,1573.8,55872,hgca_cma_refined
Rosenbrock_10D_E,v54,16,1,1736.4,57661,hgca_cma_refined
Rosenbrock_10D_E,v70,16,1,1590.2,57661,hgca_cma_refined
Rosenbrock_10D_E,v54,17,1,1663.9,55871,hgca_cma_refined
Rosenbrock_10D_E,v70,17,1,1620.5,55871,hgca_cma_refined
Rosenbrock_10D_E,v54,18,1,1971.4,63089,hgca_cma_refined
Rosenbrock_10D_E,v70,18,1,1956.9,63089,hgca_cma_refined
Rosenbrock_10D_E,v54,19,1,1574.2,55875,hgca_cma_refined
Rosenbrock_10D_E,v70,19,1,1585.3,55875,hgca_cma_refined
Rosenbrock_10D_E,v54,20,1,1851.0,57677,hgca_cma_refined
Rosenbrock_10D_E,v70,20,1,1474.6,57677,hgca_cma_refined
Rosenbrock_10D_E,v54,21,1,1676.6,56543,hgca_cma_refined
Rosenbrock_10D_E,v70,21,1,1775.8,56543,hgca_cma_refined
Rosenbrock_10D_E,v54,22,1,1896.8,57665,hgca_cma_refined
Rosenbrock_10D_E,v70,22,1,1882.6,57665,hgca_cma_refined
Rosenbrock_10D_E,v54,23,1,1607.8,57680,hgca_cma_refined
Rosenbrock_10D_E,v70,23,1,1767.7,57680,hgca_cma_refined
Rosenbrock_10D_E,v54,24,1,1635.0,55864,hgca_cma_refined
Rosenbrock_10D_E,v70,24,1,1485.4,55864,hgca_cma_refined
Rosenbrock_10D_E,v54,25,1,1189.1,57679,hgca_cma_refined
Rosenbrock_10D_E,v70,25,1,1662.0,57679,hgca_cma_refined
Rosenbrock_10D_E,v54,26,1,1867.2,59477,hgca_cma_refined
Rosenbrock_10D_E,v70,26,1,1496.8,59477,hgca_cma_refined
Rosenbrock_10D_E,v54,27,1,2088.9,63091,hgca_cma_refined
Rosenbrock_10D_E,v70,27,1,1936.2,63091,hgca_cma_refined
Rosenbrock_10D_E,v54,28,1,1352.3,55865,hgca_cma_refined
Rosenbrock_10D_E,v70,28,1,1234.8,55865,hgca_cma_refined
Rosenbrock_10D_E,v54,29,1,1760.5,59483,hgca_cma_refined
Rosenbrock_10D_E,v70,29,1,1199.1,59483,hgca_cma_refined
Rosenbrock_10D_H,v54,0,1,837.8,64873,hgca_cma_refined
Rosenbrock_10D_H,v70,0,1,932.9,64873,hgca_cma_refined
Rosenbrock_10D_H,v54,1,1,1932.5,63080,hgca_cma_refined
Rosenbrock_10D_H,v70,1,1,1900.8,63080,hgca_cma_refined
Rosenbrock_10D_H,v54,2,1,2006.8,64879,hgca_cma_refined
Rosenbrock_10D_H,v70,2,1,2060.5,64879,hgca_cma_refined
Rosenbrock_10D_H,v54,3,1,1626.5,55867,hgca_cma_refined
Rosenbrock_10D_H,v70,3,1,1633.9,55867,hgca_cma_refined
Rosenbrock_10D_H,v54,4,1,1869.3,63068,hgca_cma_refined
Rosenbrock_10D_H,v70,4,1,1891.9,63068,hgca_cma_refined
Rosenbrock_10D_H,v54,5,1,1873.2,63359,hgca_cma_refined
Rosenbrock_10D_H,v70,5,1,1889.9,63359,hgca_cma_refined
Rosenbrock_10D_H,v54,6,1,1972.2,64857,hgca_cma_refined
Rosenbrock_10D_H,v70,6,1,1980.1,64857,hgca_cma_refined
Rosenbrock_10D_H,v54,7,1,1271.9,55891,hgca_cma_refined
Rosenbrock_10D_H,v70,7,1,1594.2,55891,hgca_cma_refined
Rosenbrock_10D_H,v54,8,1,1872.6,64897,hgca_cma_refined
Rosenbrock_10D_H,v70,8,1,1862.4,64897,hgca_cma_refined
Rosenbrock_10D_H,v54,9,1,1986.7,64864,hgca_cma_refined
Rosenbrock_10D_H,v70,9,1,1993.6,64864,hgca_cma_refined
Rosenbrock_10D_H,v54,10,1,1302.6,65151,hgca_cma_refined
Rosenbrock_10D_H,v70,10,1,1948.9,65151,hgca_cma_refined
Rosenbrock_10D_H,v54,11,1,1516.4,64868,hgca_cma_refined
Rosenbrock_10D_H,v70,11,1,2051.3,64868,hgca_cma_refined
Rosenbrock_10D_H,v54,12,1,2014.1,64895,hgca_cma_refined
Rosenbrock_10D_H,v70,12,1,1912.9,64895,hgca_cma_refined
Rosenbrock_10D_H,v54,13,1,1972.4,65156,hgca_cma_refined
Rosenbrock_10D_H,v70,13,1,1930.9,65156,hgca_cma_refined
Rosenbrock_10D_H,v54,14,1,1998.7,65195,hgca_cma_refined
Rosenbrock_10D_H,v70,14,1,1964.4,65195,hgca_cma_refined
Rosenbrock_10D_H,v54,15,1,1875.4,63062,hgca_cma_refined
Rosenbrock_10D_H,v70,15,1,1355.5,63062,hgca_cma_refined
Rosenbrock_10D_H,v54,16,1,746.2,64888,hgca_cma_refined
Rosenbrock_10D_H,v70,16,1,769.7,64888,hgca_cma_refined
Rosenbrock_10D_H,v54,17,1,796.2,66951,hgca_cma_refined
Rosenbrock_10D_H,v70,17,1,804.8,66951,hgca_cma_refined
Rosenbrock_10D_H,v54,18,1,1271.2,64861,hgca_cma_refined
Rosenbrock_10D_H,v70,18,1,1618.4,64861,hgca_cma_refined
Rosenbrock_10D_H,v54,19,1,1389.0,64857,hgca_cma_refined
Rosenbrock_10D_H,v70,19,1,1531.9,64857,hgca_cma_refined
Rosenbrock_10D_H,v54,20,1,1944.6,65160,hgca_cma_refined
Rosenbrock_10D_H,v70,20,1,1491.8,65160,hgca_cma_refined
Rosenbrock_10D_H,v54,21,1,1644.2,57667,hgca_cma_refined
Rosenbrock_10D_H,v70,21,1,1686.5,57667,hgca_cma_refined
Rosenbrock_10D_H,v54,22,1,1585.3,63070,hgca_cma_refined
Rosenbrock_10D_H,v70,22,1,1873.6,63070,hgca_cma_refined
Rosenbrock_10D_H,v54,23,1,2068.1,63768,hgca_cma_refined
Rosenbrock_10D_H,v70,23,1,2084.1,63768,hgca_cma_refined
Rosenbrock_10D_H,v54,24,1,1956.2,64877,hgca_cma_refined
Rosenbrock_10D_H,v70,24,1,1935.5,64877,hgca_cma_refined
Rosenbrock_10D_H,v54,25,1,1918.5,64895,hgca_cma_refined
Rosenbrock_10D_H,v70,25,1,1755.5,64895,hgca_cma_refined
Rosenbrock_10D_H,v54,26,1,1677.7,57667,hgca_cma_refined
Rosenbrock_10D_H,v70,26,1,1256.1,57667,hgca_cma_refined
Rosenbrock_10D_H,v54,27,1,1695.8,64870,hgca_cma_refined
Rosenbrock_10D_H,v70,27,1,1803.5,64870,hgca_cma_refined
Rosenbrock_10D_H,v54,28,1,1005.3,55870,hgca_cma_refined
Rosenbrock_10D_H,v70,28,1,1627.6,55870,hgca_cma_refined
Rosenbrock_10D_H,v54,29,1,1616.3,57680,hgca_cma_refined
Rosenbrock_10D_H,v70,29,1,1581.8,57680,hgca_cma_refined
Rosenbrock_10D_M,v54,0,1,1566.2,64866,hgca_cma_refined
Rosenbrock_10D_M,v70,0,1,1976.9,64866,hgca_cma_refined
Rosenbrock_10D_M,v54,1,1,843.0,55889,hgca_cma_refined
Rosenbrock_10D_M,v70,1,1,1671.4,55889,hgca_cma_refined
Rosenbrock_10D_M,v54,2,1,2025.5,65162,hgca_cma_refined
Rosenbrock_10D_M,v70,2,1,2023.2,65162,hgca_cma_refined
Rosenbrock_10D_M,v54,3,1,1875.7,64868,hgca_cma_refined
Rosenbrock_10D_M,v70,3,1,1946.2,64868,hgca_cma_refined
Rosenbrock_10D_M,v54,4,1,1161.7,64893,hgca_cma_refined
Rosenbrock_10D_M,v70,4,1,1955.4,64893,hgca_cma_refined
Rosenbrock_10D_M,v54,5,1,1757.7,65158,hgca_cma_refined
Rosenbrock_10D_M,v70,5,1,1855.3,65158,hgca_cma_refined
Rosenbrock_10D_M,v54,6,1,1889.5,64893,hgca_cma_refined
Rosenbrock_10D_M,v70,6,1,1919.2,64893,hgca_cma_refined
Rosenbrock_10D_M,v54,7,1,1660.3,57682,hgca_cma_refined
Rosenbrock_10D_M,v70,7,1,1609.3,57682,hgca_cma_refined
Rosenbrock_10D_M,v54,8,1,2038.3,64862,hgca_cma_refined
Rosenbrock_10D_M,v70,8,1,1991.3,64862,hgca_cma_refined
Rosenbrock_10D_M,v54,9,1,1627.0,57665,hgca_cma_refined
Rosenbrock_10D_M,v70,9,1,1596.1,57665,hgca_cma_refined
Rosenbrock_10D_M,v54,10,1,1618.8,57660,hgca_cma_refined
Rosenbrock_10D_M,v70,10,1,1639.6,57660,hgca_cma_refined
Rosenbrock_10D_M,v54,11,1,1949.1,64883,hgca_cma_refined
Rosenbrock_10D_M,v70,11,1,2017.3,64883,hgca_cma_refined
Rosenbrock_10D_M,v54,12,1,1338.6,65158,hgca_cma_refined
Rosenbrock_10D_M,v70,12,1,1140.5,65158,hgca_cma_refined
Rosenbrock_10D_M,v54,13,1,1553.9,55851,hgca_cma_refined
Rosenbrock_10D_M,v70,13,1,1449.3,55851,hgca_cma_refined
Rosenbrock_10D_M,v54,14,1,2010.4,65150,hgca_cma_refined
Rosenbrock_10D_M,v70,14,1,1854.2,65150,hgca_cma_refined
Rosenbrock_10D_M,v54,15,1,1265.9,64866,hgca_cma_refined
Rosenbrock_10D_M,v70,15,1,1142.3,64866,hgca_cma_refined
Rosenbrock_10D_M,v54,16,1,1699.8,64858,hgca_cma_refined
Rosenbrock_10D_M,v70,16,1,1682.4,64858,hgca_cma_refined
Rosenbrock_10D_M,v54,17,1,2027.1,64868,hgca_cma_refined
Rosenbrock_10D_M,v70,17,1,2101.8,64868,hgca_cma_refined
Rosenbrock_10D_M,v54,18,1,1974.8,64868,hgca_cma_refined
Rosenbrock_10D_M,v70,18,1,2001.4,64868,hgca_cma_refined
Rosenbrock_10D_M,v54,19,1,1632.2,57663,hgca_cma_refined
Rosenbrock_10D_M,v70,19,1,1628.9,57663,hgca_cma_refined
Rosenbrock_10D_M,v54,20,1,1938.5,65159,hgca_cma_refined
Rosenbrock_10D_M,v70,20,1,1969.3,65159,hgca_cma_refined
Rosenbrock_10D_M,v54,21,1,1905.8,64874,hgca_cma_refined
Rosenbrock_10D_M,v70,21,1,1882.6,64874,hgca_cma_refined
Rosenbrock_10D_M,v54,22,1,1569.5,55850,hgca_cma_refined
Rosenbrock_10D_M,v70,22,1,1585.0,55850,hgca_cma_refined
Rosenbrock_10D_M,v54,23,1,1570.2,59464,hgca_cma_refined
Rosenbrock_10D_M,v70,23,1,1723.6,59464,hgca_cma_refined
Rosenbrock_10D_M,v54,24,1,1727.8,59493,hgca_cma_refined
Rosenbrock_10D_M,v70,24,1,1701.6,59493,hgca_cma_refined
Rosenbrock_10D_M,v54,25,1,1859.6,65193,hgca_cma_refined
Rosenbrock_10D_M,v70,25,1,2116.2,65193,hgca_cma_refined
Rosenbrock_10D_M,v54,26,1,1736.1,57691,hgca_cma_refined
Rosenbrock_10D_M,v70,26,1,1650.9,57691,hgca_cma_refined
Rosenbrock_10D_M,v54,27,1,1969.4,65531,hgca_cma_refined
Rosenbrock_10D_M,v70,27,1,1981.8,65531,hgca_cma_refined
Rosenbrock_10D_M,v54,28,1,1992.5,64858,hgca_cma_refined
Rosenbrock_10D_M,v70,28,1,1896.8,64858,hgca_cma_refined
Rosenbrock_10D_M,v54,29,1,1718.4,59489,hgca_cma_refined
Rosenbrock_10D_M,v70,29,1,1736.6,59489,hgca_cma_refined
Rosenbrock_2D,v54,0,1,107.9,0,homotopy_direct
Rosenbrock_2D,v70,0,1,108.1,0,homotopy_direct
Rosenbrock_2D,v54,1,1,3.0,24,direct_newton
Rosenbrock_2D,v70,1,1,3.0,24,direct_newton
Rosenbrock_2D,v54,2,1,3.0,27,direct_newton
Rosenbrock_2D,v70,2,1,3.0,27,direct_newton
Rosenbrock_2D,v54,3,1,3.0,26,direct_newton
Rosenbrock_2D,v70,3,1,3.0,26,direct_newton
Rosenbrock_2D,v54,4,1,2.0,25,direct_newton
Rosenbrock_2D,v70,4,1,4.0,25,direct_newton
Rosenbrock_2D,v54,5,1,3.0,27,direct_newton
Rosenbrock_2D,v70,5,1,3.0,27,direct_newton
Rosenbrock_2D,v54,6,1,3.0,26,direct_newton
Rosenbrock_2D,v70,6,1,3.0,26,direct_newton
Rosenbrock_2D,v54,7,1,4.0,28,direct_newton
Rosenbrock_2D,v70,7,1,3.0,28,direct_newton
Rosenbrock_2D,v54,8,1,3.0,29,direct_newton
Rosenbrock_2D,v70,8,1,4.0,29,direct_newton
Rosenbrock_2D,v54,9,1,2.0,23,direct_newton
Rosenbrock_2D,v70,9,1,4.0,23,direct_newton
Rosenbrock_2D,v54,10,1,3.0,28,direct_newton
Rosenbrock_2D,v70,10,1,3.0,28,direct_newton
Rosenbrock_2D,v54,11,1,3.0,24,direct_newton
Rosenbrock_2D,v70,11,1,3.0,24,direct_newton
Rosenbrock_2D,v54,12,1,3.0,24,direct_newton
Rosenbrock_2D,v70,12,1,5.9,24,direct_newton
Rosenbrock_2D,v54,13,1,3.1,26,direct_newton
Rosenbrock_2D,v70,13,1,3.0,26,direct_newton
Rosenbrock_2D,v54,14,1,3.0,27,direct_newton
Rosenbrock_2D,v70,14,1,4.0,27,direct_newton
Rosenbrock_2D,v54,15,1,3.0,27,direct_newton
Rosenbrock_2D,v70,15,1,4.0,27,direct_newton
Rosenbrock_2D,v54,16,1,2.0,26,direct_newton
Rosenbrock_2D,v70,16,1,4.0,26,direct_newton
Rosenbrock_2D,v54,17,1,3.0,27,direct_newton
Rosenbrock_2D,v70,17,1,3.0,27,direct_newton
Rosenbrock_2D,v54,18,1,3.0,29,direct_newton
Rosenbrock_2D,v70,18,1,3.0,29,direct_newton
Rosenbrock_2D,v54,19,1,3.0,27,direct_newton
Rosenbrock_2D,v70,19,1,4.0,27,direct_newton
Rosenbrock_2D,v54,20,1,3.0,26,direct_newton
Rosenbrock_2D,v70,20,1,3.0,26,direct_newton
Rosenbrock_2D,v54,21,1,3.0,24,direct_newton
Rosenbrock_2D,v70,21,1,3.0,24,direct_newton
Rosenbrock_2D,v54,22,1,3.0,26,direct_newton
Rosenbrock_2D,v70,22,1,3.0,26,direct_newton
Rosenbrock_2D,v54,23,1,3.0,25,direct_newton
Rosenbrock_2D,v70,23,1,2.9,25,direct_newton
Rosenbrock_2D,v54,24,1,3.1,25,direct_newton
Rosenbrock_2D,v70,24,1,3.0,25,direct_newton
Rosenbrock_2D,v54,25,1,3.0,27,direct_newton
Rosenbrock_2D,v70,25,1,4.0,27,direct_newton
Rosenbrock_2D,v54,26,1,3.0,27,direct_newton
Rosenbrock_2D,v70,26,1,3.0,27,direct_newton
Rosenbrock_2D,v54,27,1,3.0,26,direct_newton
Rosenbrock_2D,v70,27,1,3.0,26,direct_newton
Rosenbrock_2D,v54,28,1,2.0,27,direct_newton
Rosenbrock_2D,v70,28,1,4.0,27,direct_newton
Rosenbrock_2D,v54,29,1,3.0,27,direct_newton
Rosenbrock_2D,v70,29,1,3.0,27,direct_newton
Rosenbrock_2D_C,v54,0,1,8.0,68,direct_newton
Rosenbrock_2D_C,v70,0,1,8.0,68,direct_newton
Rosenbrock_2D_C,v54,1,1,9.0,81,direct_newton
Rosenbrock_2D_C,v70,1,1,9.0,81,direct_newton
Rosenbrock_2D_C,v54,2,1,7.0,66,direct_newton
Rosenbrock_2D_C,v70,2,1,7.0,66,direct_newton
Rosenbrock_2D_C,v54,3,1,8.0,66,direct_newton
Rosenbrock_2D_C,v70,3,1,8.0,66,direct_newton
Rosenbrock_2D_C,v54,4,1,8.0,73,direct_newton
Rosenbrock_2D_C,v70,4,1,9.0,73,direct_newton
Rosenbrock_2D_C,v54,5,1,7.9,71,direct_newton
Rosenbrock_2D_C,v70,5,1,8.1,71,direct_newton
Rosenbrock_2D_C,v54,6,1,8.0,74,direct_newton
Rosenbrock_2D_C,v70,6,1,9.0,74,direct_newton
Rosenbrock_2D_C,v54,7,1,8.0,74,direct_newton
Rosenbrock_2D_C,v70,7,1,8.0,74,direct_newton
Rosenbrock_2D_C,v54,8,1,8.0,78,direct_newton
Rosenbrock_2D_C,v70,8,1,8.0,78,direct_newton
Rosenbrock_2D_C,v54,9,1,7.0,73,direct_newton
Rosenbrock_2D_C,v70,9,1,9.0,73,direct_newton
Rosenbrock_2D_C,v54,10,1,7.0,70,direct_newton
Rosenbrock_2D_C,v70,10,1,8.0,70,direct_newton
Rosenbrock_2D_C,v54,11,1,9.0,79,direct_newton
Rosenbrock_2D_C,v70,11,1,9.0,79,direct_newton
Rosenbrock_2D_C,v54,12,1,8.0,73,direct_newton
Rosenbrock_2D_C,v70,12,1,8.0,73,direct_newton
Rosenbrock_2D_C,v54,13,1,9.0,82,direct_newton
Rosenbrock_2D_C,v70,13,1,9.0,82,direct_newton
Rosenbrock_2D_C,v54,14,1,8.0,73,direct_newton
Rosenbrock_2D_C,v70,14,1,8.0,73,direct_newton
Rosenbrock_2D_C,v54,15,1,7.0,67,direct_newton
Rosenbrock_2D_C,v70,15,1,8.0,67,direct_newton
Rosenbrock_2D_C,v54,16,1,8.0,72,direct_newton
Rosenbrock_2D_C,v70,16,1,8.0,72,direct_newton
Rosenbrock_2D_C,v54,17,1,7.0,66,direct_newton
Rosenbrock_2D_C,v70,17,1,8.0,66,direct_newton
Rosenbrock_2D_C,v54,18,1,7.0,70,direct_newton
Rosenbrock_2D_C,v70,18,1,8.0,70,direct_newton
Rosenbrock_2D_C,v54,19,1,8.0,68,direct_newton
Rosenbrock_2D_C,v70,19,1,8.0,68,direct_newton
Rosenbrock_2D_C,v54,20,1,8.0,73,direct_newton
Rosenbrock_2D_C,v70,20,1,8.0,73,direct_newton
Rosenbrock_2D_C,v54,21,1,7.0,70,direct_newton
Rosenbrock_2D_C,v70,21,1,8.0,70,direct_newton
Rosenbrock_2D_C,v54,22,1,8.1,65,direct_newton
Rosenbrock_2D_C,v70,22,1,7.2,65,direct_newton
Rosenbrock_2D_C,v54,23,1,7.9,69,direct_newton
Rosenbrock_2D_C,v70,23,1,8.1,69,direct_newton
Rosenbrock_2D_C,v54,24,1,8.0,75,direct_newton
Rosenbrock_2D_C,v70,24,1,8.0,75,direct_newton
Rosenbrock_2D_C,v54,25,1,8.0,78,direct_newton
Rosenbrock_2D_C,v70,25,1,9.0,78,direct_newton
Rosenbrock_2D_C,v54,26,1,8.0,73,direct_newton
Rosenbrock_2D_C,v70,26,1,8.0,73,direct_newton
Rosenbrock_2D_C,v54,27,1,8.0,73,direct_newton
Rosenbrock_2D_C,v70,27,1,8.0,73,direct_newton
Rosenbrock_2D_C,v54,28,1,7.0,70,direct_newton
Rosenbrock_2D_C,v70,28,1,8.0,70,direct_newton
Rosenbrock_2D_C,v54,29,1,8.0,73,direct_newton
Rosenbrock_2D_C,v70,29,1,8.0,73,direct_newton
Rosenbrock_2D_E,v54,0,1,11.0,101,direct_newton
Rosenbrock_2D_E,v70,0,1,11.0,101,direct_newton
Rosenbrock_2D_E,v54,1,1,12.0,113,direct_newton
Rosenbrock_2D_E,v70,1,1,13.0,113,direct_newton
Rosenbrock_2D_E,v54,2,1,15.0,99,direct_newton
Rosenbrock_2D_E,v70,2,1,11.0,99,direct_newton
Rosenbrock_2D_E,v54,3,1,11.0,103,direct_newton
Rosenbrock_2D_E,v70,3,1,12.0,103,direct_newton
Rosenbrock_2D_E,v54,4,1,10.9,104,direct_newton
Rosenbrock_2D_E,v70,4,1,11.1,104,direct_newton
Rosenbrock_2D_E,v54,5,1,11.0,106,direct_newton
Rosenbrock_2D_E,v70,5,1,12.0,106,direct_newton
Rosenbrock_2D_E,v54,6,1,12.0,109,direct_newton
Rosenbrock_2D_E,v70,6,1,12.0,109,direct_newton
Rosenbrock_2D_E,v54,7,1,12.0,110,direct_newton
Rosenbrock_2D_E,v70,7,1,12.0,110,direct_newton
Rosenbrock_2D_E,v54,8,1,10.0,97,direct_newton
Rosenbrock_2D_E,v70,8,1,11.0,97,direct_newton
Rosenbrock_2D_E,v54,9,1,11.0,107,direct_newton
Rosenbrock_2D_E,v70,9,1,11.0,107,direct_newton
Rosenbrock_2D_E,v54,10,1,11.0,100,direct_newton
Rosenbrock_2D_E,v70,10,1,11.0,100,direct_newton
Rosenbrock_2D_E,v54,11,1,11.0,106,direct_newton
Rosenbrock_2D_E,v70,11,1,12.0,106,direct_newton
Rosenbrock_2D_E,v54,12,1,10.0,98,direct_newton
Rosenbrock_2D_E,v70,12,1,11.0,98,direct_newton
Rosenbrock_2D_E,v54,13,1,10.0,98,direct_newton
Rosenbrock_2D_E,v70,13,1,11.0,98,direct_newton
Rosenbrock_2D_E,v54,14,1,12.0,109,direct_newton
Rosenbrock_2D_E,v70,14,1,12.0,109,direct_newton
Rosenbrock_2D_E,v54,15,1,11.0,106,direct_newton
Rosenbrock_2D_E,v70,15,1,12.0,106,direct_newton
Rosenbrock_2D_E,v54,16,1,12.0,113,direct_newton
Rosenbrock_2D_E,v70,16,1,12.0,113,direct_newton
Rosenbrock_2D_E,v54,17,1,11.0,98,direct_newton
Rosenbrock_2D_E,v70,17,1,10.0,98,direct_newton
Rosenbrock_2D_E,v54,18,1,15.0,104,direct_newton
Rosenbrock_2D_E,v70,18,1,12.0,104,direct_newton
Rosenbrock_2D_E,v54,19,1,15.0,93,direct_newton
Rosenbrock_2D_E,v70,19,1,15.0,93,direct_newton
Rosenbrock_2D_E,v54,20,1,11.0,108,direct_newton
Rosenbrock_2D_E,v70,20,1,12.0,108,direct_newton
Rosenbrock_2D_E,v54,21,1,11.0,105,direct_newton
Rosenbrock_2D_E,v70,21,1,12.0,105,direct_newton
Rosenbrock_2D_E,v54,22,1,11.0,99,direct_newton
Rosenbrock_2D_E,v70,22,1,10.0,99,direct_newton
Rosenbrock_2D_E,v54,23,1,12.0,108,direct_newton
Rosenbrock_2D_E,v70,23,1,12.0,108,direct_newton
Rosenbrock_2D_E,v54,24,1,11.0,102,direct_newton
Rosenbrock_2D_E,v70,24,1,11.0,102,direct_newton
Rosenbrock_2D_E,v54,25,1,11.0,99,direct_newton
Rosenbrock_2D_E,v70,25,1,10.9,99,direct_newton
Rosenbrock_2D_E,v54,26,1,10.1,93,direct_newton
Rosenbrock_2D_E,v70,26,1,10.0,93,direct_newton
Rosenbrock_2D_E,v54,27,1,10.9,104,direct_newton
Rosenbrock_2D_E,v70,27,1,11.1,104,direct_newton
Rosenbrock_2D_E,v54,28,1,12.0,111,direct_newton
Rosenbrock_2D_E,v70,28,1,11.0,111,direct_newton
Rosenbrock_2D_E,v54,29,1,11.0,107,direct_newton
Rosenbrock_2D_E,v70,29,1,11.0,107,direct_newton
Rosenbrock_2D_H,v54,0,1,6.0,55,direct_newton
Rosenbrock_2D_H,v70,0,1,6.0,55,direct_newton
Rosenbrock_2D_H,v54,1,1,5.0,44,direct_newton
Rosenbrock_2D_H,v70,1,1,5.0,44,direct_newton
Rosenbrock_2D_H,v54,2,1,5.0,44,direct_newton
Rosenbrock_2D_H,v70,2,1,5.0,44,direct_newton
Rosenbrock_2D_H,v54,3,1,6.0,58,direct_newton
Rosenbrock_2D_H,v70,3,1,7.0,58,direct_newton
Rosenbrock_2D_H,v54,4,1,5.0,47,direct_newton
Rosenbrock_2D_H,v70,4,1,5.0,47,direct_newton
Rosenbrock_2D_H,v54,5,1,5.0,52,direct_newton
Rosenbrock_2D_H,v70,5,1,6.0,52,direct_newton
Rosenbrock_2D_H,v54,6,1,4.0,39,direct_newton
Rosenbrock_2D_H,v70,6,1,5.0,39,direct_newton
Rosenbrock_2D_H,v54,7,1,5.0,45,direct_newton
Rosenbrock_2D_H,v70,7,1,5.0,45,direct_newton
Rosenbrock_2D_H,v54,8,1,5.0,43,direct_newton
Rosenbrock_2D_H,v70,8,1,5.0,43,direct_newton
Rosenbrock_2D_H,v54,9,1,6.0,59,direct_newton
Rosenbrock_2D_H,v70,9,1,7.0,59,direct_newton
Rosenbrock_2D_H,v54,10,1,5.0,45,direct_newton
Rosenbrock_2D_H,v70,10,1,5.0,45,direct_newton
Rosenbrock_2D_H,v54,11,1,5.0,48,direct_newton
Rosenbrock_2D_H,v70,11,1,6.0,48,direct_newton
Rosenbrock_2D_H,v54,12,1,5.0,48,direct_newton
Rosenbrock_2D_H,v70,12,1,6.0,48,direct_newton
Rosenbrock_2D_H,v54,13,1,6.0,56,direct_newton
Rosenbrock_2D_H,v70,13,1,6.0,56,direct_newton
Rosenbrock_2D_H,v54,14,1,5.0,50,direct_newton
Rosenbrock_2D_H,v70,14,1,6.0,50,direct_newton
Rosenbrock_2D_H,v54,15,1,5.0,48,direct_newton
Rosenbrock_2D_H,v70,15,1,6.0,48,direct_newton
Rosenbrock_2D_H,v54,16,1,5.0,50,direct_newton
Rosenbrock_2D_H,v70,16,1,6.0,50,direct_newton
Rosenbrock_2D_H,v54,17,1,5.0,49,direct_newton
Rosenbrock_2D_H,v70,17,1,6.0,49,direct_newton
Rosenbrock_2D_H,v54,18,1,5.0,48,direct_newton
Rosenbrock_2D_H,v70,18,1,7.0,48,direct_newton
Rosenbrock_2D_H,v54,19,1,6.0,50,direct_newton
Rosenbrock_2D_H,v70,19,1,5.0,50,direct_newton
Rosenbrock_2D_H,v54,20,1,6.0,55,direct_newton
Rosenbrock_2D_H,v70,20,1,7.0,55,direct_newton
Rosenbrock_2D_H,v54,21,1,5.0,48,direct_newton
Rosenbrock_2D_H,v70,21,1,6.0,48,direct_newton
Rosenbrock_2D_H,v54,22,1,5.0,52,direct_newton
Rosenbrock_2D_H,v70,22,1,6.0,52,direct_newton
Rosenbrock_2D_H,v54,23,1,5.0,45,direct_newton
Rosenbrock_2D_H,v70,23,1,5.0,45,direct_newton
Rosenbrock_2D_H,v54,24,1,5.0,51,direct_newton
Rosenbrock_2D_H,v70,24,1,6.0,51,direct_newton
Rosenbrock_2D_H,v54,25,1,6.0,56,direct_newton
Rosenbrock_2D_H,v70,25,1,6.0,56,direct_newton
Rosenbrock_2D_H,v54,26,1,5.0,55,direct_newton
Rosenbrock_2D_H,v70,26,1,7.0,55,direct_newton
Rosenbrock_2D_H,v54,27,1,4.0,41,direct_newton
Rosenbrock_2D_H,v70,27,1,5.0,41,direct_newton
Rosenbrock_2D_H,v54,28,1,5.0,41,direct_newton
Rosenbrock_2D_H,v70,28,1,5.0,41,direct_newton
Rosenbrock_2D_H,v54,29,1,5.0,51,direct_newton
Rosenbrock_2D_H,v70,29,1,6.0,51,direct_newton
Rosenbrock_2D_M,v54,0,1,4.0,33,direct_newton
Rosenbrock_2D_M,v70,0,1,4.0,33,direct_newton
Rosenbrock_2D_M,v54,1,1,3.0,31,direct_newton
Rosenbrock_2D_M,v70,1,1,4.0,31,direct_newton
Rosenbrock_2D_M,v54,2,1,4.0,35,direct_newton
Rosenbrock_2D_M,v70,2,1,4.0,35,direct_newton
Rosenbrock_2D_M,v54,3,1,4.0,30,direct_newton
Rosenbrock_2D_M,v70,3,1,9.0,30,direct_newton
Rosenbrock_2D_M,v54,4,1,3.0,31,direct_newton
Rosenbrock_2D_M,v70,4,1,4.0,31,direct_newton
Rosenbrock_2D_M,v54,5,1,4.0,35,direct_newton
Rosenbrock_2D_M,v70,5,1,4.0,35,direct_newton
Rosenbrock_2D_M,v54,6,1,3.0,29,direct_newton
Rosenbrock_2D_M,v70,6,1,4.0,29,direct_newton
Rosenbrock_2D_M,v54,7,1,4.0,34,direct_newton
Rosenbrock_2D_M,v70,7,1,4.0,34,direct_newton
Rosenbrock_2D_M,v54,8,1,4.0,35,direct_newton
Rosenbrock_2D_M,v70,8,1,4.0,35,direct_newton
Rosenbrock_2D_M,v54,9,1,4.0,32,direct_newton
Rosenbrock_2D_M,v70,9,1,4.0,32,direct_newton
Rosenbrock_2D_M,v54,10,1,3.0,33,direct_newton
Rosenbrock_2D_M,v70,10,1,4.0,33,direct_newton
Rosenbrock_2D_M,v54,11,1,4.0,32,direct_newton
Rosenbrock_2D_M,v70,11,1,4.0,32,direct_newton
Rosenbrock_2D_M,v54,12,1,3.0,29,direct_newton
Rosenbrock_2D_M,v70,12,1,4.0,29,direct_newton
Rosenbrock_2D_M,v54,13,1,3.0,32,direct_newton
Rosenbrock_2D_M,v70,13,1,4.0,32,direct_newton
Rosenbrock_2D_M,v54,14,1,3.0,28,direct_newton
Rosenbrock_2D_M,v70,14,1,4.0,28,direct_newton
Rosenbrock_2D_M,v54,15,1,4.0,35,direct_newton
Rosenbrock_2D_M,v70,15,1,4.0,35,direct_newton
Rosenbrock_2D_M,v54,16,1,3.0,29,direct_newton
Rosenbrock_2D_M,v70,16,1,4.0,29,direct_newton
Rosenbrock_2D_M,v54,17,1,3.0,30,direct_newton
Rosenbrock_2D_M,v70,17,1,4.0,30,direct_newton
Rosenbrock_2D_M,v54,18,1,4.0,32,direct_newton
Rosenbrock_2D_M,v70,18,1,4.0,32,direct_newton
Rosenbrock_2D_M,v54,19,1,4.0,34,direct_newton
Rosenbrock_2D_M,v70,19,1,4.0,34,direct_newton
Rosenbrock_2D_M,v54,20,1,4.0,36,direct_newton
Rosenbrock_2D_M,v70,20,1,4.0,36,direct_newton
Rosenbrock_2D_M,v54,21,1,4.0,33,direct_newton
Rosenbrock_2D_M,v70,21,1,4.0,33,direct_newton
Rosenbrock_2D_M,v54,22,1,4.0,34,direct_newton
Rosenbrock_2D_M,v70,22,1,4.0,34,direct_newton
Rosenbrock_2D_M,v54,23,1,3.0,28,direct_newton
Rosenbrock_2D_M,v70,23,1,4.0,28,direct_newton
Rosenbrock_2D_M,v54,24,1,3.0,34,direct_newton
Rosenbrock_2D_M,v70,24,1,5.0,34,direct_newton
Rosenbrock_2D_M,v54,25,1,3.0,30,direct_newton
Rosenbrock_2D_M,v70,25,1,4.0,30,direct_newton
Rosenbrock_2D_M,v54,26,1,3.0,34,direct_newton
Rosenbrock_2D_M,v70,26,1,5.4,34,direct_newton
Rosenbrock_2D_M,v54,27,1,3.6,31,direct_newton
Rosenbrock_2D_M,v70,27,1,3.0,31,direct_newton
Rosenbrock_2D_M,v54,28,1,4.0,34,direct_newton
Rosenbrock_2D_M,v70,28,1,5.0,34,direct_newton
Rosenbrock_2D_M,v54,29,1,3.0,30,direct_newton
Rosenbrock_2D_M,v70,29,1,4.0,30,direct_newton
Rotated_Ackley_20D,v54,0,1,2508.3,96157,hgca_refined_f
Rotated_Ackley_20D,v70,0,1,2576.4,96157,hgca_refined_f
Rotated_Ackley_20D,v54,1,1,1792.2,81720,hgca_refined_f
Rotated_Ackley_20D,v70,1,1,1786.0,81720,hgca_refined_f
Rotated_Ackley_20D,v54,2,1,1932.4,81732,hgca_refined_f
Rotated_Ackley_20D,v70,2,1,1881.7,81732,hgca_refined_f
Rotated_Ackley_20D,v54,3,1,1845.3,81759,hgca_refined_f
Rotated_Ackley_20D,v70,3,1,1756.3,81759,hgca_refined_f
Rotated_Ackley_20D,v54,4,0,2660.4,96096,hgca_cma_failed
Rotated_Ackley_20D,v70,4,0,2686.9,96096,hgca_cma_failed
Rotated_Ackley_20D,v54,5,1,2476.9,96130,hgca_refined_f
Rotated_Ackley_20D,v70,5,1,2404.7,96130,hgca_refined_f
Rotated_Ackley_20D,v54,6,1,1728.6,81739,hgca_refined_f
Rotated_Ackley_20D,v70,6,1,1126.6,81739,hgca_refined_f
Rotated_Ackley_20D,v54,7,1,1729.7,81729,hgca_refined_f
Rotated_Ackley_20D,v70,7,1,1860.0,81729,hgca_refined_f
Rotated_Ackley_20D,v54,8,1,1783.0,81727,hgca_refined_f
Rotated_Ackley_20D,v70,8,1,1308.4,81727,hgca_refined_f
Rotated_Ackley_20D,v54,9,1,1839.7,81732,hgca_refined_f
Rotated_Ackley_20D,v70,9,1,1802.1,81732,hgca_refined_f
Rotated_Ackley_20D,v54,10,1,2002.3,81796,hgca_refined_f
Rotated_Ackley_20D,v70,10,1,2167.5,81796,hgca_refined_f
Rotated_Ackley_20D,v54,11,1,1807.8,81729,hgca_refined_f
Rotated_Ackley_20D,v70,11,1,1803.2,81729,hgca_refined_f
Rotated_Ackley_20D,v54,12,1,2869.5,96191,hgca_refined_f
Rotated_Ackley_20D,v70,12,1,2565.5,96191,hgca_refined_f
Rotated_Ackley_20D,v54,13,0,1823.9,81720,hgca_cma_failed
Rotated_Ackley_20D,v70,13,0,1811.2,81720,hgca_cma_failed
Rotated_Ackley_20D,v54,14,1,2429.3,96143,hgca_refined_f
Rotated_Ackley_20D,v70,14,1,2469.4,96143,hgca_refined_f
Rotated_Ackley_20D,v54,15,1,1392.8,81725,hgca_refined_f
Rotated_Ackley_20D,v70,15,1,1857.0,81725,hgca_refined_f
Rotated_Ackley_20D,v54,16,1,1503.0,81746,hgca_refined_f
Rotated_Ackley_20D,v70,16,1,1848.0,81746,hgca_refined_f
Rotated_Ackley_20D,v54,17,1,1516.4,81738,hgca_refined_f
Rotated_Ackley_20D,v70,17,1,1792.4,81738,hgca_refined_f
Rotated_Ackley_20D,v54,18,1,1820.5,79427,hgca_refined_f
Rotated_Ackley_20D,v70,18,1,2128.5,79427,hgca_refined_f
Rotated_Ackley_20D,v54,19,1,2312.3,96159,hgca_refined_f
Rotated_Ackley_20D,v70,19,1,2429.9,96159,hgca_refined_f
Rotated_Ackley_20D,v54,20,1,1734.8,81735,hgca_refined_f
Rotated_Ackley_20D,v70,20,1,1807.8,81735,hgca_refined_f
Rotated_Ackley_20D,v54,21,1,1787.2,81742,hgca_refined_f
Rotated_Ackley_20D,v70,21,1,1795.3,81742,hgca_refined_f
Rotated_Ackley_20D,v54,22,1,1790.6,81744,hgca_refined_f
Rotated_Ackley_20D,v70,22,1,1818.3,81744,hgca_refined_f
Rotated_Ackley_20D,v54,23,1,1977.7,81813,hgca_refined_f
Rotated_Ackley_20D,v70,23,1,2018.5,81813,hgca_refined_f
Rotated_Ackley_20D,v54,24,1,2580.2,96150,hgca_refined_f
Rotated_Ackley_20D,v70,24,1,2269.6,96150,hgca_refined_f
Rotated_Ackley_20D,v54,25,1,1844.6,81787,hgca_refined_f
Rotated_Ackley_20D,v70,25,1,1674.2,81787,hgca_refined_f
Rotated_Ackley_20D,v54,26,1,2027.1,81755,hgca_refined_f
Rotated_Ackley_20D,v70,26,1,1631.1,81755,hgca_refined_f
Rotated_Ackley_20D,v54,27,1,1896.2,81823,hgca_refined_f
Rotated_Ackley_20D,v70,27,1,1880.6,81823,hgca_refined_f
Rotated_Ackley_20D,v54,28,1,1776.5,81726,hgca_refined_f
Rotated_Ackley_20D,v70,28,1,1766.1,81726,hgca_refined_f
Rotated_Ackley_20D,v54,29,1,1889.0,81768,hgca_refined_f
Rotated_Ackley_20D,v70,29,1,1851.8,81768,hgca_refined_f
Rotated_Rastrigin_20D,v54,0,0,1627.0,76857,hgca_cma_failed
Rotated_Rastrigin_20D,v70,0,1,7.0,2,pcu_ok
Rotated_Rastrigin_20D,v54,1,0,1626.8,76857,hgca_cma_failed
Rotated_Rastrigin_20D,v70,1,1,6.1,2,pcu_ok
Rotated_Rastrigin_20D,v54,2,0,1647.0,77186,hgca_cma_failed
Rotated_Rastrigin_20D,v70,2,1,6.0,2,pcu_ok
Rotated_Rastrigin_20D,v54,3,0,1611.0,77187,hgca_cma_failed
Rotated_Rastrigin_20D,v70,3,1,6.0,2,pcu_ok
Rotated_Rastrigin_20D,v54,4,0,1859.9,78173,hgca_cma_failed
Rotated_Rastrigin_20D,v70,4,1,7.0,2,pcu_ok
Rotated_Rastrigin_20D,v54,5,0,1505.0,76857,hgca_cma_failed
Rotated_Rastrigin_20D,v70,5,1,6.0,2,pcu_ok
Rotated_Rastrigin_20D,v54,6,0,1560.1,77515,hgca_cma_failed
Rotated_Rastrigin_20D,v70,6,1,6.0,2,pcu_ok
Rotated_Rastrigin_20D,v54,7,0,1701.2,78503,hgca_cma_failed
Rotated_Rastrigin_20D,v70,7,1,5.7,2,pcu_ok
Rotated_Rastrigin_20D,v54,8,0,1700.1,77515,hgca_cma_failed
Rotated_Rastrigin_20D,v70,8,1,7.0,2,pcu_ok
Rotated_Rastrigin_20D,v54,9,0,1310.6,77187,hgca_cma_failed
Rotated_Rastrigin_20D,v70,9,1,4.0,2,pcu_ok
Rotated_Rastrigin_20D,v54,10,0,1518.0,77844,hgca_cma_failed
Rotated_Rastrigin_20D,v70,10,1,5.0,2,pcu_ok
Rotated_Rastrigin_20D,v54,11,0,1359.6,77844,hgca_cma_failed
Rotated_Rastrigin_20D,v70,11,1,7.1,2,pcu_ok
Rotated_Rastrigin_20D,v54,12,0,1784.7,77844,hgca_cma_failed
Rotated_Rastrigin_20D,v70,12,1,6.0,2,pcu_ok
Rotated_Rastrigin_20D,v54,13,0,1950.4,77844,hgca_cma_failed
Rotated_Rastrigin_20D,v70,13,1,8.0,2,pcu_ok
Rotated_Rastrigin_20D,v54,14,0,2311.3,78502,hgca_cma_failed
Rotated_Rastrigin_20D,v70,14,1,7.0,2,pcu_ok
Rotated_Rastrigin_20D,v54,15,0,1665.7,76857,hgca_cma_failed
Rotated_Rastrigin_20D,v70,15,1,7.0,2,pcu_ok
Rotated_Rastrigin_20D,v54,16,0,1750.6,77515,hgca_cma_failed
Rotated_Rastrigin_20D,v70,16,1,7.0,2,pcu_ok
Rotated_Rastrigin_20D,v54,17,0,1523.0,77844,hgca_cma_failed
Rotated_Rastrigin_20D,v70,17,1,4.0,2,pcu_ok
Rotated_Rastrigin_20D,v54,18,0,910.0,76859,hgca_cma_failed
Rotated_Rastrigin_20D,v70,18,1,11.0,2,pcu_ok
Rotated_Rastrigin_20D,v54,19,0,1790.2,77844,hgca_cma_failed
Rotated_Rastrigin_20D,v70,19,1,6.0,2,pcu_ok
Rotated_Rastrigin_20D,v54,20,0,1760.1,77515,hgca_cma_failed
Rotated_Rastrigin_20D,v70,20,1,6.0,2,pcu_ok
Rotated_Rastrigin_20D,v54,21,0,1784.8,77515,hgca_cma_failed
Rotated_Rastrigin_20D,v70,21,1,7.0,2,pcu_ok
Rotated_Rastrigin_20D,v54,22,0,1803.3,77186,hgca_cma_failed
Rotated_Rastrigin_20D,v70,22,1,8.0,2,pcu_ok
Rotated_Rastrigin_20D,v54,23,0,1856.7,78173,hgca_cma_failed
Rotated_Rastrigin_20D,v70,23,1,8.0,2,pcu_ok
Rotated_Rastrigin_20D,v54,24,0,1734.9,77187,hgca_cma_failed
Rotated_Rastrigin_20D,v70,24,1,6.0,2,pcu_ok
Rotated_Rastrigin_20D,v54,25,0,1897.2,77844,hgca_cma_failed
Rotated_Rastrigin_20D,v70,25,1,6.0,2,pcu_ok
Rotated_Rastrigin_20D,v54,26,0,1355.0,77515,hgca_cma_failed
Rotated_Rastrigin_20D,v70,26,1,6.0,2,pcu_ok
Rotated_Rastrigin_20D,v54,27,0,1887.6,77844,hgca_cma_failed
Rotated_Rastrigin_20D,v70,27,1,6.0,2,pcu_ok
Rotated_Rastrigin_20D,v54,28,0,1808.6,78173,hgca_cma_failed
Rotated_Rastrigin_20D,v70,28,1,11.0,2,pcu_ok
Rotated_Rastrigin_20D,v54,29,0,1803.8,77844,hgca_cma_failed
Rotated_Rastrigin_20D,v70,29,1,6.0,2,pcu_ok
Schaffer_F6_2D_XE,v54,0,0,1052.5,40636,hgca_cma_failed
Schaffer_F6_2D_XE,v70,0,0,1023.4,40636,hgca_cma_failed
Schaffer_F6_2D_XE,v54,1,0,680.0,40969,hgca_cma_failed
Schaffer_F6_2D_XE,v70,1,0,1043.3,40969,hgca_cma_failed
Schaffer_F6_2D_XE,v54,2,0,852.8,42171,hgca_cma_failed
Schaffer_F6_2D_XE,v70,2,0,1017.8,42171,hgca_cma_failed
Schaffer_F6_2D_XE,v54,3,0,1028.7,40970,hgca_cma_failed
Schaffer_F6_2D_XE,v70,3,0,978.0,40970,hgca_cma_failed
Schaffer_F6_2D_XE,v54,4,0,1038.1,42171,hgca_cma_failed
Schaffer_F6_2D_XE,v70,4,0,1076.8,42171,hgca_cma_failed
Schaffer_F6_2D_XE,v54,5,0,957.1,40672,hgca_cma_failed
Schaffer_F6_2D_XE,v70,5,0,636.8,40672,hgca_cma_failed
Schaffer_F6_2D_XE,v54,6,0,489.5,40637,hgca_cma_failed
Schaffer_F6_2D_XE,v70,6,0,1013.0,40637,hgca_cma_failed
Schaffer_F6_2D_XE,v54,7,0,590.7,42503,hgca_cma_failed
Schaffer_F6_2D_XE,v70,7,0,462.0,42503,hgca_cma_failed
Schaffer_F6_2D_XE,v54,8,0,470.0,41632,hgca_cma_failed
Schaffer_F6_2D_XE,v70,8,0,427.0,41632,hgca_cma_failed
Schaffer_F6_2D_XE,v54,9,0,444.0,41632,hgca_cma_failed
Schaffer_F6_2D_XE,v70,9,0,718.3,41632,hgca_cma_failed
Schaffer_F6_2D_XE,v54,10,1,1000.9,40840,hgca_cma_refined
Schaffer_F6_2D_XE,v70,10,1,896.6,40840,hgca_cma_refined
Schaffer_F6_2D_XE,v54,11,0,832.3,40968,hgca_cma_failed
Schaffer_F6_2D_XE,v70,11,0,658.9,40968,hgca_cma_failed
Schaffer_F6_2D_XE,v54,12,0,1083.1,40968,hgca_cma_failed
Schaffer_F6_2D_XE,v70,12,0,1008.8,40968,hgca_cma_failed
Schaffer_F6_2D_XE,v54,13,0,947.5,41509,hgca_cma_failed
Schaffer_F6_2D_XE,v70,13,0,808.6,41509,hgca_cma_failed
Schaffer_F6_2D_XE,v54,14,1,998.0,41300,hgca_refined_f
Schaffer_F6_2D_XE,v70,14,1,997.4,41300,hgca_refined_f
Schaffer_F6_2D_XE,v54,15,0,1157.9,42834,hgca_cma_failed
Schaffer_F6_2D_XE,v70,15,0,1174.0,42834,hgca_cma_failed
Schaffer_F6_2D_XE,v54,16,0,1121.4,41632,hgca_cma_failed
Schaffer_F6_2D_XE,v70,16,0,658.2,41632,hgca_cma_failed
Schaffer_F6_2D_XE,v54,17,0,1077.4,40636,hgca_cma_failed
Schaffer_F6_2D_XE,v70,17,0,932.9,40636,hgca_cma_failed
Schaffer_F6_2D_XE,v54,18,0,944.0,40304,hgca_cma_failed
Schaffer_F6_2D_XE,v70,18,0,953.8,40304,hgca_cma_failed
Schaffer_F6_2D_XE,v54,19,0,930.0,39976,hgca_cma_failed
Schaffer_F6_2D_XE,v70,19,0,927.0,39976,hgca_cma_failed
Schaffer_F6_2D_XE,v54,20,1,989.4,41300,hgca_refined_f
Schaffer_F6_2D_XE,v70,20,1,1172.4,41300,hgca_refined_f
Schaffer_F6_2D_XE,v54,21,1,838.0,40841,hgca_cma_refined
Schaffer_F6_2D_XE,v70,21,1,571.3,40841,hgca_cma_refined
Schaffer_F6_2D_XE,v54,22,0,775.8,40968,hgca_cma_failed
Schaffer_F6_2D_XE,v70,22,0,1064.7,40968,hgca_cma_failed
Schaffer_F6_2D_XE,v54,23,0,574.6,40304,hgca_cma_failed
Schaffer_F6_2D_XE,v70,23,0,845.0,40304,hgca_cma_failed
Schaffer_F6_2D_XE,v54,24,1,861.4,39637,hgca_cma_refined
Schaffer_F6_2D_XE,v70,24,1,808.0,39637,hgca_cma_refined
Schaffer_F6_2D_XE,v54,25,1,820.0,39637,hgca_cma_refined
Schaffer_F6_2D_XE,v70,25,1,843.0,39637,hgca_cma_refined
Schaffer_F6_2D_XE,v54,26,0,1029.7,39973,hgca_cma_failed
Schaffer_F6_2D_XE,v70,26,0,915.0,39973,hgca_cma_failed
Schaffer_F6_2D_XE,v54,27,0,990.0,40969,hgca_cma_failed
Schaffer_F6_2D_XE,v70,27,0,1013.9,40969,hgca_cma_failed
Schaffer_F6_2D_XE,v54,28,0,1000.1,42503,hgca_cma_failed
Schaffer_F6_2D_XE,v70,28,0,1024.0,42503,hgca_cma_failed
Schaffer_F6_2D_XE,v54,29,1,1066.0,41300,hgca_refined_f
Schaffer_F6_2D_XE,v70,29,1,1109.0,41300,hgca_refined_f
Simulink_Linear_Loop,v54,0,1,0.0,4,direct_newton
Simulink_Linear_Loop,v70,0,1,1.0,4,direct_newton
Simulink_Linear_Loop,v54,1,1,1.0,4,direct_newton
Simulink_Linear_Loop,v70,1,1,0.0,4,direct_newton
Simulink_Linear_Loop,v54,2,1,0.0,3,direct_newton
Simulink_Linear_Loop,v70,2,1,1.0,3,direct_newton
Simulink_Linear_Loop,v54,3,1,0.0,4,direct_newton
Simulink_Linear_Loop,v70,3,1,1.0,4,direct_newton
Simulink_Linear_Loop,v54,4,1,1.0,4,direct_newton
Simulink_Linear_Loop,v70,4,1,1.0,4,direct_newton
Simulink_Linear_Loop,v54,5,1,0.0,3,direct_newton
Simulink_Linear_Loop,v70,5,1,1.0,3,direct_newton
Simulink_Linear_Loop,v54,6,1,0.0,3,direct_newton
Simulink_Linear_Loop,v70,6,1,1.0,3,direct_newton
Simulink_Linear_Loop,v54,7,1,0.0,4,direct_newton
Simulink_Linear_Loop,v70,7,1,1.0,4,direct_newton
Simulink_Linear_Loop,v54,8,1,1.0,3,direct_newton
Simulink_Linear_Loop,v70,8,1,1.0,3,direct_newton
Simulink_Linear_Loop,v54,9,1,0.0,3,direct_newton
Simulink_Linear_Loop,v70,9,1,1.0,3,direct_newton
Simulink_Linear_Loop,v54,10,1,0.0,4,direct_newton
Simulink_Linear_Loop,v70,10,1,1.0,4,direct_newton
Simulink_Linear_Loop,v54,11,1,1.0,4,direct_newton
Simulink_Linear_Loop,v70,11,1,0.0,4,direct_newton
Simulink_Linear_Loop,v54,12,1,0.0,3,direct_newton
Simulink_Linear_Loop,v70,12,1,1.0,3,direct_newton
Simulink_Linear_Loop,v54,13,1,0.0,4,direct_newton
Simulink_Linear_Loop,v70,13,1,1.0,4,direct_newton
Simulink_Linear_Loop,v54,14,1,0.0,3,direct_newton
Simulink_Linear_Loop,v70,14,1,1.0,3,direct_newton
Simulink_Linear_Loop,v54,15,1,1.0,4,direct_newton
Simulink_Linear_Loop,v70,15,1,1.0,4,direct_newton
Simulink_Linear_Loop,v54,16,1,0.0,3,direct_newton
Simulink_Linear_Loop,v70,16,1,1.0,3,direct_newton
Simulink_Linear_Loop,v54,17,1,1.0,4,direct_newton
Simulink_Linear_Loop,v70,17,1,0.0,4,direct_newton
Simulink_Linear_Loop,v54,18,1,0.0,4,direct_newton
Simulink_Linear_Loop,v70,18,1,1.0,4,direct_newton
Simulink_Linear_Loop,v54,19,1,0.0,3,direct_newton
Simulink_Linear_Loop,v70,19,1,1.0,3,direct_newton
Simulink_Linear_Loop,v54,20,1,0.0,3,direct_newton
Simulink_Linear_Loop,v70,20,1,1.0,3,direct_newton
Simulink_Linear_Loop,v54,21,1,1.0,4,direct_newton
Simulink_Linear_Loop,v70,21,1,0.0,4,direct_newton
Simulink_Linear_Loop,v54,22,1,0.0,4,direct_newton
Simulink_Linear_Loop,v70,22,1,1.0,4,direct_newton
Simulink_Linear_Loop,v54,23,1,0.0,4,direct_newton
Simulink_Linear_Loop,v70,23,1,1.0,4,direct_newton
Simulink_Linear_Loop,v54,24,1,1.0,4,direct_newton
Simulink_Linear_Loop,v70,24,1,1.0,4,direct_newton
Simulink_Linear_Loop,v54,25,1,0.0,3,direct_newton
Simulink_Linear_Loop,v70,25,1,1.0,3,direct_newton
Simulink_Linear_Loop,v54,26,1,0.0,3,direct_newton
Simulink_Linear_Loop,v70,26,1,1.0,3,direct_newton
Simulink_Linear_Loop,v54,27,1,0.0,3,direct_newton
Simulink_Linear_Loop,v70,27,1,1.0,3,direct_newton
Simulink_Linear_Loop,v54,28,1,1.0,4,direct_newton
Simulink_Linear_Loop,v70,28,1,0.0,4,direct_newton
Simulink_Linear_Loop,v54,29,1,0.0,3,direct_newton
Simulink_Linear_Loop,v70,29,1,1.0,3,direct_newton
Simulink_Nonlinear_Loop,v54,0,1,714.3,33326,hgca_cma_refined
Simulink_Nonlinear_Loop,v70,0,1,855.5,33326,hgca_cma_refined
Simulink_Nonlinear_Loop,v54,1,1,722.8,26593,hgca_cma_refined
Simulink_Nonlinear_Loop,v70,1,1,731.0,26593,hgca_cma_refined
Simulink_Nonlinear_Loop,v54,2,1,749.2,31354,hgca_cma_refined
Simulink_Nonlinear_Loop,v70,2,1,798.7,31354,hgca_cma_refined
Simulink_Nonlinear_Loop,v54,3,1,839.1,31877,hgca_cma_refined
Simulink_Nonlinear_Loop,v70,3,1,840.0,31877,hgca_cma_refined
Simulink_Nonlinear_Loop,v54,4,1,526.0,30242,hgca_cma_refined
Simulink_Nonlinear_Loop,v70,4,1,721.3,30242,hgca_cma_refined
Simulink_Nonlinear_Loop,v54,5,1,877.9,32657,hgca_cma_refined
Simulink_Nonlinear_Loop,v70,5,1,856.0,32657,hgca_cma_refined
Simulink_Nonlinear_Loop,v54,6,1,827.8,34999,hgca_cma_refined
Simulink_Nonlinear_Loop,v70,6,1,845.7,34999,hgca_cma_refined
Simulink_Nonlinear_Loop,v54,7,1,817.0,31999,hgca_cma_refined
Simulink_Nonlinear_Loop,v70,7,1,550.0,31999,hgca_cma_refined
Simulink_Nonlinear_Loop,v54,8,1,779.0,28581,hgca_cma_refined
Simulink_Nonlinear_Loop,v70,8,1,782.0,28581,hgca_cma_refined
Simulink_Nonlinear_Loop,v54,9,1,768.4,28323,hgca_cma_refined
Simulink_Nonlinear_Loop,v70,9,1,768.0,28323,hgca_cma_refined
Simulink_Nonlinear_Loop,v54,10,1,862.5,34142,hgca_cma_refined
Simulink_Nonlinear_Loop,v70,10,1,842.2,34142,hgca_cma_refined
Simulink_Nonlinear_Loop,v54,11,1,324.6,34459,hgca_cma_refined
Simulink_Nonlinear_Loop,v70,11,1,536.6,34459,hgca_cma_refined
Simulink_Nonlinear_Loop,v54,12,1,880.9,34382,hgca_cma_refined
Simulink_Nonlinear_Loop,v70,12,1,882.4,34382,hgca_cma_refined
Simulink_Nonlinear_Loop,v54,13,1,827.9,31902,hgca_cma_refined
Simulink_Nonlinear_Loop,v70,13,1,838.0,31902,hgca_cma_refined
Simulink_Nonlinear_Loop,v54,14,1,830.4,31861,hgca_cma_refined
Simulink_Nonlinear_Loop,v70,14,1,876.9,31861,hgca_cma_refined
Simulink_Nonlinear_Loop,v54,15,1,863.9,33741,hgca_cma_refined
Simulink_Nonlinear_Loop,v70,15,1,860.0,33741,hgca_cma_refined
Simulink_Nonlinear_Loop,v54,16,1,807.3,30203,hgca_cma_refined
Simulink_Nonlinear_Loop,v70,16,1,656.7,30203,hgca_cma_refined
Simulink_Nonlinear_Loop,v54,17,1,654.2,31949,hgca_cma_refined
Simulink_Nonlinear_Loop,v70,17,1,792.3,31949,hgca_cma_refined
Simulink_Nonlinear_Loop,v54,18,1,829.8,32523,hgca_cma_refined
Simulink_Nonlinear_Loop,v70,18,1,797.0,32523,hgca_cma_refined
Simulink_Nonlinear_Loop,v54,19,1,760.0,31035,hgca_cma_refined
Simulink_Nonlinear_Loop,v70,19,1,764.8,31035,hgca_cma_refined
Simulink_Nonlinear_Loop,v54,20,1,819.6,32009,hgca_cma_refined
Simulink_Nonlinear_Loop,v70,20,1,759.5,32009,hgca_cma_refined
Simulink_Nonlinear_Loop,v54,21,1,915.0,33435,hgca_cma_refined
Simulink_Nonlinear_Loop,v70,21,1,931.3,33435,hgca_cma_refined
Simulink_Nonlinear_Loop,v54,22,1,772.6,33799,hgca_cma_refined
Simulink_Nonlinear_Loop,v70,22,1,833.0,33799,hgca_cma_refined
Simulink_Nonlinear_Loop,v54,23,1,844.0,33203,hgca_cma_refined
Simulink_Nonlinear_Loop,v70,23,1,866.7,33203,hgca_cma_refined
Simulink_Nonlinear_Loop,v54,24,1,899.4,33056,hgca_cma_refined
Simulink_Nonlinear_Loop,v70,24,1,839.0,33056,hgca_cma_refined
Simulink_Nonlinear_Loop,v54,25,1,589.0,25725,hgca_cma_refined
Simulink_Nonlinear_Loop,v70,25,1,737.0,25725,hgca_cma_refined
Simulink_Nonlinear_Loop,v54,26,1,822.3,33758,hgca_cma_refined
Simulink_Nonlinear_Loop,v70,26,1,842.0,33758,hgca_cma_refined
Simulink_Nonlinear_Loop,v54,27,1,966.0,31802,hgca_cma_refined
Simulink_Nonlinear_Loop,v70,27,1,852.0,31802,hgca_cma_refined
Simulink_Nonlinear_Loop,v54,28,1,843.8,31327,hgca_cma_refined
Simulink_Nonlinear_Loop,v70,28,1,814.0,31327,hgca_cma_refined
Simulink_Nonlinear_Loop,v54,29,1,830.9,32085,hgca_cma_refined
Simulink_Nonlinear_Loop,v70,29,1,829.7,32085,hgca_cma_refined
Wood_4D,v54,0,1,170.0,8305,hgca_cma_refined
Wood_4D,v70,0,1,170.0,8305,hgca_cma_refined
Wood_4D,v54,1,1,4.0,50,direct_newton
Wood_4D,v70,1,1,5.0,50,direct_newton
Wood_4D,v54,2,1,5.0,48,direct_newton
Wood_4D,v70,2,1,5.0,48,direct_newton
Wood_4D,v54,3,1,4.0,51,direct_newton
Wood_4D,v70,3,1,5.0,51,direct_newton
Wood_4D,v54,4,1,73.0,0,homotopy_direct
Wood_4D,v70,4,1,75.0,0,homotopy_direct
Wood_4D,v54,5,1,220.3,8298,hgca_cma_refined
Wood_4D,v70,5,1,480.0,8298,hgca_cma_refined
Wood_4D,v54,6,1,178.0,8297,hgca_cma_refined
Wood_4D,v70,6,1,169.0,8297,hgca_cma_refined
Wood_4D,v54,7,1,280.8,8296,hgca_cma_refined
Wood_4D,v70,7,1,284.3,8296,hgca_cma_refined
Wood_4D,v54,8,1,197.0,8298,hgca_cma_refined
Wood_4D,v70,8,1,190.0,8298,hgca_cma_refined
Wood_4D,v54,9,1,206.6,8298,hgca_cma_refined
Wood_4D,v70,9,1,258.0,8298,hgca_cma_refined
Wood_4D,v54,10,1,232.9,8301,hgca_cma_refined
Wood_4D,v70,10,1,221.0,8301,hgca_cma_refined
Wood_4D,v54,11,1,190.0,8305,hgca_cma_refined
Wood_4D,v70,11,1,199.3,8305,hgca_cma_refined
Wood_4D,v54,12,1,484.0,8302,hgca_cma_refined
Wood_4D,v70,12,1,530.0,8302,hgca_cma_refined
Wood_4D,v54,13,1,320.0,8310,hgca_cma_refined
Wood_4D,v70,13,1,805.0,8310,hgca_cma_refined
Wood_4D,v54,14,1,4696.0,8304,hgca_cma_refined
Wood_4D,v70,14,1,5554.8,8304,hgca_cma_refined
Wood_4D,v54,15,1,3208.9,8303,hgca_cma_refined
Wood_4D,v70,15,1,288.9,8303,hgca_cma_refined
Wood_4D,v54,16,1,334.0,8301,hgca_cma_refined
Wood_4D,v70,16,1,332.0,8301,hgca_cma_refined
Wood_4D,v54,17,1,6.0,49,direct_newton
Wood_4D,v70,17,1,5.0,49,direct_newton
Wood_4D,v54,18,1,354.0,8305,hgca_cma_refined
Wood_4D,v70,18,1,256.0,8305,hgca_cma_refined
Wood_4D,v54,19,1,5.0,50,direct_newton
Wood_4D,v70,19,1,6.0,50,direct_newton
Wood_4D,v54,20,1,5.0,49,direct_newton
Wood_4D,v70,20,1,5.0,49,direct_newton
Wood_4D,v54,21,1,5.1,53,direct_newton
Wood_4D,v70,21,1,6.0,53,direct_newton
Wood_4D,v54,22,1,236.0,8302,hgca_cma_refined
Wood_4D,v70,22,1,218.0,8302,hgca_cma_refined
Wood_4D,v54,23,1,58.0,0,homotopy_direct
Wood_4D,v70,23,1,49.0,0,homotopy_direct
Wood_4D,v54,24,1,86.0,8299,hgca_cma_refined
Wood_4D,v70,24,1,108.1,8299,hgca_cma_refined
Wood_4D,v54,25,1,3.0,52,direct_newton
Wood_4D,v70,25,1,4.0,52,direct_newton
Wood_4D,v54,26,1,37.6,0,homotopy_direct
Wood_4D,v70,26,1,30.1,0,homotopy_direct
Wood_4D,v54,27,1,83.0,8295,hgca_cma_refined
Wood_4D,v70,27,1,89.3,8295,hgca_cma_refined
Wood_4D,v54,28,1,3.0,51,direct_newton
Wood_4D,v70,28,1,4.0,51,direct_newton
Wood_4D,v54,29,1,108.9,7544,hgca_cma_refined
Wood_4D,v70,29,1,87.1,7544,hgca_cma_refined
Wood_4D_C,v54,0,1,2.0,64,direct_newton
Wood_4D_C,v70,0,1,2.0,64,direct_newton
Wood_4D_C,v54,1,1,2.0,62,direct_newton
Wood_4D_C,v70,1,1,3.0,62,direct_newton
Wood_4D_C,v54,2,1,2.0,55,direct_newton
Wood_4D_C,v70,2,1,2.0,55,direct_newton
Wood_4D_C,v54,3,1,21.1,0,homotopy_direct
Wood_4D_C,v70,3,1,19.0,0,homotopy_direct
Wood_4D_C,v54,4,1,2.2,60,direct_newton
Wood_4D_C,v70,4,1,2.0,60,direct_newton
Wood_4D_C,v54,5,1,3.0,55,direct_newton
Wood_4D_C,v70,5,1,2.0,55,direct_newton
Wood_4D_C,v54,6,1,2.0,57,direct_newton
Wood_4D_C,v70,6,1,3.0,57,direct_newton
Wood_4D_C,v54,7,1,81.2,6820,hgca_cma_refined
Wood_4D_C,v70,7,1,83.8,6820,hgca_cma_refined
Wood_4D_C,v54,8,1,88.8,6814,hgca_cma_refined
Wood_4D_C,v70,8,1,91.3,6814,hgca_cma_refined
Wood_4D_C,v54,9,1,3.0,59,direct_newton
Wood_4D_C,v70,9,1,3.0,59,direct_newton
Wood_4D_C,v54,10,1,106.4,6804,hgca_cma_refined
Wood_4D_C,v70,10,1,83.5,6804,hgca_cma_refined
Wood_4D_C,v54,11,1,6.0,0,homotopy_direct
Wood_4D_C,v70,11,1,5.0,0,homotopy_direct
Wood_4D_C,v54,12,1,73.9,6812,hgca_cma_refined
Wood_4D_C,v70,12,1,83.5,6812,hgca_cma_refined
Wood_4D_C,v54,13,1,82.3,6805,hgca_cma_refined
Wood_4D_C,v70,13,1,85.6,6805,hgca_cma_refined
Wood_4D_C,v54,14,1,2.3,61,direct_newton
Wood_4D_C,v70,14,1,3.0,61,direct_newton
Wood_4D_C,v54,15,1,2.0,54,direct_newton
Wood_4D_C,v70,15,1,2.0,54,direct_newton
Wood_4D_C,v54,16,1,2.0,60,direct_newton
Wood_4D_C,v70,16,1,3.0,60,direct_newton
Wood_4D_C,v54,17,1,2.1,56,direct_newton
Wood_4D_C,v70,17,1,2.5,56,direct_newton
Wood_4D_C,v54,18,1,79.8,6803,hgca_cma_refined
Wood_4D_C,v70,18,1,81.1,6803,hgca_cma_refined
Wood_4D_C,v54,19,1,4.0,55,direct_newton
Wood_4D_C,v70,19,1,1.5,55,direct_newton
Wood_4D_C,v54,20,1,3.0,59,direct_newton
Wood_4D_C,v70,20,1,2.0,59,direct_newton
Wood_4D_C,v54,21,1,34.1,0,homotopy_direct
Wood_4D_C,v70,21,1,33.5,0,homotopy_direct
Wood_4D_C,v54,22,1,2.0,59,direct_newton
Wood_4D_C,v70,22,1,2.0,59,direct_newton
Wood_4D_C,v54,23,1,3.0,66,direct_newton
Wood_4D_C,v70,23,1,3.0,66,direct_newton
Wood_4D_C,v54,24,1,2.0,60,direct_newton
Wood_4D_C,v70,24,1,3.4,60,direct_newton
Wood_4D_C,v54,25,1,2.0,61,direct_newton
Wood_4D_C,v70,25,1,2.0,61,direct_newton
Wood_4D_C,v54,26,1,3.0,62,direct_newton
Wood_4D_C,v70,26,1,2.0,62,direct_newton
Wood_4D_C,v54,27,1,84.9,6808,hgca_cma_refined
Wood_4D_C,v70,27,1,82.9,6808,hgca_cma_refined
Wood_4D_C,v54,28,1,3.9,58,direct_newton
Wood_4D_C,v70,28,1,3.0,58,direct_newton
Wood_4D_C,v54,29,1,4.0,60,direct_newton
Wood_4D_C,v70,29,1,3.3,60,direct_newton
Wood_4D_E,v54,0,1,28.4,0,homotopy_direct
Wood_4D_E,v70,0,1,31.7,0,homotopy_direct
Wood_4D_E,v54,1,1,3.5,65,direct_newton
Wood_4D_E,v70,1,1,2.1,65,direct_newton
Wood_4D_E,v54,2,1,2.0,55,direct_newton
Wood_4D_E,v70,2,1,3.0,55,direct_newton
Wood_4D_E,v54,3,1,32.2,0,homotopy_direct
Wood_4D_E,v70,3,1,31.3,0,homotopy_direct
Wood_4D_E,v54,4,1,2.0,57,direct_newton
Wood_4D_E,v70,4,1,2.0,57,direct_newton
Wood_4D_E,v54,5,1,2.0,53,direct_newton
Wood_4D_E,v70,5,1,1.0,53,direct_newton
Wood_4D_E,v54,6,1,1.0,56,direct_newton
Wood_4D_E,v70,6,1,2.1,56,direct_newton
Wood_4D_E,v54,7,1,108.1,6049,hgca_cma_refined
Wood_4D_E,v70,7,1,93.2,6049,hgca_cma_refined
Wood_4D_E,v54,8,1,15.0,0,homotopy_direct
Wood_4D_E,v70,8,1,19.1,0,homotopy_direct
Wood_4D_E,v54,9,1,3.0,57,direct_newton
Wood_4D_E,v70,9,1,2.9,57,direct_newton
Wood_4D_E,v54,10,1,2.0,59,direct_newton
Wood_4D_E,v70,10,1,4.0,59,direct_newton
Wood_4D_E,v54,11,1,3.0,59,direct_newton
Wood_4D_E,v70,11,1,5.0,59,direct_newton
Wood_4D_E,v54,12,1,3.0,59,direct_newton
Wood_4D_E,v70,12,1,5.0,59,direct_newton
Wood_4D_E,v54,13,1,3.0,63,direct_newton
Wood_4D_E,v70,13,1,4.0,63,direct_newton
Wood_4D_E,v54,14,1,2.0,65,direct_newton
Wood_4D_E,v70,14,1,3.0,65,direct_newton
Wood_4D_E,v54,15,1,2.0,59,direct_newton
Wood_4D_E,v70,15,1,2.0,59,direct_newton
Wood_4D_E,v54,16,1,2.0,59,direct_newton
Wood_4D_E,v70,16,1,2.0,59,direct_newton
Wood_4D_E,v54,17,1,2.0,59,direct_newton
Wood_4D_E,v70,17,1,2.0,59,direct_newton
Wood_4D_E,v54,18,1,1.0,53,direct_newton
Wood_4D_E,v70,18,1,2.0,53,direct_newton
Wood_4D_E,v54,19,1,2.0,56,direct_newton
Wood_4D_E,v70,19,1,2.0,56,direct_newton
Wood_4D_E,v54,20,1,2.0,59,direct_newton
Wood_4D_E,v70,20,1,3.0,59,direct_newton
Wood_4D_E,v54,21,1,32.4,0,homotopy_direct
Wood_4D_E,v70,21,1,34.5,0,homotopy_direct
Wood_4D_E,v54,22,1,4.1,57,direct_newton
Wood_4D_E,v70,22,1,2.0,57,direct_newton
Wood_4D_E,v54,23,1,3.4,62,direct_newton
Wood_4D_E,v70,23,1,3.0,62,direct_newton
Wood_4D_E,v54,24,1,4.4,58,direct_newton
Wood_4D_E,v70,24,1,3.9,58,direct_newton
Wood_4D_E,v54,25,1,3.0,59,direct_newton
Wood_4D_E,v70,25,1,3.0,59,direct_newton
Wood_4D_E,v54,26,1,4.0,55,direct_newton
Wood_4D_E,v70,26,1,2.4,55,direct_newton
Wood_4D_E,v54,27,1,15.2,0,homotopy_direct
Wood_4D_E,v70,27,1,12.3,0,homotopy_direct
Wood_4D_E,v54,28,1,53.5,6071,hgca_cma_refined
Wood_4D_E,v70,28,1,102.7,6071,hgca_cma_refined
Wood_4D_E,v54,29,1,3.0,56,direct_newton
Wood_4D_E,v70,29,1,3.0,56,direct_newton
Wood_4D_H,v54,0,1,150.0,7562,hgca_cma_refined
Wood_4D_H,v70,0,1,785.0,7562,hgca_cma_refined
Wood_4D_H,v54,1,1,6.9,59,direct_newton
Wood_4D_H,v70,1,1,97.0,59,direct_newton
Wood_4D_H,v54,2,1,3786.1,7552,hgca_cma_refined
Wood_4D_H,v70,2,1,209.0,7552,hgca_cma_refined
Wood_4D_H,v54,3,1,189.0,7556,hgca_cma_refined
Wood_4D_H,v70,3,1,206.9,7556,hgca_cma_refined
Wood_4D_H,v54,4,1,5.1,50,direct_newton
Wood_4D_H,v70,4,1,5.9,50,direct_newton
Wood_4D_H,v54,5,1,213.1,7557,hgca_cma_refined
Wood_4D_H,v70,5,1,218.0,7557,hgca_cma_refined
Wood_4D_H,v54,6,1,6.0,57,direct_newton
Wood_4D_H,v70,6,1,5.0,57,direct_newton
Wood_4D_H,v54,7,1,6.0,57,direct_newton
Wood_4D_H,v70,7,1,5.9,57,direct_newton
Wood_4D_H,v54,8,1,5.1,55,direct_newton
Wood_4D_H,v70,8,1,5.0,55,direct_newton
Wood_4D_H,v54,9,1,5.0,62,direct_newton
Wood_4D_H,v70,9,1,7.0,62,direct_newton
Wood_4D_H,v54,10,1,5.9,52,direct_newton
Wood_4D_H,v70,10,1,5.1,52,direct_newton
Wood_4D_H,v54,11,1,6.0,54,direct_newton
Wood_4D_H,v70,11,1,6.0,54,direct_newton
Wood_4D_H,v54,12,1,77.0,0,homotopy_direct
Wood_4D_H,v70,12,1,78.0,0,homotopy_direct
Wood_4D_H,v54,13,1,5.0,51,direct_newton
Wood_4D_H,v70,13,1,5.0,51,direct_newton
Wood_4D_H,v54,14,1,4.0,50,direct_newton
Wood_4D_H,v70,14,1,5.0,50,direct_newton
Wood_4D_H,v54,15,1,212.4,7550,hgca_cma_refined
Wood_4D_H,v70,15,1,194.8,7550,hgca_cma_refined
Wood_4D_H,v54,16,1,108.8,7573,hgca_cma_refined
Wood_4D_H,v70,16,1,113.1,7573,hgca_cma_refined
Wood_4D_H,v54,17,1,4.0,51,direct_newton
Wood_4D_H,v70,17,1,5.0,51,direct_newton
Wood_4D_H,v54,18,1,5.0,52,direct_newton
Wood_4D_H,v70,18,1,5.9,52,direct_newton
Wood_4D_H,v54,19,1,5.1,55,direct_newton
Wood_4D_H,v70,19,1,5.0,55,direct_newton
Wood_4D_H,v54,20,1,4.0,51,direct_newton
Wood_4D_H,v70,20,1,5.0,51,direct_newton
Wood_4D_H,v54,21,1,76.0,0,homotopy_direct
Wood_4D_H,v70,21,1,76.0,0,homotopy_direct
Wood_4D_H,v54,22,1,37.0,0,homotopy_direct
Wood_4D_H,v70,22,1,37.0,0,homotopy_direct
Wood_4D_H,v54,23,1,4.0,52,direct_newton
Wood_4D_H,v70,23,1,6.0,52,direct_newton
Wood_4D_H,v54,24,1,273.0,7573,hgca_cma_refined
Wood_4D_H,v70,24,1,276.5,7573,hgca_cma_refined
Wood_4D_H,v54,25,1,56.0,0,homotopy_direct
Wood_4D_H,v70,25,1,59.0,0,homotopy_direct
Wood_4D_H,v54,26,1,186.0,7562,hgca_cma_refined
Wood_4D_H,v70,26,1,195.4,7562,hgca_cma_refined
Wood_4D_H,v54,27,1,242.0,7557,hgca_cma_refined
Wood_4D_H,v70,27,1,188.0,7557,hgca_cma_refined
Wood_4D_H,v54,28,1,2.0,58,direct_newton
Wood_4D_H,v70,28,1,4.0,58,direct_newton
Wood_4D_H,v54,29,1,22.6,0,homotopy_direct
Wood_4D_H,v70,29,1,21.0,0,homotopy_direct
Wood_4D_M,v54,0,1,1.0,47,direct_newton
Wood_4D_M,v70,0,1,2.0,47,direct_newton
Wood_4D_M,v54,1,1,2.0,49,direct_newton
Wood_4D_M,v70,1,1,1.0,49,direct_newton
Wood_4D_M,v54,2,1,26.5,0,homotopy_direct
Wood_4D_M,v70,2,1,29.2,0,homotopy_direct
Wood_4D_M,v54,3,1,2.0,48,direct_newton
Wood_4D_M,v70,3,1,1.0,48,direct_newton
Wood_4D_M,v54,4,1,2.0,50,direct_newton
Wood_4D_M,v70,4,1,2.0,50,direct_newton
Wood_4D_M,v54,5,1,2.0,47,direct_newton
Wood_4D_M,v70,5,1,2.1,47,direct_newton
Wood_4D_M,v54,6,1,2.0,49,direct_newton
Wood_4D_M,v70,6,1,2.0,49,direct_newton
Wood_4D_M,v54,7,1,287.1,8300,hgca_cma_refined
Wood_4D_M,v70,7,1,289.3,8300,hgca_cma_refined
Wood_4D_M,v54,8,1,4.0,44,direct_newton
Wood_4D_M,v70,8,1,5.0,44,direct_newton
Wood_4D_M,v54,9,1,290.4,8301,hgca_cma_refined
Wood_4D_M,v70,9,1,281.0,8301,hgca_cma_refined
Wood_4D_M,v54,10,1,238.0,8300,hgca_cma_refined
Wood_4D_M,v70,10,1,242.0,8300,hgca_cma_refined
Wood_4D_M,v54,11,1,6.0,50,direct_newton
Wood_4D_M,v70,11,1,5.0,50,direct_newton
Wood_4D_M,v54,12,1,4.0,50,direct_newton
Wood_4D_M,v70,12,1,6.0,50,direct_newton
Wood_4D_M,v54,13,1,280.3,8300,hgca_cma_refined
Wood_4D_M,v70,13,1,275.2,8300,hgca_cma_refined
Wood_4D_M,v54,14,1,6.0,55,direct_newton
Wood_4D_M,v70,14,1,6.1,55,direct_newton
Wood_4D_M,v54,15,1,97.0,0,homotopy_direct
Wood_4D_M,v70,15,1,98.0,0,homotopy_direct
Wood_4D_M,v54,16,1,250.1,8302,hgca_cma_refined
Wood_4D_M,v70,16,1,315.5,8302,hgca_cma_refined
Wood_4D_M,v54,17,1,5.0,47,direct_newton
Wood_4D_M,v70,17,1,5.9,47,direct_newton
Wood_4D_M,v54,18,1,4.0,50,direct_newton
Wood_4D_M,v70,18,1,5.0,50,direct_newton
Wood_4D_M,v54,19,1,6.0,49,direct_newton
Wood_4D_M,v70,19,1,5.0,49,direct_newton
Wood_4D_M,v54,20,1,247.8,8301,hgca_cma_refined
Wood_4D_M,v70,20,1,241.9,8301,hgca_cma_refined
Wood_4D_M,v54,21,1,272.6,8308,hgca_cma_refined
Wood_4D_M,v70,21,1,274.8,8308,hgca_cma_refined
Wood_4D_M,v54,22,1,200.4,8306,hgca_cma_refined
Wood_4D_M,v70,22,1,158.1,8306,hgca_cma_refined
Wood_4D_M,v54,23,1,84.7,7556,hgca_cma_refined
Wood_4D_M,v70,23,1,113.4,7556,hgca_cma_refined
Wood_4D_M,v54,24,1,2.0,44,direct_newton
Wood_4D_M,v70,24,1,2.0,44,direct_newton
Wood_4D_M,v54,25,1,142.0,9062,hgca_cma_refined
Wood_4D_M,v70,25,1,137.9,9062,hgca_cma_refined
Wood_4D_M,v54,26,1,3.0,50,direct_newton
Wood_4D_M,v70,26,1,2.0,50,direct_newton
Wood_4D_M,v54,27,1,2.0,49,direct_newton
Wood_4D_M,v70,27,1,2.0,49,direct_newton
Wood_4D_M,v54,28,1,75.1,7551,hgca_cma_refined
Wood_4D_M,v70,28,1,116.0,7551,hgca_cma_refined
Wood_4D_M,v54,29,1,1.9,48,direct_newton
Wood_4D_M,v70,29,1,2.0,48,direct_newton
