problem,solver,run,conv,time_ms,nit,stage
Beale_2D,hgca_v67,0,1,59.2,0,homotopy_direct
Beale_2D,hgca_v54,0,1,55.1,0,homotopy_direct
Beale_2D,bipop,0,1,429.5,30302,
Beale_2D,nbipop,0,1,255.3,20814,
Beale_2D,hgca_v67,1,1,51.1,0,homotopy_direct
Beale_2D,hgca_v54,1,1,52.0,0,homotopy_direct
Beale_2D,bipop,1,1,394.0,30042,
Beale_2D,nbipop,1,1,270.5,21294,
Beale_2D,hgca_v67,2,1,53.0,0,homotopy_direct
Beale_2D,hgca_v54,2,1,54.0,0,homotopy_direct
Beale_2D,bipop,2,1,424.4,30009,
Beale_2D,nbipop,2,1,272.0,20838,
Beale_2D,hgca_v67,3,1,53.0,0,homotopy_direct
Beale_2D,hgca_v54,3,1,56.0,0,homotopy_direct
Beale_2D,bipop,3,1,402.5,30046,
Beale_2D,nbipop,3,1,263.0,20838,
Beale_2D,hgca_v67,4,1,46.0,0,homotopy_direct
Beale_2D,hgca_v54,4,1,50.0,0,homotopy_direct
Beale_2D,bipop,4,1,423.0,30157,
Beale_2D,nbipop,4,1,272.0,21678,
Beale_2D,hgca_v67,5,1,45.0,0,homotopy_direct
Beale_2D,hgca_v54,5,1,47.0,0,homotopy_direct
Beale_2D,bipop,5,1,416.0,30173,
Beale_2D,nbipop,5,1,269.3,21534,
Beale_2D,hgca_v67,6,1,39.0,0,homotopy_direct
Beale_2D,hgca_v54,6,1,40.0,0,homotopy_direct
Beale_2D,bipop,6,1,393.0,30281,
Beale_2D,nbipop,6,1,248.2,20862,
Beale_2D,hgca_v67,7,1,48.0,0,homotopy_direct
Beale_2D,hgca_v54,7,1,46.0,0,homotopy_direct
Beale_2D,bipop,7,1,418.1,30270,
Beale_2D,nbipop,7,1,815.4,21294,
Beale_2D,hgca_v67,8,1,243.0,0,homotopy_direct
Beale_2D,hgca_v54,8,1,185.0,0,homotopy_direct
Beale_2D,bipop,8,1,878.0,30328,
Beale_2D,nbipop,8,1,250.9,20850,
Beale_2D,hgca_v67,9,1,45.7,0,homotopy_direct
Beale_2D,hgca_v54,9,1,45.0,0,homotopy_direct
Beale_2D,bipop,9,1,390.2,30074,
Beale_2D,nbipop,9,1,262.8,20934,
Beale_2D,hgca_v67,10,1,47.0,0,homotopy_direct
Beale_2D,hgca_v54,10,1,47.2,0,homotopy_direct
Beale_2D,bipop,10,1,422.6,30053,
Beale_2D,nbipop,10,1,267.4,21270,
Beale_2D,hgca_v67,11,1,48.0,0,homotopy_direct
Beale_2D,hgca_v54,11,1,46.0,0,homotopy_direct
Beale_2D,bipop,11,1,390.4,30054,
Beale_2D,nbipop,11,1,270.6,21342,
Beale_2D,hgca_v67,12,1,50.0,0,homotopy_direct
Beale_2D,hgca_v54,12,1,47.0,0,homotopy_direct
Beale_2D,bipop,12,1,416.6,30219,
Beale_2D,nbipop,12,1,260.5,21366,
Beale_2D,hgca_v67,13,1,53.6,0,homotopy_direct
Beale_2D,hgca_v54,13,1,53.0,0,homotopy_direct
Beale_2D,bipop,13,1,375.9,30233,
Beale_2D,nbipop,13,1,267.0,21330,
Beale_2D,hgca_v67,14,1,55.0,0,homotopy_direct
Beale_2D,hgca_v54,14,1,57.0,0,homotopy_direct
Beale_2D,bipop,14,1,431.8,30166,
Beale_2D,nbipop,14,1,270.0,21354,
Beale_2D,hgca_v67,15,1,40.0,0,homotopy_direct
Beale_2D,hgca_v54,15,1,40.0,0,homotopy_direct
Beale_2D,bipop,15,1,407.8,30263,
Beale_2D,nbipop,15,1,265.8,20838,
Beale_2D,hgca_v67,16,1,48.0,0,homotopy_direct
Beale_2D,hgca_v54,16,1,47.0,0,homotopy_direct
Beale_2D,bipop,16,1,377.1,30279,
Beale_2D,nbipop,16,1,258.0,21474,
Beale_2D,hgca_v67,17,1,55.8,0,homotopy_direct
Beale_2D,hgca_v54,17,1,52.1,0,homotopy_direct
Beale_2D,bipop,17,1,400.5,30369,
Beale_2D,nbipop,17,1,268.1,21318,
Beale_2D,hgca_v67,18,1,54.0,0,homotopy_direct
Beale_2D,hgca_v54,18,1,53.0,0,homotopy_direct
Beale_2D,bipop,18,1,421.2,30299,
Beale_2D,nbipop,18,1,267.9,21294,
Beale_2D,hgca_v67,19,1,54.0,0,homotopy_direct
Beale_2D,hgca_v54,19,1,55.0,0,homotopy_direct
Beale_2D,bipop,19,1,420.7,30159,
Beale_2D,nbipop,19,1,265.6,21150,
Beale_2D,hgca_v67,20,1,40.0,0,homotopy_direct
Beale_2D,hgca_v54,20,1,39.0,0,homotopy_direct
Beale_2D,bipop,20,1,402.0,30328,
Beale_2D,nbipop,20,1,253.3,20934,
Beale_2D,hgca_v67,21,1,53.0,0,homotopy_direct
Beale_2D,hgca_v54,21,1,53.0,0,homotopy_direct
Beale_2D,bipop,21,1,403.8,30083,
Beale_2D,nbipop,21,1,262.9,20910,
Beale_2D,hgca_v67,22,1,41.0,0,homotopy_direct
Beale_2D,hgca_v54,22,1,39.0,0,homotopy_direct
Beale_2D,bipop,22,1,412.8,30332,
Beale_2D,nbipop,22,1,270.5,21522,
Beale_2D,hgca_v67,23,1,40.0,0,homotopy_direct
Beale_2D,hgca_v54,23,1,41.0,0,homotopy_direct
Beale_2D,bipop,23,1,422.0,30161,
Beale_2D,nbipop,23,1,260.0,21078,
Beale_2D,hgca_v67,24,1,52.0,0,homotopy_direct
Beale_2D,hgca_v54,24,1,52.6,0,homotopy_direct
Beale_2D,bipop,24,1,387.0,30041,
Beale_2D,nbipop,24,1,263.4,21318,
Beale_2D,hgca_v67,25,1,1.0,24,direct_newton
Beale_2D,hgca_v54,25,1,1.0,24,direct_newton
Beale_2D,bipop,25,1,384.1,30255,
Beale_2D,nbipop,25,1,268.6,21510,
Beale_2D,hgca_v67,26,1,48.5,0,homotopy_direct
Beale_2D,hgca_v54,26,1,47.0,0,homotopy_direct
Beale_2D,bipop,26,1,371.2,30126,
Beale_2D,nbipop,26,1,268.5,21222,
Beale_2D,hgca_v67,27,1,53.0,0,homotopy_direct
Beale_2D,hgca_v54,27,1,54.0,0,homotopy_direct
Beale_2D,bipop,27,1,393.0,30122,
Beale_2D,nbipop,27,1,265.6,20970,
Beale_2D,hgca_v67,28,1,39.0,0,homotopy_direct
Beale_2D,hgca_v54,28,1,38.0,0,homotopy_direct
Beale_2D,bipop,28,1,392.0,30347,
Beale_2D,nbipop,28,1,257.4,21546,
Beale_2D,hgca_v67,29,1,31.1,0,homotopy_direct
Beale_2D,hgca_v54,29,1,31.9,0,homotopy_direct
Beale_2D,bipop,29,1,417.6,30334,
Beale_2D,nbipop,29,1,268.6,21486,
Beale_2D_C,hgca_v67,0,1,241.0,25888,hgca_cma_refined
Beale_2D_C,hgca_v54,0,1,237.0,25888,hgca_cma_refined
Beale_2D_C,bipop,0,1,443.5,30234,
Beale_2D_C,nbipop,0,1,279.6,22050,
Beale_2D_C,hgca_v67,1,1,188.0,18321,hgca_cma_refined
Beale_2D_C,hgca_v54,1,1,185.1,18321,hgca_cma_refined
Beale_2D_C,bipop,1,1,398.2,30071,
Beale_2D_C,nbipop,1,1,267.0,21822,
Beale_2D_C,hgca_v67,2,1,212.0,22688,hgca_cma_refined
Beale_2D_C,hgca_v54,2,1,215.2,22688,hgca_cma_refined
Beale_2D_C,bipop,2,1,412.1,30230,
Beale_2D_C,nbipop,2,1,280.6,21918,
Beale_2D_C,hgca_v67,3,1,175.0,17080,hgca_cma_refined
Beale_2D_C,hgca_v54,3,1,175.0,17080,hgca_cma_refined
Beale_2D_C,bipop,3,1,439.2,30105,
Beale_2D_C,nbipop,3,1,283.8,21774,
Beale_2D_C,hgca_v67,4,1,222.1,22936,hgca_cma_refined
Beale_2D_C,hgca_v54,4,1,215.3,22936,hgca_cma_refined
Beale_2D_C,bipop,4,1,435.3,30343,
Beale_2D_C,nbipop,4,1,398.7,24030,
Beale_2D_C,hgca_v67,5,1,183.2,17953,hgca_cma_refined
Beale_2D_C,hgca_v54,5,1,182.0,17953,hgca_cma_refined
Beale_2D_C,bipop,5,1,399.5,30172,
Beale_2D_C,nbipop,5,1,288.6,22122,
Beale_2D_C,hgca_v67,6,1,236.5,25768,hgca_cma_refined
Beale_2D_C,hgca_v54,6,1,238.3,25768,hgca_cma_refined
Beale_2D_C,bipop,6,1,403.0,30030,
Beale_2D_C,nbipop,6,1,274.6,22086,
Beale_2D_C,hgca_v67,7,1,217.9,23824,hgca_cma_refined
Beale_2D_C,hgca_v54,7,1,214.9,23824,hgca_cma_refined
Beale_2D_C,bipop,7,1,393.3,30158,
Beale_2D_C,nbipop,7,1,285.0,22086,
Beale_2D_C,hgca_v67,8,1,178.1,16560,hgca_cma_refined
Beale_2D_C,hgca_v54,8,1,174.4,16560,hgca_cma_refined
Beale_2D_C,bipop,8,1,453.2,30029,
Beale_2D_C,nbipop,8,1,407.0,23718,
Beale_2D_C,hgca_v67,9,1,211.2,22231,hgca_cma_refined
Beale_2D_C,hgca_v54,9,1,211.3,22231,hgca_cma_refined
Beale_2D_C,bipop,9,1,410.7,30223,
Beale_2D_C,nbipop,9,1,270.9,22038,
Beale_2D_C,hgca_v67,10,1,228.9,25816,hgca_cma_refined
Beale_2D_C,hgca_v54,10,1,236.0,25816,hgca_cma_refined
Beale_2D_C,bipop,10,1,469.9,30085,
Beale_2D_C,nbipop,10,1,281.4,21822,
Beale_2D_C,hgca_v67,11,1,213.0,22216,hgca_cma_refined
Beale_2D_C,hgca_v54,11,1,213.5,22216,hgca_cma_refined
Beale_2D_C,bipop,11,1,440.5,30010,
Beale_2D_C,nbipop,11,1,307.0,22110,
Beale_2D_C,hgca_v67,12,1,176.9,17913,hgca_cma_refined
Beale_2D_C,hgca_v54,12,1,178.0,17913,hgca_cma_refined
Beale_2D_C,bipop,12,1,384.7,30063,
Beale_2D_C,nbipop,12,1,278.1,21870,
Beale_2D_C,hgca_v67,13,1,234.6,24656,hgca_cma_refined
Beale_2D_C,hgca_v54,13,1,223.9,24656,hgca_cma_refined
Beale_2D_C,bipop,13,1,418.0,30065,
Beale_2D_C,nbipop,13,1,277.0,21762,
Beale_2D_C,hgca_v67,14,1,208.7,22991,hgca_cma_refined
Beale_2D_C,hgca_v54,14,1,212.6,22991,hgca_cma_refined
Beale_2D_C,bipop,14,1,416.9,30106,
Beale_2D_C,nbipop,14,1,266.0,21870,
Beale_2D_C,hgca_v67,15,1,182.1,18993,hgca_cma_refined
Beale_2D_C,hgca_v54,15,1,181.9,18993,hgca_cma_refined
Beale_2D_C,bipop,15,1,484.5,30301,
Beale_2D_C,nbipop,15,1,280.0,21750,
Beale_2D_C,hgca_v67,16,1,233.1,24528,hgca_cma_refined
Beale_2D_C,hgca_v54,16,1,231.0,24528,hgca_cma_refined
Beale_2D_C,bipop,16,1,423.6,30164,
Beale_2D_C,nbipop,16,1,286.6,22074,
Beale_2D_C,hgca_v67,17,1,238.1,25208,hgca_cma_refined
Beale_2D_C,hgca_v54,17,1,229.2,25208,hgca_cma_refined
Beale_2D_C,bipop,17,1,418.5,30114,
Beale_2D_C,nbipop,17,1,265.7,21966,
Beale_2D_C,hgca_v67,18,1,180.0,17401,hgca_cma_refined
Beale_2D_C,hgca_v54,18,1,186.6,17401,hgca_cma_refined
Beale_2D_C,bipop,18,1,385.0,30085,
Beale_2D_C,nbipop,18,1,283.0,21810,
Beale_2D_C,hgca_v67,19,1,219.7,21888,hgca_cma_refined
Beale_2D_C,hgca_v54,19,1,214.0,21888,hgca_cma_refined
Beale_2D_C,bipop,19,1,440.2,30349,
Beale_2D_C,nbipop,19,1,284.3,21894,
Beale_2D_C,hgca_v67,20,1,236.0,25984,hgca_cma_refined
Beale_2D_C,hgca_v54,20,1,231.9,25984,hgca_cma_refined
Beale_2D_C,bipop,20,1,398.8,30308,
Beale_2D_C,nbipop,20,1,278.6,21762,
Beale_2D_C,hgca_v67,21,1,190.0,18153,hgca_cma_refined
Beale_2D_C,hgca_v54,21,1,188.0,18153,hgca_cma_refined
Beale_2D_C,bipop,21,1,468.6,30318,
Beale_2D_C,nbipop,21,1,285.0,21990,
Beale_2D_C,hgca_v67,22,1,195.0,19897,hgca_cma_refined
Beale_2D_C,hgca_v54,22,1,192.0,19897,hgca_cma_refined
Beale_2D_C,bipop,22,1,431.1,30103,
Beale_2D_C,nbipop,22,1,264.8,22038,
Beale_2D_C,hgca_v67,23,1,185.0,18969,hgca_cma_refined
Beale_2D_C,hgca_v54,23,1,184.8,18969,hgca_cma_refined
Beale_2D_C,bipop,23,1,434.5,30065,
Beale_2D_C,nbipop,23,1,280.5,22110,
Beale_2D_C,hgca_v67,24,1,225.0,23296,hgca_cma_refined
Beale_2D_C,hgca_v54,24,1,221.7,23296,hgca_cma_refined
Beale_2D_C,bipop,24,1,416.9,30097,
Beale_2D_C,nbipop,24,1,283.0,22062,
Beale_2D_C,hgca_v67,25,1,201.6,20001,hgca_cma_refined
Beale_2D_C,hgca_v54,25,1,193.0,20001,hgca_cma_refined
Beale_2D_C,bipop,25,1,431.0,30211,
Beale_2D_C,nbipop,25,1,272.5,22110,
Beale_2D_C,hgca_v67,26,1,214.0,22760,hgca_cma_refined
Beale_2D_C,hgca_v54,26,1,223.8,22760,hgca_cma_refined
Beale_2D_C,bipop,26,1,456.1,30313,
Beale_2D_C,nbipop,26,1,289.0,22026,
Beale_2D_C,hgca_v67,27,1,189.0,18217,hgca_cma_refined
Beale_2D_C,hgca_v54,27,1,191.6,18217,hgca_cma_refined
Beale_2D_C,bipop,27,1,439.8,30008,
Beale_2D_C,nbipop,27,1,403.0,23850,
Beale_2D_C,hgca_v67,28,1,221.0,24759,hgca_cma_refined
Beale_2D_C,hgca_v54,28,1,220.0,24759,hgca_cma_refined
Beale_2D_C,bipop,28,1,448.7,30148,
Beale_2D_C,nbipop,28,1,280.0,21918,
Beale_2D_C,hgca_v67,29,1,188.0,19305,hgca_cma_refined
Beale_2D_C,hgca_v54,29,1,189.0,19305,hgca_cma_refined
Beale_2D_C,bipop,29,1,463.0,30168,
Beale_2D_C,nbipop,29,1,287.7,21990,
Beale_2D_E,hgca_v67,0,1,248.0,26361,hgca_cma_refined
Beale_2D_E,hgca_v54,0,1,248.5,26361,hgca_cma_refined
Beale_2D_E,bipop,0,1,436.4,30048,
Beale_2D_E,nbipop,0,1,404.7,24222,
Beale_2D_E,hgca_v67,1,1,189.0,20242,hgca_cma_refined
Beale_2D_E,hgca_v54,1,1,199.5,20242,hgca_cma_refined
Beale_2D_E,bipop,1,1,464.0,30292,
Beale_2D_E,nbipop,1,1,280.0,22062,
Beale_2D_E,hgca_v67,2,1,195.4,19578,hgca_cma_refined
Beale_2D_E,hgca_v54,2,1,197.0,19578,hgca_cma_refined
Beale_2D_E,bipop,2,1,437.8,30006,
Beale_2D_E,nbipop,2,1,282.0,22002,
Beale_2D_E,hgca_v67,3,1,213.0,23961,hgca_cma_refined
Beale_2D_E,hgca_v54,3,1,220.0,23961,hgca_cma_refined
Beale_2D_E,bipop,3,1,399.0,30110,
Beale_2D_E,nbipop,3,1,277.9,22110,
Beale_2D_E,hgca_v67,4,1,233.0,25233,hgca_cma_refined
Beale_2D_E,hgca_v54,4,1,231.0,25233,hgca_cma_refined
Beale_2D_E,bipop,4,1,466.0,30327,
Beale_2D_E,nbipop,4,1,285.0,22026,
Beale_2D_E,hgca_v67,5,1,252.0,27225,hgca_cma_refined
Beale_2D_E,hgca_v54,5,1,248.7,27225,hgca_cma_refined
Beale_2D_E,bipop,5,1,435.0,30110,
Beale_2D_E,nbipop,5,1,281.1,22158,
Beale_2D_E,hgca_v67,6,1,228.3,26033,hgca_cma_refined
Beale_2D_E,hgca_v54,6,1,236.3,26033,hgca_cma_refined
Beale_2D_E,bipop,6,1,470.0,30018,
Beale_2D_E,nbipop,6,1,289.0,22290,
Beale_2D_E,hgca_v67,7,1,253.0,27417,hgca_cma_refined
Beale_2D_E,hgca_v54,7,1,255.5,27417,hgca_cma_refined
Beale_2D_E,bipop,7,1,429.0,30095,
Beale_2D_E,nbipop,7,1,412.5,24282,
Beale_2D_E,hgca_v67,8,1,234.4,25505,hgca_cma_refined
Beale_2D_E,hgca_v54,8,1,227.5,25505,hgca_cma_refined
Beale_2D_E,bipop,8,1,424.4,30007,
Beale_2D_E,nbipop,8,1,424.4,23970,
Beale_2D_E,hgca_v67,9,1,231.0,24585,hgca_cma_refined
Beale_2D_E,hgca_v54,9,1,228.0,24585,hgca_cma_refined
Beale_2D_E,bipop,9,1,489.4,30086,
Beale_2D_E,nbipop,9,1,288.9,22062,
Beale_2D_E,hgca_v67,10,1,233.8,25305,hgca_cma_refined
Beale_2D_E,hgca_v54,10,1,228.0,25305,hgca_cma_refined
Beale_2D_E,bipop,10,1,412.5,30112,
Beale_2D_E,nbipop,10,1,273.6,22098,
Beale_2D_E,hgca_v67,11,1,234.9,25425,hgca_cma_refined
Beale_2D_E,hgca_v54,11,1,241.3,25425,hgca_cma_refined
Beale_2D_E,bipop,11,1,507.0,30152,
Beale_2D_E,nbipop,11,1,418.7,23946,
Beale_2D_E,hgca_v67,12,1,233.2,24977,hgca_cma_refined
Beale_2D_E,hgca_v54,12,1,232.0,24977,hgca_cma_refined
Beale_2D_E,bipop,12,1,412.5,30289,
Beale_2D_E,nbipop,12,1,284.8,22230,
Beale_2D_E,hgca_v67,13,1,240.8,26593,hgca_cma_refined
Beale_2D_E,hgca_v54,13,1,234.9,26593,hgca_cma_refined
Beale_2D_E,bipop,13,1,437.9,30007,
Beale_2D_E,nbipop,13,1,413.0,23886,
Beale_2D_E,hgca_v67,14,1,239.0,26769,hgca_cma_refined
Beale_2D_E,hgca_v54,14,1,238.0,26769,hgca_cma_refined
Beale_2D_E,bipop,14,1,461.0,30095,
Beale_2D_E,nbipop,14,1,416.3,24414,
Beale_2D_E,hgca_v67,15,1,239.4,26545,hgca_cma_refined
Beale_2D_E,hgca_v54,15,1,239.6,26545,hgca_cma_refined
Beale_2D_E,bipop,15,1,447.8,30237,
Beale_2D_E,nbipop,15,1,292.1,22242,
Beale_2D_E,hgca_v67,16,1,231.9,24425,hgca_cma_refined
Beale_2D_E,hgca_v54,16,1,225.0,24425,hgca_cma_refined
Beale_2D_E,bipop,16,1,433.4,30046,
Beale_2D_E,nbipop,16,1,407.9,24282,
Beale_2D_E,hgca_v67,17,1,227.0,25153,hgca_cma_refined
Beale_2D_E,hgca_v54,17,1,223.6,25153,hgca_cma_refined
Beale_2D_E,bipop,17,1,398.0,30014,
Beale_2D_E,nbipop,17,1,279.5,22242,
Beale_2D_E,hgca_v67,18,1,232.1,26809,hgca_cma_refined
Beale_2D_E,hgca_v54,18,1,242.0,26809,hgca_cma_refined
Beale_2D_E,bipop,18,1,470.4,30264,
Beale_2D_E,nbipop,18,1,408.3,24006,
Beale_2D_E,hgca_v67,19,1,212.5,23058,hgca_cma_refined
Beale_2D_E,hgca_v54,19,1,213.0,23058,hgca_cma_refined
Beale_2D_E,bipop,19,1,432.5,30033,
Beale_2D_E,nbipop,19,1,277.5,21954,
Beale_2D_E,hgca_v67,20,1,250.6,27281,hgca_cma_refined
Beale_2D_E,hgca_v54,20,1,247.0,27281,hgca_cma_refined
Beale_2D_E,bipop,20,1,427.3,30069,
Beale_2D_E,nbipop,20,1,290.2,22494,
Beale_2D_E,hgca_v67,21,1,222.8,23554,hgca_cma_refined
Beale_2D_E,hgca_v54,21,1,221.0,23554,hgca_cma_refined
Beale_2D_E,bipop,21,1,453.4,30158,
Beale_2D_E,nbipop,21,1,307.0,22938,
Beale_2D_E,hgca_v67,22,1,239.0,26441,hgca_cma_refined
Beale_2D_E,hgca_v54,22,1,234.8,26441,hgca_cma_refined
Beale_2D_E,bipop,22,1,436.9,30097,
Beale_2D_E,nbipop,22,1,402.6,24186,
Beale_2D_E,hgca_v67,23,1,239.0,25809,hgca_cma_refined
Beale_2D_E,hgca_v54,23,1,234.4,25809,hgca_cma_refined
Beale_2D_E,bipop,23,1,418.0,30082,
Beale_2D_E,nbipop,23,1,282.0,22050,
Beale_2D_E,hgca_v67,24,1,235.3,25409,hgca_cma_refined
Beale_2D_E,hgca_v54,24,1,236.0,25409,hgca_cma_refined
Beale_2D_E,bipop,24,1,466.4,30016,
Beale_2D_E,nbipop,24,1,275.0,22002,
Beale_2D_E,hgca_v67,25,1,216.0,24369,hgca_cma_refined
Beale_2D_E,hgca_v54,25,1,215.3,24369,hgca_cma_refined
Beale_2D_E,bipop,25,1,434.3,30037,
Beale_2D_E,nbipop,25,1,289.0,22026,
Beale_2D_E,hgca_v67,26,1,250.0,26793,hgca_cma_refined
Beale_2D_E,hgca_v54,26,1,243.5,26793,hgca_cma_refined
Beale_2D_E,bipop,26,1,411.0,30101,
Beale_2D_E,nbipop,26,1,287.0,22038,
Beale_2D_E,hgca_v67,27,1,249.0,27601,hgca_cma_refined
Beale_2D_E,hgca_v54,27,1,248.0,27601,hgca_cma_refined
Beale_2D_E,bipop,27,1,444.3,30240,
Beale_2D_E,nbipop,27,1,403.0,23958,
Beale_2D_E,hgca_v67,28,1,228.0,24849,hgca_cma_refined
Beale_2D_E,hgca_v54,28,1,223.0,24849,hgca_cma_refined
Beale_2D_E,bipop,28,1,423.7,30026,
Beale_2D_E,nbipop,28,1,297.0,22674,
Beale_2D_E,hgca_v67,29,1,246.2,27233,hgca_cma_refined
Beale_2D_E,hgca_v54,29,1,250.5,27233,hgca_cma_refined
Beale_2D_E,bipop,29,1,397.1,30008,
Beale_2D_E,nbipop,29,1,402.6,24186,
Beale_2D_H,hgca_v67,0,1,90.0,5598,hgca_cma_refined
Beale_2D_H,hgca_v54,0,1,88.0,5598,hgca_cma_refined
Beale_2D_H,bipop,0,1,398.9,30333,
Beale_2D_H,nbipop,0,1,270.0,21642,
Beale_2D_H,hgca_v67,1,1,52.0,0,homotopy_direct
Beale_2D_H,hgca_v54,1,1,54.1,0,homotopy_direct
Beale_2D_H,bipop,1,1,433.1,30199,
Beale_2D_H,nbipop,1,1,268.2,21438,
Beale_2D_H,hgca_v67,2,1,84.0,4356,hgca_cma_refined
Beale_2D_H,hgca_v54,2,1,82.0,4356,hgca_cma_refined
Beale_2D_H,bipop,2,1,430.0,30105,
Beale_2D_H,nbipop,2,1,264.9,21390,
Beale_2D_H,hgca_v67,3,1,53.9,0,homotopy_direct
Beale_2D_H,hgca_v54,3,1,51.1,0,homotopy_direct
Beale_2D_H,bipop,3,1,368.9,30257,
Beale_2D_H,nbipop,3,1,263.0,21702,
Beale_2D_H,hgca_v67,4,1,88.1,5438,hgca_cma_refined
Beale_2D_H,hgca_v54,4,1,85.9,5438,hgca_cma_refined
Beale_2D_H,bipop,4,1,391.8,30260,
Beale_2D_H,nbipop,4,1,265.2,21642,
Beale_2D_H,hgca_v67,5,1,85.0,4709,hgca_cma_refined
Beale_2D_H,hgca_v54,5,1,85.0,4709,hgca_cma_refined
Beale_2D_H,bipop,5,1,414.0,30368,
Beale_2D_H,nbipop,5,1,265.0,21510,
Beale_2D_H,hgca_v67,6,1,54.0,0,homotopy_direct
Beale_2D_H,hgca_v54,6,1,52.9,0,homotopy_direct
Beale_2D_H,bipop,6,1,398.4,30168,
Beale_2D_H,nbipop,6,1,258.1,21450,
Beale_2D_H,hgca_v67,7,1,73.1,5654,hgca_cma_refined
Beale_2D_H,hgca_v54,7,1,73.3,5654,hgca_cma_refined
Beale_2D_H,bipop,7,1,380.1,30266,
Beale_2D_H,nbipop,7,1,266.2,21630,
Beale_2D_H,hgca_v67,8,1,21.0,3114,hgca_cma_refined
Beale_2D_H,hgca_v54,8,1,23.0,3114,hgca_cma_refined
Beale_2D_H,bipop,8,1,404.7,30080,
Beale_2D_H,nbipop,8,1,279.1,21714,
Beale_2D_H,hgca_v67,9,1,85.0,4581,hgca_cma_refined
Beale_2D_H,hgca_v54,9,1,90.0,4581,hgca_cma_refined
Beale_2D_H,bipop,9,1,400.5,30118,
Beale_2D_H,nbipop,9,1,277.1,21738,
Beale_2D_H,hgca_v67,10,1,90.0,5005,hgca_cma_refined
Beale_2D_H,hgca_v54,10,1,89.0,5005,hgca_cma_refined
Beale_2D_H,bipop,10,1,398.0,30188,
Beale_2D_H,nbipop,10,1,267.3,21666,
Beale_2D_H,hgca_v67,11,1,83.0,4220,hgca_cma_refined
Beale_2D_H,hgca_v54,11,1,81.0,4220,hgca_cma_refined
Beale_2D_H,bipop,11,1,391.7,30266,
Beale_2D_H,nbipop,11,1,278.5,21546,
Beale_2D_H,hgca_v67,12,1,23.0,3091,hgca_cma_refined
Beale_2D_H,hgca_v54,12,1,21.4,3091,hgca_cma_refined
Beale_2D_H,bipop,12,1,394.0,30052,
Beale_2D_H,nbipop,12,1,282.9,21618,
Beale_2D_H,hgca_v67,13,1,86.0,4797,hgca_cma_refined
Beale_2D_H,hgca_v54,13,1,89.0,4797,hgca_cma_refined
Beale_2D_H,bipop,13,1,437.3,30267,
Beale_2D_H,nbipop,13,1,277.0,21690,
Beale_2D_H,hgca_v67,14,1,92.0,5470,hgca_cma_refined
Beale_2D_H,hgca_v54,14,1,91.0,5470,hgca_cma_refined
Beale_2D_H,bipop,14,1,404.5,30268,
Beale_2D_H,nbipop,14,1,266.0,21678,
Beale_2D_H,hgca_v67,15,1,89.1,4693,hgca_cma_refined
Beale_2D_H,hgca_v54,15,1,85.9,4693,hgca_cma_refined
Beale_2D_H,bipop,15,1,453.4,30093,
Beale_2D_H,nbipop,15,1,272.1,21738,
Beale_2D_H,hgca_v67,16,1,56.0,0,homotopy_direct
Beale_2D_H,hgca_v54,16,1,53.8,0,homotopy_direct
Beale_2D_H,bipop,16,1,429.6,30025,
Beale_2D_H,nbipop,16,1,275.5,21690,
Beale_2D_H,hgca_v67,17,1,22.0,3130,hgca_cma_refined
Beale_2D_H,hgca_v54,17,1,21.0,3130,hgca_cma_refined
Beale_2D_H,bipop,17,1,400.1,30244,
Beale_2D_H,nbipop,17,1,264.1,21678,
Beale_2D_H,hgca_v67,18,1,52.0,0,homotopy_direct
Beale_2D_H,hgca_v54,18,1,52.0,0,homotopy_direct
Beale_2D_H,bipop,18,1,397.6,30047,
Beale_2D_H,nbipop,18,1,260.0,21462,
Beale_2D_H,hgca_v67,19,1,55.1,0,homotopy_direct
Beale_2D_H,hgca_v54,19,1,57.9,0,homotopy_direct
Beale_2D_H,bipop,19,1,395.0,30065,
Beale_2D_H,nbipop,19,1,276.4,21630,
Beale_2D_H,hgca_v67,20,1,21.0,3066,hgca_cma_refined
Beale_2D_H,hgca_v54,20,1,23.0,3066,hgca_cma_refined
Beale_2D_H,bipop,20,1,421.1,30266,
Beale_2D_H,nbipop,20,1,273.0,21738,
Beale_2D_H,hgca_v67,21,1,94.4,5622,hgca_cma_refined
Beale_2D_H,hgca_v54,21,1,92.5,5622,hgca_cma_refined
Beale_2D_H,bipop,21,1,434.7,30306,
Beale_2D_H,nbipop,21,1,265.1,21642,
Beale_2D_H,hgca_v67,22,1,76.0,5782,hgca_cma_refined
Beale_2D_H,hgca_v54,22,1,80.0,5782,hgca_cma_refined
Beale_2D_H,bipop,22,1,428.4,30232,
Beale_2D_H,nbipop,22,1,270.7,21414,
Beale_2D_H,hgca_v67,23,1,74.9,5382,hgca_cma_refined
Beale_2D_H,hgca_v54,23,1,74.0,5382,hgca_cma_refined
Beale_2D_H,bipop,23,1,428.7,30238,
Beale_2D_H,nbipop,23,1,272.7,21534,
Beale_2D_H,hgca_v67,24,1,75.0,5198,hgca_cma_refined
Beale_2D_H,hgca_v54,24,1,76.3,5198,hgca_cma_refined
Beale_2D_H,bipop,24,1,410.5,30043,
Beale_2D_H,nbipop,24,1,276.1,21702,
Beale_2D_H,hgca_v67,25,1,88.0,5077,hgca_cma_refined
Beale_2D_H,hgca_v54,25,1,91.1,5077,hgca_cma_refined
Beale_2D_H,bipop,25,1,402.9,30062,
Beale_2D_H,nbipop,25,1,266.5,21366,
Beale_2D_H,hgca_v67,26,1,57.0,0,homotopy_direct
Beale_2D_H,hgca_v54,26,1,55.0,0,homotopy_direct
Beale_2D_H,bipop,26,1,428.8,30030,
Beale_2D_H,nbipop,26,1,269.0,21546,
Beale_2D_H,hgca_v67,27,1,91.0,5726,hgca_cma_refined
Beale_2D_H,hgca_v54,27,1,93.0,5726,hgca_cma_refined
Beale_2D_H,bipop,27,1,398.0,30162,
Beale_2D_H,nbipop,27,1,268.8,21726,
Beale_2D_H,hgca_v67,28,1,87.0,4452,hgca_cma_refined
Beale_2D_H,hgca_v54,28,1,83.0,4452,hgca_cma_refined
Beale_2D_H,bipop,28,1,409.7,30191,
Beale_2D_H,nbipop,28,1,266.2,21642,
Beale_2D_H,hgca_v67,29,1,84.0,4797,hgca_cma_refined
Beale_2D_H,hgca_v54,29,1,85.0,4797,hgca_cma_refined
Beale_2D_H,bipop,29,1,413.6,30063,
Beale_2D_H,nbipop,29,1,279.3,21666,
Beale_2D_M,hgca_v67,0,1,1.0,11,direct_newton
Beale_2D_M,hgca_v54,0,1,0.0,11,direct_newton
Beale_2D_M,bipop,0,1,369.8,30211,
Beale_2D_M,nbipop,0,1,263.1,20910,
Beale_2D_M,hgca_v67,1,1,1.0,11,direct_newton
Beale_2D_M,hgca_v54,1,1,0.0,11,direct_newton
Beale_2D_M,bipop,1,1,408.7,30092,
Beale_2D_M,nbipop,1,1,261.5,20502,
Beale_2D_M,hgca_v67,2,1,1.0,11,direct_newton
Beale_2D_M,hgca_v54,2,1,0.0,11,direct_newton
Beale_2D_M,bipop,2,1,424.3,30385,
Beale_2D_M,nbipop,2,1,259.0,20502,
Beale_2D_M,hgca_v67,3,1,0.0,11,direct_newton
Beale_2D_M,hgca_v54,3,1,1.0,11,direct_newton
Beale_2D_M,bipop,3,1,398.4,30045,
Beale_2D_M,nbipop,3,1,262.0,20958,
Beale_2D_M,hgca_v67,4,1,0.0,11,direct_newton
Beale_2D_M,hgca_v54,4,1,1.0,11,direct_newton
Beale_2D_M,bipop,4,1,443.0,30125,
Beale_2D_M,nbipop,4,1,263.1,21018,
Beale_2D_M,hgca_v67,5,1,0.0,11,direct_newton
Beale_2D_M,hgca_v54,5,1,1.0,11,direct_newton
Beale_2D_M,bipop,5,1,413.6,30023,
Beale_2D_M,nbipop,5,1,272.8,20922,
Beale_2D_M,hgca_v67,6,1,0.0,11,direct_newton
Beale_2D_M,hgca_v54,6,1,1.0,11,direct_newton
Beale_2D_M,bipop,6,1,425.0,30323,
Beale_2D_M,nbipop,6,1,268.0,20874,
Beale_2D_M,hgca_v67,7,1,1.0,11,direct_newton
Beale_2D_M,hgca_v54,7,1,0.0,11,direct_newton
Beale_2D_M,bipop,7,1,387.5,30263,
Beale_2D_M,nbipop,7,1,254.0,20526,
Beale_2D_M,hgca_v67,8,1,1.0,11,direct_newton
Beale_2D_M,hgca_v54,8,1,0.0,11,direct_newton
Beale_2D_M,bipop,8,1,365.5,30002,
Beale_2D_M,nbipop,8,1,262.2,20382,
Beale_2D_M,hgca_v67,9,1,1.0,11,direct_newton
Beale_2D_M,hgca_v54,9,1,0.0,11,direct_newton
Beale_2D_M,bipop,9,1,390.5,30164,
Beale_2D_M,nbipop,9,1,263.2,20454,
Beale_2D_M,hgca_v67,10,1,1.0,11,direct_newton
Beale_2D_M,hgca_v54,10,1,0.0,11,direct_newton
Beale_2D_M,bipop,10,1,395.0,30039,
Beale_2D_M,nbipop,10,1,265.2,20982,
Beale_2D_M,hgca_v67,11,1,0.0,11,direct_newton
Beale_2D_M,hgca_v54,11,1,1.0,11,direct_newton
Beale_2D_M,bipop,11,1,373.6,30165,
Beale_2D_M,nbipop,11,1,264.2,20922,
Beale_2D_M,hgca_v67,12,1,1.0,11,direct_newton
Beale_2D_M,hgca_v54,12,1,0.0,11,direct_newton
Beale_2D_M,bipop,12,1,377.0,30344,
Beale_2D_M,nbipop,12,1,258.1,20742,
Beale_2D_M,hgca_v67,13,1,0.0,11,direct_newton
Beale_2D_M,hgca_v54,13,1,1.0,11,direct_newton
Beale_2D_M,bipop,13,1,385.3,30119,
Beale_2D_M,nbipop,13,1,262.2,20478,
Beale_2D_M,hgca_v67,14,1,0.0,11,direct_newton
Beale_2D_M,hgca_v54,14,1,1.0,11,direct_newton
Beale_2D_M,bipop,14,1,394.0,30049,
Beale_2D_M,nbipop,14,1,267.5,21018,
Beale_2D_M,hgca_v67,15,1,1.0,11,direct_newton
Beale_2D_M,hgca_v54,15,1,0.0,11,direct_newton
Beale_2D_M,bipop,15,1,402.0,30306,
Beale_2D_M,nbipop,15,1,271.6,20454,
Beale_2D_M,hgca_v67,16,1,1.0,11,direct_newton
Beale_2D_M,hgca_v54,16,1,0.0,11,direct_newton
Beale_2D_M,bipop,16,1,423.2,30152,
Beale_2D_M,nbipop,16,1,259.5,20838,
Beale_2D_M,hgca_v67,17,1,1.0,11,direct_newton
Beale_2D_M,hgca_v54,17,1,0.0,11,direct_newton
Beale_2D_M,bipop,17,1,399.0,30129,
Beale_2D_M,nbipop,17,1,261.8,20898,
Beale_2D_M,hgca_v67,18,1,0.0,11,direct_newton
Beale_2D_M,hgca_v54,18,1,0.0,11,direct_newton
Beale_2D_M,bipop,18,1,425.5,30136,
Beale_2D_M,nbipop,18,1,270.0,20838,
Beale_2D_M,hgca_v67,19,1,0.0,11,direct_newton
Beale_2D_M,hgca_v54,19,1,1.0,11,direct_newton
Beale_2D_M,bipop,19,1,398.2,30279,
Beale_2D_M,nbipop,19,1,268.9,20994,
Beale_2D_M,hgca_v67,20,1,0.0,11,direct_newton
Beale_2D_M,hgca_v54,20,1,1.0,11,direct_newton
Beale_2D_M,bipop,20,1,414.0,30189,
Beale_2D_M,nbipop,20,1,250.0,21006,
Beale_2D_M,hgca_v67,21,1,1.0,11,direct_newton
Beale_2D_M,hgca_v54,21,1,0.0,11,direct_newton
Beale_2D_M,bipop,21,1,426.0,30144,
Beale_2D_M,nbipop,21,1,245.0,20334,
Beale_2D_M,hgca_v67,22,1,1.0,11,direct_newton
Beale_2D_M,hgca_v54,22,1,0.0,11,direct_newton
Beale_2D_M,bipop,22,1,350.0,30114,
Beale_2D_M,nbipop,22,1,260.0,20958,
Beale_2D_M,hgca_v67,23,1,1.0,11,direct_newton
Beale_2D_M,hgca_v54,23,1,0.0,11,direct_newton
Beale_2D_M,bipop,23,1,439.0,30382,
Beale_2D_M,nbipop,23,1,262.5,21030,
Beale_2D_M,hgca_v67,24,1,0.0,11,direct_newton
Beale_2D_M,hgca_v54,24,1,1.0,11,direct_newton
Beale_2D_M,bipop,24,1,405.0,30377,
Beale_2D_M,nbipop,24,1,260.0,20862,
Beale_2D_M,hgca_v67,25,1,1.0,11,direct_newton
Beale_2D_M,hgca_v54,25,1,0.0,11,direct_newton
Beale_2D_M,bipop,25,1,427.0,30379,
Beale_2D_M,nbipop,25,1,255.3,21150,
Beale_2D_M,hgca_v67,26,1,0.0,11,direct_newton
Beale_2D_M,hgca_v54,26,1,0.0,11,direct_newton
Beale_2D_M,bipop,26,1,409.0,30148,
Beale_2D_M,nbipop,26,1,255.0,21198,
Beale_2D_M,hgca_v67,27,1,0.0,11,direct_newton
Beale_2D_M,hgca_v54,27,1,1.0,11,direct_newton
Beale_2D_M,bipop,27,1,418.1,30185,
Beale_2D_M,nbipop,27,1,256.4,20550,
Beale_2D_M,hgca_v67,28,1,0.0,11,direct_newton
Beale_2D_M,hgca_v54,28,1,1.0,11,direct_newton
Beale_2D_M,bipop,28,1,400.6,30051,
Beale_2D_M,nbipop,28,1,256.7,20898,
Beale_2D_M,hgca_v67,29,1,0.0,11,direct_newton
Beale_2D_M,hgca_v54,29,1,1.0,11,direct_newton
Beale_2D_M,bipop,29,1,370.0,30035,
Beale_2D_M,nbipop,29,1,251.0,20574,
Beale_2D_XE,hgca_v67,0,1,270.4,31130,hgca_cma_refined
Beale_2D_XE,hgca_v54,0,1,265.2,31130,hgca_cma_refined
Beale_2D_XE,bipop,0,1,446.7,30002,
Beale_2D_XE,nbipop,0,1,340.0,24786,
Beale_2D_XE,hgca_v67,1,1,259.1,28450,hgca_cma_refined
Beale_2D_XE,hgca_v54,1,1,253.0,28450,hgca_cma_refined
Beale_2D_XE,bipop,1,1,459.0,30027,
Beale_2D_XE,nbipop,1,1,336.0,23766,
Beale_2D_XE,hgca_v67,2,1,271.6,31298,hgca_cma_refined
Beale_2D_XE,hgca_v54,2,1,267.4,31298,hgca_cma_refined
Beale_2D_XE,bipop,2,1,427.4,30154,
Beale_2D_XE,nbipop,2,1,317.5,24162,
Beale_2D_XE,hgca_v67,3,1,258.4,29322,hgca_cma_refined
Beale_2D_XE,hgca_v54,3,1,258.0,29322,hgca_cma_refined
Beale_2D_XE,bipop,3,1,452.7,30055,
Beale_2D_XE,nbipop,3,1,318.0,23550,
Beale_2D_XE,hgca_v67,4,1,262.2,29570,hgca_cma_refined
Beale_2D_XE,hgca_v54,4,1,265.7,29570,hgca_cma_refined
Beale_2D_XE,bipop,4,1,443.2,30008,
Beale_2D_XE,nbipop,4,1,295.1,23106,
Beale_2D_XE,hgca_v67,5,1,260.9,30442,hgca_cma_refined
Beale_2D_XE,hgca_v54,5,1,259.5,30442,hgca_cma_refined
Beale_2D_XE,bipop,5,1,459.0,30047,
Beale_2D_XE,nbipop,5,1,308.3,23226,
Beale_2D_XE,hgca_v67,6,1,252.6,28666,hgca_cma_refined
Beale_2D_XE,hgca_v54,6,1,255.1,28666,hgca_cma_refined
Beale_2D_XE,bipop,6,1,484.6,30169,
Beale_2D_XE,nbipop,6,1,294.1,22554,
Beale_2D_XE,hgca_v67,7,1,254.2,29482,hgca_cma_refined
Beale_2D_XE,hgca_v54,7,1,253.2,29482,hgca_cma_refined
Beale_2D_XE,bipop,7,1,394.0,30016,
Beale_2D_XE,nbipop,7,1,340.0,24666,
Beale_2D_XE,hgca_v67,8,1,254.0,29034,hgca_cma_refined
Beale_2D_XE,hgca_v54,8,1,256.6,29034,hgca_cma_refined
Beale_2D_XE,bipop,8,1,461.1,30087,
Beale_2D_XE,nbipop,8,1,296.0,22650,
Beale_2D_XE,hgca_v67,9,1,262.2,29618,hgca_cma_refined
Beale_2D_XE,hgca_v54,9,1,259.0,29618,hgca_cma_refined
Beale_2D_XE,bipop,9,1,430.8,30036,
Beale_2D_XE,nbipop,9,1,312.7,23322,
Beale_2D_XE,hgca_v67,10,1,259.9,29881,hgca_cma_refined
Beale_2D_XE,hgca_v54,10,1,262.3,29881,hgca_cma_refined
Beale_2D_XE,bipop,10,1,446.0,30021,
Beale_2D_XE,nbipop,10,1,339.0,23178,
Beale_2D_XE,hgca_v67,11,1,295.3,33202,hgca_cma_refined
Beale_2D_XE,hgca_v54,11,1,290.0,33202,hgca_cma_refined
Beale_2D_XE,bipop,11,1,445.6,30011,
Beale_2D_XE,nbipop,11,1,290.0,23130,
Beale_2D_XE,hgca_v67,12,1,246.6,28378,hgca_cma_refined
Beale_2D_XE,hgca_v54,12,1,245.7,28378,hgca_cma_refined
Beale_2D_XE,bipop,12,1,426.0,30028,
Beale_2D_XE,nbipop,12,1,325.8,23586,
Beale_2D_XE,hgca_v67,13,1,268.5,31146,hgca_cma_refined
Beale_2D_XE,hgca_v54,13,1,269.0,31146,hgca_cma_refined
Beale_2D_XE,bipop,13,1,403.0,30115,
Beale_2D_XE,nbipop,13,1,300.9,23154,
Beale_2D_XE,hgca_v67,14,1,233.9,26930,hgca_cma_refined
Beale_2D_XE,hgca_v54,14,1,236.1,26930,hgca_cma_refined
Beale_2D_XE,bipop,14,1,439.7,30002,
Beale_2D_XE,nbipop,14,1,306.4,23334,
Beale_2D_XE,hgca_v67,15,1,270.4,30754,hgca_cma_refined
Beale_2D_XE,hgca_v54,15,1,266.0,30754,hgca_cma_refined
Beale_2D_XE,bipop,15,1,444.7,30017,
Beale_2D_XE,nbipop,15,1,286.1,22446,
Beale_2D_XE,hgca_v67,16,1,258.4,30450,hgca_cma_refined
Beale_2D_XE,hgca_v54,16,1,262.4,30450,hgca_cma_refined
Beale_2D_XE,bipop,16,1,414.9,30140,
Beale_2D_XE,nbipop,16,1,276.0,22422,
Beale_2D_XE,hgca_v67,17,1,250.0,30034,hgca_cma_refined
Beale_2D_XE,hgca_v54,17,1,260.0,30034,hgca_cma_refined
Beale_2D_XE,bipop,17,1,461.0,30071,
Beale_2D_XE,nbipop,17,1,330.4,23970,
Beale_2D_XE,hgca_v67,18,1,268.2,29426,hgca_cma_refined
Beale_2D_XE,hgca_v54,18,1,272.9,29426,hgca_cma_refined
Beale_2D_XE,bipop,18,1,490.0,30117,
Beale_2D_XE,nbipop,18,1,322.5,23670,
Beale_2D_XE,hgca_v67,19,1,294.6,32146,hgca_cma_refined
Beale_2D_XE,hgca_v54,19,1,284.0,32146,hgca_cma_refined
Beale_2D_XE,bipop,19,1,488.0,30089,
Beale_2D_XE,nbipop,19,1,362.0,24642,
Beale_2D_XE,hgca_v67,20,1,274.1,29626,hgca_cma_refined
Beale_2D_XE,hgca_v54,20,1,307.0,29626,hgca_cma_refined
Beale_2D_XE,bipop,20,1,447.0,30083,
Beale_2D_XE,nbipop,20,1,361.2,23802,
Beale_2D_XE,hgca_v67,21,1,264.5,29642,hgca_cma_refined
Beale_2D_XE,hgca_v54,21,1,301.5,29642,hgca_cma_refined
Beale_2D_XE,bipop,21,1,419.0,30019,
Beale_2D_XE,nbipop,21,1,346.2,24402,
Beale_2D_XE,hgca_v67,22,1,290.0,30458,hgca_cma_refined
Beale_2D_XE,hgca_v54,22,1,284.0,30458,hgca_cma_refined
Beale_2D_XE,bipop,22,1,451.8,30114,
Beale_2D_XE,nbipop,22,1,321.7,23574,
Beale_2D_XE,hgca_v67,23,1,276.4,32010,hgca_cma_refined
Beale_2D_XE,hgca_v54,23,1,272.4,32010,hgca_cma_refined
Beale_2D_XE,bipop,23,1,435.1,30069,
Beale_2D_XE,nbipop,23,1,302.1,23226,
Beale_2D_XE,hgca_v67,24,1,267.0,29986,hgca_cma_refined
Beale_2D_XE,hgca_v54,24,1,262.9,29986,hgca_cma_refined
Beale_2D_XE,bipop,24,1,477.0,30108,
Beale_2D_XE,nbipop,24,1,463.6,26058,
Beale_2D_XE,hgca_v67,25,1,243.5,26402,hgca_cma_refined
Beale_2D_XE,hgca_v54,25,1,242.0,26402,hgca_cma_refined
Beale_2D_XE,bipop,25,1,431.0,30043,
Beale_2D_XE,nbipop,25,1,309.0,23874,
Beale_2D_XE,hgca_v67,26,1,259.4,29658,hgca_cma_refined
Beale_2D_XE,hgca_v54,26,1,263.3,29658,hgca_cma_refined
Beale_2D_XE,bipop,26,1,501.5,30062,
Beale_2D_XE,nbipop,26,1,337.0,23778,
Beale_2D_XE,hgca_v67,27,1,265.0,30322,hgca_cma_refined
Beale_2D_XE,hgca_v54,27,1,269.0,30322,hgca_cma_refined
Beale_2D_XE,bipop,27,1,478.1,30003,
Beale_2D_XE,nbipop,27,1,279.0,22398,
Beale_2D_XE,hgca_v67,28,1,263.1,30674,hgca_cma_refined
Beale_2D_XE,hgca_v54,28,1,266.7,30674,hgca_cma_refined
Beale_2D_XE,bipop,28,1,461.0,30015,
Beale_2D_XE,nbipop,28,1,326.8,24246,
Beale_2D_XE,hgca_v67,29,1,267.0,30098,hgca_cma_refined
Beale_2D_XE,hgca_v54,29,1,273.0,30098,hgca_cma_refined
Beale_2D_XE,bipop,29,1,467.0,30306,
Beale_2D_XE,nbipop,29,1,296.4,22614,
Griewank_20D,hgca_v67,0,1,1112.9,76836,hgca_cma_refined
Griewank_20D,hgca_v54,0,1,624.8,76836,hgca_cma_refined
Griewank_20D,bipop,0,1,613.5,30026,
Griewank_20D,nbipop,0,1,599.0,27173,
Griewank_20D,hgca_v67,1,1,2.0,11,direct_newton
Griewank_20D,hgca_v54,1,1,2.0,11,direct_newton
Griewank_20D,bipop,1,1,568.6,30018,
Griewank_20D,nbipop,1,1,583.4,27305,
Griewank_20D,hgca_v67,2,1,703.9,76840,hgca_cma_refined
Griewank_20D,hgca_v54,2,1,695.0,76840,hgca_cma_refined
Griewank_20D,bipop,2,1,606.0,30027,
Griewank_20D,nbipop,2,1,581.0,27317,
Griewank_20D,hgca_v67,3,1,642.0,76838,hgca_cma_refined
Griewank_20D,hgca_v54,3,1,657.0,76838,hgca_cma_refined
Griewank_20D,bipop,3,1,600.0,30035,
Griewank_20D,nbipop,3,1,589.5,27341,
Griewank_20D,hgca_v67,4,1,672.5,76838,hgca_cma_refined
Griewank_20D,hgca_v54,4,1,706.4,76838,hgca_cma_refined
Griewank_20D,bipop,4,1,598.9,30021,
Griewank_20D,nbipop,4,1,606.6,27293,
Griewank_20D,hgca_v67,5,1,614.9,76844,hgca_cma_refined
Griewank_20D,hgca_v54,5,1,611.6,76844,hgca_cma_refined
Griewank_20D,bipop,5,1,596.9,30016,
Griewank_20D,nbipop,5,1,608.7,27329,
Griewank_20D,hgca_v67,6,1,752.6,79536,hgca_cma_refined
Griewank_20D,hgca_v54,6,1,721.7,79536,hgca_cma_refined
Griewank_20D,bipop,6,1,586.7,30021,
Griewank_20D,nbipop,6,1,604.7,27257,
Griewank_20D,hgca_v67,7,1,744.1,76839,hgca_cma_refined
Griewank_20D,hgca_v54,7,1,726.1,76839,hgca_cma_refined
Griewank_20D,bipop,7,1,574.3,30007,
Griewank_20D,nbipop,7,1,599.0,27173,
Griewank_20D,hgca_v67,8,1,682.7,76838,hgca_cma_refined
Griewank_20D,hgca_v54,8,1,665.9,76838,hgca_cma_refined
Griewank_20D,bipop,8,1,567.7,30021,
Griewank_20D,nbipop,8,1,589.6,27305,
Griewank_20D,hgca_v67,9,1,669.6,76843,hgca_cma_refined
Griewank_20D,hgca_v54,9,1,655.2,76843,hgca_cma_refined
Griewank_20D,bipop,9,1,593.0,30021,
Griewank_20D,nbipop,9,1,572.0,27269,
Griewank_20D,hgca_v67,10,1,2.0,12,direct_newton
Griewank_20D,hgca_v54,10,1,2.0,12,direct_newton
Griewank_20D,bipop,10,1,569.8,30012,
Griewank_20D,nbipop,10,1,581.4,27293,
Griewank_20D,hgca_v67,11,1,665.3,76836,hgca_cma_refined
Griewank_20D,hgca_v54,11,1,700.7,76836,hgca_cma_refined
Griewank_20D,bipop,11,1,572.0,30003,
Griewank_20D,nbipop,11,1,593.4,27365,
Griewank_20D,hgca_v67,12,1,743.2,79240,hgca_cma_refined
Griewank_20D,hgca_v54,12,1,733.1,79240,hgca_cma_refined
Griewank_20D,bipop,12,1,578.8,30022,
Griewank_20D,nbipop,12,1,575.0,27317,
Griewank_20D,hgca_v67,13,1,686.0,76839,hgca_cma_refined
Griewank_20D,hgca_v54,13,1,696.4,76839,hgca_cma_refined
Griewank_20D,bipop,13,1,600.0,30023,
Griewank_20D,nbipop,13,1,579.5,27329,
Griewank_20D,hgca_v67,14,1,672.2,76837,hgca_cma_refined
Griewank_20D,hgca_v54,14,1,694.5,76837,hgca_cma_refined
Griewank_20D,bipop,14,1,596.1,30022,
Griewank_20D,nbipop,14,1,590.2,27173,
Griewank_20D,hgca_v67,15,1,648.5,76840,hgca_cma_refined
Griewank_20D,hgca_v54,15,1,647.1,76840,hgca_cma_refined
Griewank_20D,bipop,15,1,578.4,30007,
Griewank_20D,nbipop,15,1,581.6,27221,
Griewank_20D,hgca_v67,16,1,688.6,76839,hgca_cma_refined
Griewank_20D,hgca_v54,16,1,669.0,76839,hgca_cma_refined
Griewank_20D,bipop,16,1,572.3,30003,
Griewank_20D,nbipop,16,1,584.0,27365,
Griewank_20D,hgca_v67,17,1,725.7,76838,hgca_cma_refined
Griewank_20D,hgca_v54,17,1,709.6,76838,hgca_cma_refined
Griewank_20D,bipop,17,1,564.8,30021,
Griewank_20D,nbipop,17,1,586.0,27365,
Griewank_20D,hgca_v67,18,1,667.1,76836,hgca_cma_refined
Griewank_20D,hgca_v54,18,1,659.6,76836,hgca_cma_refined
Griewank_20D,bipop,18,1,614.0,30004,
Griewank_20D,nbipop,18,1,597.3,27317,
Griewank_20D,hgca_v67,19,1,722.2,76840,hgca_cma_refined
Griewank_20D,hgca_v54,19,1,718.6,76840,hgca_cma_refined
Griewank_20D,bipop,19,1,598.7,30044,
Griewank_20D,nbipop,19,1,591.7,27341,
Griewank_20D,hgca_v67,20,1,661.5,76841,hgca_cma_refined
Griewank_20D,hgca_v54,20,1,659.1,76841,hgca_cma_refined
Griewank_20D,bipop,20,1,593.8,30018,
Griewank_20D,nbipop,20,1,589.1,27305,
Griewank_20D,hgca_v67,21,1,669.5,76836,hgca_cma_refined
Griewank_20D,hgca_v54,21,1,688.1,76836,hgca_cma_refined
Griewank_20D,bipop,21,1,592.0,30003,
Griewank_20D,nbipop,21,1,608.6,27341,
Griewank_20D,hgca_v67,22,1,2.0,11,direct_newton
Griewank_20D,hgca_v54,22,1,2.0,11,direct_newton
Griewank_20D,bipop,22,1,589.7,30015,
Griewank_20D,nbipop,22,1,593.8,27269,
Griewank_20D,hgca_v67,23,1,40.7,0,homotopy_direct
Griewank_20D,hgca_v54,23,1,40.1,0,homotopy_direct
Griewank_20D,bipop,23,1,596.4,30035,
Griewank_20D,nbipop,23,1,617.6,27365,
Griewank_20D,hgca_v67,24,1,698.2,76840,hgca_cma_refined
Griewank_20D,hgca_v54,24,1,673.4,76840,hgca_cma_refined
Griewank_20D,bipop,24,1,581.2,30027,
Griewank_20D,nbipop,24,1,596.0,27353,
Griewank_20D,hgca_v67,25,1,655.0,76836,hgca_cma_refined
Griewank_20D,hgca_v54,25,1,654.7,76836,hgca_cma_refined
Griewank_20D,bipop,25,1,578.1,30039,
Griewank_20D,nbipop,25,1,595.1,27185,
Griewank_20D,hgca_v67,26,1,1.0,11,direct_newton
Griewank_20D,hgca_v54,26,1,2.0,11,direct_newton
Griewank_20D,bipop,26,1,603.0,30021,
Griewank_20D,nbipop,26,1,612.8,27401,
Griewank_20D,hgca_v67,27,1,2.0,11,direct_newton
Griewank_20D,hgca_v54,27,1,2.0,11,direct_newton
Griewank_20D,bipop,27,1,629.0,30006,
Griewank_20D,nbipop,27,1,586.1,27221,
Griewank_20D,hgca_v67,28,1,715.0,76840,hgca_cma_refined
Griewank_20D,hgca_v54,28,1,718.4,76840,hgca_cma_refined
Griewank_20D,bipop,28,1,582.0,30036,
Griewank_20D,nbipop,28,1,602.2,27221,
Griewank_20D,hgca_v67,29,1,719.1,76839,hgca_cma_refined
Griewank_20D,hgca_v54,29,1,719.0,76839,hgca_cma_refined
Griewank_20D,bipop,29,1,592.9,30003,
Griewank_20D,nbipop,29,1,608.9,27389,
Michalewicz_10D_XE,hgca_v67,0,1,354.7,30380,hgca_cma_refined
Michalewicz_10D_XE,hgca_v54,0,1,280.0,30380,hgca_cma_refined
Michalewicz_10D_XE,bipop,0,1,552.7,30007,
Michalewicz_10D_XE,nbipop,0,1,527.7,26753,
Michalewicz_10D_XE,hgca_v67,1,1,187.5,24731,hgca_cma_refined
Michalewicz_10D_XE,hgca_v54,1,1,186.0,24731,hgca_cma_refined
Michalewicz_10D_XE,bipop,1,1,589.6,30059,
Michalewicz_10D_XE,nbipop,1,1,574.0,27125,
Michalewicz_10D_XE,hgca_v67,2,1,216.0,23676,hgca_cma_refined
Michalewicz_10D_XE,hgca_v54,2,1,216.0,23676,hgca_cma_refined
Michalewicz_10D_XE,bipop,2,1,529.8,30040,
Michalewicz_10D_XE,nbipop,2,1,518.0,26225,
Michalewicz_10D_XE,hgca_v67,3,1,216.0,28159,hgca_cma_refined
Michalewicz_10D_XE,hgca_v54,3,1,215.5,28159,hgca_cma_refined
Michalewicz_10D_XE,bipop,3,1,541.8,30072,
Michalewicz_10D_XE,nbipop,3,1,561.5,27389,
Michalewicz_10D_XE,hgca_v67,4,1,176.8,24602,hgca_cma_refined
Michalewicz_10D_XE,hgca_v54,4,1,179.7,24602,hgca_cma_refined
Michalewicz_10D_XE,bipop,4,1,558.0,30022,
Michalewicz_10D_XE,nbipop,4,1,530.2,26645,
Michalewicz_10D_XE,hgca_v67,5,1,372.6,31867,hgca_cma_refined
Michalewicz_10D_XE,hgca_v54,5,1,369.7,31867,hgca_cma_refined
Michalewicz_10D_XE,bipop,5,1,590.0,30033,
Michalewicz_10D_XE,nbipop,5,1,525.6,26753,
Michalewicz_10D_XE,hgca_v67,6,1,372.3,34194,hgca_cma_refined
Michalewicz_10D_XE,hgca_v54,6,1,384.3,34194,hgca_cma_refined
Michalewicz_10D_XE,bipop,6,1,548.5,30080,
Michalewicz_10D_XE,nbipop,6,1,578.5,26993,
Michalewicz_10D_XE,hgca_v67,7,1,393.1,26584,hgca_cma_refined
Michalewicz_10D_XE,hgca_v54,7,1,380.4,26584,hgca_cma_refined
Michalewicz_10D_XE,bipop,7,1,578.4,30075,
Michalewicz_10D_XE,nbipop,7,1,548.3,27197,
Michalewicz_10D_XE,hgca_v67,8,1,201.4,27037,hgca_cma_refined
Michalewicz_10D_XE,hgca_v54,8,1,198.4,27037,hgca_cma_refined
Michalewicz_10D_XE,bipop,8,1,606.1,30029,
Michalewicz_10D_XE,nbipop,8,1,497.5,26441,
Michalewicz_10D_XE,hgca_v67,9,1,3.0,0,homotopy_direct
Michalewicz_10D_XE,hgca_v54,9,1,2.0,0,homotopy_direct
Michalewicz_10D_XE,bipop,9,1,527.1,30004,
Michalewicz_10D_XE,nbipop,9,1,515.0,26909,
Michalewicz_10D_XE,hgca_v67,10,1,232.8,33285,hgca_cma_refined
Michalewicz_10D_XE,hgca_v54,10,1,239.3,33285,hgca_cma_refined
Michalewicz_10D_XE,bipop,10,1,574.0,30028,
Michalewicz_10D_XE,nbipop,10,1,540.0,26573,
Michalewicz_10D_XE,hgca_v67,11,1,3.0,0,homotopy_direct
Michalewicz_10D_XE,hgca_v54,11,1,2.0,0,homotopy_direct
Michalewicz_10D_XE,bipop,11,1,536.0,30034,
Michalewicz_10D_XE,nbipop,11,1,537.5,26849,
Michalewicz_10D_XE,hgca_v67,12,1,393.2,28454,hgca_cma_refined
Michalewicz_10D_XE,hgca_v54,12,1,411.4,28454,hgca_cma_refined
Michalewicz_10D_XE,bipop,12,1,553.0,30076,
Michalewicz_10D_XE,nbipop,12,1,554.7,26945,
Michalewicz_10D_XE,hgca_v67,13,1,208.1,28815,hgca_cma_refined
Michalewicz_10D_XE,hgca_v54,13,1,208.0,28815,hgca_cma_refined
Michalewicz_10D_XE,bipop,13,1,517.8,30003,
Michalewicz_10D_XE,nbipop,13,1,523.9,26693,
Michalewicz_10D_XE,hgca_v67,14,1,227.3,25104,hgca_cma_refined
Michalewicz_10D_XE,hgca_v54,14,1,227.0,25104,hgca_cma_refined
Michalewicz_10D_XE,bipop,14,1,532.8,30042,
Michalewicz_10D_XE,nbipop,14,1,532.6,26597,
Michalewicz_10D_XE,hgca_v67,15,1,271.0,28242,hgca_cma_refined
Michalewicz_10D_XE,hgca_v54,15,1,274.0,28242,hgca_cma_refined
Michalewicz_10D_XE,bipop,15,1,502.3,30016,
Michalewicz_10D_XE,nbipop,15,1,499.0,26777,
Michalewicz_10D_XE,hgca_v67,16,1,207.9,28705,hgca_cma_refined
Michalewicz_10D_XE,hgca_v54,16,1,208.0,28705,hgca_cma_refined
Michalewicz_10D_XE,bipop,16,1,545.7,30041,
Michalewicz_10D_XE,nbipop,16,1,514.3,26909,
Michalewicz_10D_XE,hgca_v67,17,1,201.0,28095,hgca_cma_refined
Michalewicz_10D_XE,hgca_v54,17,1,200.5,28095,hgca_cma_refined
Michalewicz_10D_XE,bipop,17,1,557.1,30034,
Michalewicz_10D_XE,nbipop,17,1,519.3,26693,
Michalewicz_10D_XE,hgca_v67,18,1,345.1,28781,hgca_cma_refined
Michalewicz_10D_XE,hgca_v54,18,1,340.7,28781,hgca_cma_refined
Michalewicz_10D_XE,bipop,18,1,574.3,30028,
Michalewicz_10D_XE,nbipop,18,1,536.6,26705,
Michalewicz_10D_XE,hgca_v67,19,1,179.0,24348,hgca_cma_refined
Michalewicz_10D_XE,hgca_v54,19,1,178.0,24348,hgca_cma_refined
Michalewicz_10D_XE,bipop,19,1,559.5,30016,
Michalewicz_10D_XE,nbipop,19,1,480.3,26369,
Michalewicz_10D_XE,hgca_v67,20,1,201.1,26136,hgca_cma_refined
Michalewicz_10D_XE,hgca_v54,20,1,198.7,26136,hgca_cma_refined
Michalewicz_10D_XE,bipop,20,1,552.5,30004,
Michalewicz_10D_XE,nbipop,20,1,524.1,26693,
Michalewicz_10D_XE,hgca_v67,21,1,347.3,29119,hgca_cma_refined
Michalewicz_10D_XE,hgca_v54,21,1,338.9,29119,hgca_cma_refined
Michalewicz_10D_XE,bipop,21,1,558.0,30015,
Michalewicz_10D_XE,nbipop,21,1,472.2,26465,
Michalewicz_10D_XE,hgca_v67,22,1,139.0,18167,hgca_cma_best
Michalewicz_10D_XE,hgca_v54,22,1,141.0,18167,hgca_cma_best
Michalewicz_10D_XE,bipop,22,1,595.7,30010,
Michalewicz_10D_XE,nbipop,22,1,530.3,26609,
Michalewicz_10D_XE,hgca_v67,23,1,365.0,31271,hgca_cma_refined
Michalewicz_10D_XE,hgca_v54,23,1,356.1,31271,hgca_cma_refined
Michalewicz_10D_XE,bipop,23,1,524.4,30079,
Michalewicz_10D_XE,nbipop,23,1,504.4,26333,
Michalewicz_10D_XE,hgca_v67,24,1,223.0,30245,hgca_cma_refined
Michalewicz_10D_XE,hgca_v54,24,1,219.5,30245,hgca_cma_refined
Michalewicz_10D_XE,bipop,24,1,585.5,30083,
Michalewicz_10D_XE,nbipop,24,1,568.1,27449,
Michalewicz_10D_XE,hgca_v67,25,1,208.8,28574,hgca_cma_refined
Michalewicz_10D_XE,hgca_v54,25,1,207.5,28574,hgca_cma_refined
Michalewicz_10D_XE,bipop,25,1,531.7,30013,
Michalewicz_10D_XE,nbipop,25,1,519.0,26597,
Michalewicz_10D_XE,hgca_v67,26,1,212.6,29165,hgca_cma_refined
Michalewicz_10D_XE,hgca_v54,26,1,206.0,29165,hgca_cma_refined
Michalewicz_10D_XE,bipop,26,1,616.3,30010,
Michalewicz_10D_XE,nbipop,26,1,521.1,26597,
Michalewicz_10D_XE,hgca_v67,27,1,375.0,25145,hgca_cma_refined
Michalewicz_10D_XE,hgca_v54,27,1,377.7,25145,hgca_cma_refined
Michalewicz_10D_XE,bipop,27,1,560.0,30021,
Michalewicz_10D_XE,nbipop,27,1,514.4,26489,
Michalewicz_10D_XE,hgca_v67,28,1,369.2,31227,hgca_cma_refined
Michalewicz_10D_XE,hgca_v54,28,1,369.0,31227,hgca_cma_refined
Michalewicz_10D_XE,bipop,28,1,532.4,30004,
Michalewicz_10D_XE,nbipop,28,1,532.3,26981,
Michalewicz_10D_XE,hgca_v67,29,1,207.1,29536,hgca_cma_refined
Michalewicz_10D_XE,hgca_v54,29,1,215.2,29536,hgca_cma_refined
Michalewicz_10D_XE,bipop,29,1,559.1,30004,
Michalewicz_10D_XE,nbipop,29,1,544.9,26777,
Powell_4D,hgca_v67,0,1,1.0,26,direct_newton
Powell_4D,hgca_v54,0,1,0.0,26,direct_newton
Powell_4D,bipop,0,1,461.2,30016,
Powell_4D,nbipop,0,1,314.5,22578,
Powell_4D,hgca_v67,1,1,0.0,26,direct_newton
Powell_4D,hgca_v54,1,1,1.0,26,direct_newton
Powell_4D,bipop,1,1,422.7,30189,
Powell_4D,nbipop,1,1,303.0,22686,
Powell_4D,hgca_v67,2,1,0.0,26,direct_newton
Powell_4D,hgca_v54,2,1,1.0,26,direct_newton
Powell_4D,bipop,2,1,438.7,30103,
Powell_4D,nbipop,2,1,321.1,22578,
Powell_4D,hgca_v67,3,1,1.0,26,direct_newton
Powell_4D,hgca_v54,3,1,1.0,26,direct_newton
Powell_4D,bipop,3,1,462.0,30144,
Powell_4D,nbipop,3,1,323.3,22674,
Powell_4D,hgca_v67,4,1,1.0,25,direct_newton
Powell_4D,hgca_v54,4,1,0.0,25,direct_newton
Powell_4D,bipop,4,1,427.7,30111,
Powell_4D,nbipop,4,1,310.2,22542,
Powell_4D,hgca_v67,5,1,1.1,26,direct_newton
Powell_4D,hgca_v54,5,1,1.0,26,direct_newton
Powell_4D,bipop,5,1,434.2,30072,
Powell_4D,nbipop,5,1,307.0,22698,
Powell_4D,hgca_v67,6,1,1.0,26,direct_newton
Powell_4D,hgca_v54,6,1,0.0,26,direct_newton
Powell_4D,bipop,6,1,447.6,30118,
Powell_4D,nbipop,6,1,313.1,22698,
Powell_4D,hgca_v67,7,1,1.0,25,direct_newton
Powell_4D,hgca_v54,7,1,0.0,25,direct_newton
Powell_4D,bipop,7,1,429.9,30379,
Powell_4D,nbipop,7,1,313.1,22590,
Powell_4D,hgca_v67,8,1,0.0,26,direct_newton
Powell_4D,hgca_v54,8,1,1.0,26,direct_newton
Powell_4D,bipop,8,1,459.0,30051,
Powell_4D,nbipop,8,1,312.1,22638,
Powell_4D,hgca_v67,9,1,1.0,26,direct_newton
Powell_4D,hgca_v54,9,1,0.9,26,direct_newton
Powell_4D,bipop,9,1,437.9,30199,
Powell_4D,nbipop,9,1,306.1,22674,
Powell_4D,hgca_v67,10,1,0.9,26,direct_newton
Powell_4D,hgca_v54,10,1,1.0,26,direct_newton
Powell_4D,bipop,10,1,423.0,30189,
Powell_4D,nbipop,10,1,315.5,22626,
Powell_4D,hgca_v67,11,1,1.0,26,direct_newton
Powell_4D,hgca_v54,11,1,0.9,26,direct_newton
Powell_4D,bipop,11,1,491.4,30286,
Powell_4D,nbipop,11,1,319.0,22578,
Powell_4D,hgca_v67,12,1,1.0,24,direct_newton
Powell_4D,hgca_v54,12,1,1.0,24,direct_newton
Powell_4D,bipop,12,1,456.4,30148,
Powell_4D,nbipop,12,1,308.8,22566,
Powell_4D,hgca_v67,13,1,0.9,25,direct_newton
Powell_4D,hgca_v54,13,1,0.0,25,direct_newton
Powell_4D,bipop,13,1,452.1,30356,
Powell_4D,nbipop,13,1,299.9,22530,
Powell_4D,hgca_v67,14,1,1.0,26,direct_newton
Powell_4D,hgca_v54,14,1,0.0,26,direct_newton
Powell_4D,bipop,14,1,454.9,30147,
Powell_4D,nbipop,14,1,314.0,22602,
Powell_4D,hgca_v67,15,1,1.0,26,direct_newton
Powell_4D,hgca_v54,15,1,1.0,26,direct_newton
Powell_4D,bipop,15,1,495.0,30365,
Powell_4D,nbipop,15,1,322.6,22626,
Powell_4D,hgca_v67,16,1,1.0,25,direct_newton
Powell_4D,hgca_v54,16,1,0.0,25,direct_newton
Powell_4D,bipop,16,1,448.6,30042,
Powell_4D,nbipop,16,1,300.0,22578,
Powell_4D,hgca_v67,17,1,1.1,26,direct_newton
Powell_4D,hgca_v54,17,1,1.0,26,direct_newton
Powell_4D,bipop,17,1,444.2,30041,
Powell_4D,nbipop,17,1,305.0,22518,
Powell_4D,hgca_v67,18,1,1.0,26,direct_newton
Powell_4D,hgca_v54,18,1,1.0,26,direct_newton
Powell_4D,bipop,18,1,454.2,30115,
Powell_4D,nbipop,18,1,312.1,22578,
Powell_4D,hgca_v67,19,1,1.0,27,direct_newton
Powell_4D,hgca_v54,19,1,1.0,27,direct_newton
Powell_4D,bipop,19,1,445.5,30274,
Powell_4D,nbipop,19,1,314.4,22698,
Powell_4D,hgca_v67,20,1,1.0,26,direct_newton
Powell_4D,hgca_v54,20,1,1.0,26,direct_newton
Powell_4D,bipop,20,1,495.0,30161,
Powell_4D,nbipop,20,1,303.5,22698,
Powell_4D,hgca_v67,21,1,0.9,26,direct_newton
Powell_4D,hgca_v54,21,1,2.0,26,direct_newton
Powell_4D,bipop,21,1,438.5,30151,
Powell_4D,nbipop,21,1,316.0,22602,
Powell_4D,hgca_v67,22,1,1.0,25,direct_newton
Powell_4D,hgca_v54,22,1,1.0,25,direct_newton
Powell_4D,bipop,22,1,485.1,30057,
Powell_4D,nbipop,22,1,323.0,22542,
Powell_4D,hgca_v67,23,1,0.0,26,direct_newton
Powell_4D,hgca_v54,23,1,2.0,26,direct_newton
Powell_4D,bipop,23,1,485.0,30065,
Powell_4D,nbipop,23,1,313.1,22650,
Powell_4D,hgca_v67,24,1,1.0,26,direct_newton
Powell_4D,hgca_v54,24,1,1.0,26,direct_newton
Powell_4D,bipop,24,1,489.2,30006,
Powell_4D,nbipop,24,1,306.9,22698,
Powell_4D,hgca_v67,25,1,1.0,26,direct_newton
Powell_4D,hgca_v54,25,1,1.0,26,direct_newton
Powell_4D,bipop,25,1,438.1,30127,
Powell_4D,nbipop,25,1,309.0,22554,
Powell_4D,hgca_v67,26,1,1.0,25,direct_newton
Powell_4D,hgca_v54,26,1,1.0,25,direct_newton
Powell_4D,bipop,26,1,469.9,30013,
Powell_4D,nbipop,26,1,310.3,22554,
Powell_4D,hgca_v67,27,1,1.0,26,direct_newton
Powell_4D,hgca_v54,27,1,1.0,26,direct_newton
Powell_4D,bipop,27,1,474.0,30133,
Powell_4D,nbipop,27,1,313.0,22530,
Powell_4D,hgca_v67,28,1,1.0,26,direct_newton
Powell_4D,hgca_v54,28,1,1.0,26,direct_newton
Powell_4D,bipop,28,1,471.6,30061,
Powell_4D,nbipop,28,1,305.4,22674,
Powell_4D,hgca_v67,29,1,1.0,26,direct_newton
Powell_4D,hgca_v54,29,1,1.0,26,direct_newton
Powell_4D,bipop,29,1,443.0,30248,
Powell_4D,nbipop,29,1,314.3,22698,
Powell_4D_C,hgca_v67,0,1,1.0,34,direct_newton
Powell_4D_C,hgca_v54,0,1,1.0,34,direct_newton
Powell_4D_C,bipop,0,1,474.6,30016,
Powell_4D_C,nbipop,0,1,333.0,23274,
Powell_4D_C,hgca_v67,1,1,1.0,34,direct_newton
Powell_4D_C,hgca_v54,1,1,1.0,34,direct_newton
Powell_4D_C,bipop,1,1,480.2,30023,
Powell_4D_C,nbipop,1,1,330.5,23142,
Powell_4D_C,hgca_v67,2,1,1.0,34,direct_newton
Powell_4D_C,hgca_v54,2,1,1.0,34,direct_newton
Powell_4D_C,bipop,2,1,462.1,30030,
Powell_4D_C,nbipop,2,1,315.0,23190,
Powell_4D_C,hgca_v67,3,1,1.0,34,direct_newton
Powell_4D_C,hgca_v54,3,1,1.0,34,direct_newton
Powell_4D_C,bipop,3,1,451.0,30134,
Powell_4D_C,nbipop,3,1,330.4,23214,
Powell_4D_C,hgca_v67,4,1,1.0,34,direct_newton
Powell_4D_C,hgca_v54,4,1,1.0,34,direct_newton
Powell_4D_C,bipop,4,1,472.0,30027,
Powell_4D_C,nbipop,4,1,327.0,23142,
Powell_4D_C,hgca_v67,5,1,1.0,34,direct_newton
Powell_4D_C,hgca_v54,5,1,1.0,34,direct_newton
Powell_4D_C,bipop,5,1,463.8,30013,
Powell_4D_C,nbipop,5,1,327.0,23178,
Powell_4D_C,hgca_v67,6,1,2.1,34,direct_newton
Powell_4D_C,hgca_v54,6,1,2.0,34,direct_newton
Powell_4D_C,bipop,6,1,461.6,30031,
Powell_4D_C,nbipop,6,1,360.1,23142,
Powell_4D_C,hgca_v67,7,1,1.0,34,direct_newton
Powell_4D_C,hgca_v54,7,1,2.0,34,direct_newton
Powell_4D_C,bipop,7,1,465.7,30123,
Powell_4D_C,nbipop,7,1,332.7,23274,
Powell_4D_C,hgca_v67,8,1,1.0,34,direct_newton
Powell_4D_C,hgca_v54,8,1,1.0,34,direct_newton
Powell_4D_C,bipop,8,1,470.2,30032,
Powell_4D_C,nbipop,8,1,327.1,23094,
Powell_4D_C,hgca_v67,9,1,2.0,34,direct_newton
Powell_4D_C,hgca_v54,9,1,1.0,34,direct_newton
Powell_4D_C,bipop,9,1,471.1,30032,
Powell_4D_C,nbipop,9,1,324.9,23106,
Powell_4D_C,hgca_v67,10,1,1.1,34,direct_newton
Powell_4D_C,hgca_v54,10,1,1.0,34,direct_newton
Powell_4D_C,bipop,10,1,467.3,30035,
Powell_4D_C,nbipop,10,1,336.1,23250,
Powell_4D_C,hgca_v67,11,1,0.9,34,direct_newton
Powell_4D_C,hgca_v54,11,1,1.0,34,direct_newton
Powell_4D_C,bipop,11,1,437.2,30054,
Powell_4D_C,nbipop,11,1,327.0,23106,
Powell_4D_C,hgca_v67,12,1,1.0,34,direct_newton
Powell_4D_C,hgca_v54,12,1,1.0,34,direct_newton
Powell_4D_C,bipop,12,1,484.6,30012,
Powell_4D_C,nbipop,12,1,330.1,23106,
Powell_4D_C,hgca_v67,13,1,1.0,34,direct_newton
Powell_4D_C,hgca_v54,13,1,2.0,34,direct_newton
Powell_4D_C,bipop,13,1,470.0,30034,
Powell_4D_C,nbipop,13,1,323.1,23298,
Powell_4D_C,hgca_v67,14,1,2.0,34,direct_newton
Powell_4D_C,hgca_v54,14,1,1.0,34,direct_newton
Powell_4D_C,bipop,14,1,429.0,30080,
Powell_4D_C,nbipop,14,1,327.5,23178,
Powell_4D_C,hgca_v67,15,1,1.0,34,direct_newton
Powell_4D_C,hgca_v54,15,1,1.0,34,direct_newton
Powell_4D_C,bipop,15,1,488.0,30035,
Powell_4D_C,nbipop,15,1,328.5,23142,
Powell_4D_C,hgca_v67,16,1,1.0,34,direct_newton
Powell_4D_C,hgca_v54,16,1,1.0,34,direct_newton
Powell_4D_C,bipop,16,1,479.5,30023,
Powell_4D_C,nbipop,16,1,335.0,23118,
Powell_4D_C,hgca_v67,17,1,1.0,34,direct_newton
Powell_4D_C,hgca_v54,17,1,1.0,34,direct_newton
Powell_4D_C,bipop,17,1,464.4,30011,
Powell_4D_C,nbipop,17,1,323.0,23178,
Powell_4D_C,hgca_v67,18,1,1.0,34,direct_newton
Powell_4D_C,hgca_v54,18,1,1.0,34,direct_newton
Powell_4D_C,bipop,18,1,491.0,30026,
Powell_4D_C,nbipop,18,1,332.0,23274,
Powell_4D_C,hgca_v67,19,1,2.0,34,direct_newton
Powell_4D_C,hgca_v54,19,1,1.0,34,direct_newton
Powell_4D_C,bipop,19,1,462.2,30018,
Powell_4D_C,nbipop,19,1,334.1,23118,
Powell_4D_C,hgca_v67,20,1,1.0,34,direct_newton
Powell_4D_C,hgca_v54,20,1,1.0,34,direct_newton
Powell_4D_C,bipop,20,1,448.9,30004,
Powell_4D_C,nbipop,20,1,327.0,23178,
Powell_4D_C,hgca_v67,21,1,1.0,34,direct_newton
Powell_4D_C,hgca_v54,21,1,1.0,34,direct_newton
Powell_4D_C,bipop,21,1,423.9,30025,
Powell_4D_C,nbipop,21,1,328.0,23262,
Powell_4D_C,hgca_v67,22,1,1.0,34,direct_newton
Powell_4D_C,hgca_v54,22,1,1.0,34,direct_newton
Powell_4D_C,bipop,22,1,482.6,30003,
Powell_4D_C,nbipop,22,1,331.3,23298,
Powell_4D_C,hgca_v67,23,1,1.0,34,direct_newton
Powell_4D_C,hgca_v54,23,1,1.0,34,direct_newton
Powell_4D_C,bipop,23,1,467.0,30031,
Powell_4D_C,nbipop,23,1,327.5,23154,
Powell_4D_C,hgca_v67,24,1,1.0,34,direct_newton
Powell_4D_C,hgca_v54,24,1,2.0,34,direct_newton
Powell_4D_C,bipop,24,1,459.7,30032,
Powell_4D_C,nbipop,24,1,369.8,23262,
Powell_4D_C,hgca_v67,25,1,0.9,34,direct_newton
Powell_4D_C,hgca_v54,25,1,1.1,34,direct_newton
Powell_4D_C,bipop,25,1,476.5,30017,
Powell_4D_C,nbipop,25,1,336.7,23286,
Powell_4D_C,hgca_v67,26,1,1.0,34,direct_newton
Powell_4D_C,hgca_v54,26,1,0.9,34,direct_newton
Powell_4D_C,bipop,26,1,446.5,30115,
Powell_4D_C,nbipop,26,1,323.6,23118,
Powell_4D_C,hgca_v67,27,1,1.5,34,direct_newton
Powell_4D_C,hgca_v54,27,1,1.1,34,direct_newton
Powell_4D_C,bipop,27,1,441.1,30060,
Powell_4D_C,nbipop,27,1,323.6,23274,
Powell_4D_C,hgca_v67,28,1,2.0,34,direct_newton
Powell_4D_C,hgca_v54,28,1,1.0,34,direct_newton
Powell_4D_C,bipop,28,1,442.1,30146,
Powell_4D_C,nbipop,28,1,314.6,23010,
Powell_4D_C,hgca_v67,29,1,1.0,34,direct_newton
Powell_4D_C,hgca_v54,29,1,1.9,34,direct_newton
Powell_4D_C,bipop,29,1,439.9,30018,
Powell_4D_C,nbipop,29,1,329.9,23106,
Powell_4D_E,hgca_v67,0,1,2.0,35,direct_newton
Powell_4D_E,hgca_v54,0,1,1.0,35,direct_newton
Powell_4D_E,bipop,0,1,441.0,30053,
Powell_4D_E,nbipop,0,1,351.0,23286,
Powell_4D_E,hgca_v67,1,1,1.0,35,direct_newton
Powell_4D_E,hgca_v54,1,1,1.0,35,direct_newton
Powell_4D_E,bipop,1,1,480.8,30024,
Powell_4D_E,nbipop,1,1,346.0,23310,
Powell_4D_E,hgca_v67,2,1,1.0,35,direct_newton
Powell_4D_E,hgca_v54,2,1,1.0,35,direct_newton
Powell_4D_E,bipop,2,1,477.1,30011,
Powell_4D_E,nbipop,2,1,327.9,23358,
Powell_4D_E,hgca_v67,3,1,1.0,35,direct_newton
Powell_4D_E,hgca_v54,3,1,1.0,35,direct_newton
Powell_4D_E,bipop,3,1,507.9,30015,
Powell_4D_E,nbipop,3,1,350.0,23406,
Powell_4D_E,hgca_v67,4,1,1.0,35,direct_newton
Powell_4D_E,hgca_v54,4,1,1.0,35,direct_newton
Powell_4D_E,bipop,4,1,491.1,30002,
Powell_4D_E,nbipop,4,1,348.6,23382,
Powell_4D_E,hgca_v67,5,1,1.0,35,direct_newton
Powell_4D_E,hgca_v54,5,1,1.0,35,direct_newton
Powell_4D_E,bipop,5,1,446.4,30081,
Powell_4D_E,nbipop,5,1,337.1,23250,
Powell_4D_E,hgca_v67,6,1,1.0,35,direct_newton
Powell_4D_E,hgca_v54,6,1,2.0,35,direct_newton
Powell_4D_E,bipop,6,1,477.2,30034,
Powell_4D_E,nbipop,6,1,331.0,23394,
Powell_4D_E,hgca_v67,7,1,1.0,35,direct_newton
Powell_4D_E,hgca_v54,7,1,1.0,35,direct_newton
Powell_4D_E,bipop,7,1,471.0,30014,
Powell_4D_E,nbipop,7,1,346.5,23430,
Powell_4D_E,hgca_v67,8,1,2.0,35,direct_newton
Powell_4D_E,hgca_v54,8,1,1.0,35,direct_newton
Powell_4D_E,bipop,8,1,480.0,30014,
Powell_4D_E,nbipop,8,1,341.5,23334,
Powell_4D_E,hgca_v67,9,1,2.0,35,direct_newton
Powell_4D_E,hgca_v54,9,1,1.0,35,direct_newton
Powell_4D_E,bipop,9,1,473.5,30004,
Powell_4D_E,nbipop,9,1,332.9,23178,
Powell_4D_E,hgca_v67,10,1,1.0,35,direct_newton
Powell_4D_E,hgca_v54,10,1,1.0,35,direct_newton
Powell_4D_E,bipop,10,1,466.6,30038,
Powell_4D_E,nbipop,10,1,337.0,23142,
Powell_4D_E,hgca_v67,11,1,1.0,35,direct_newton
Powell_4D_E,hgca_v54,11,1,1.0,35,direct_newton
Powell_4D_E,bipop,11,1,488.5,30057,
Powell_4D_E,nbipop,11,1,349.0,23382,
Powell_4D_E,hgca_v67,12,1,2.0,35,direct_newton
Powell_4D_E,hgca_v54,12,1,1.0,35,direct_newton
Powell_4D_E,bipop,12,1,496.0,30022,
Powell_4D_E,nbipop,12,1,342.9,23274,
Powell_4D_E,hgca_v67,13,1,1.0,35,direct_newton
Powell_4D_E,hgca_v54,13,1,1.0,35,direct_newton
Powell_4D_E,bipop,13,1,477.1,30048,
Powell_4D_E,nbipop,13,1,330.9,23382,
Powell_4D_E,hgca_v67,14,1,0.9,35,direct_newton
Powell_4D_E,hgca_v54,14,1,1.1,35,direct_newton
Powell_4D_E,bipop,14,1,452.4,30073,
Powell_4D_E,nbipop,14,1,348.0,23226,
Powell_4D_E,hgca_v67,15,1,1.0,35,direct_newton
Powell_4D_E,hgca_v54,15,1,2.0,35,direct_newton
Powell_4D_E,bipop,15,1,449.0,30009,
Powell_4D_E,nbipop,15,1,356.0,23418,
Powell_4D_E,hgca_v67,16,1,1.0,35,direct_newton
Powell_4D_E,hgca_v54,16,1,2.0,35,direct_newton
Powell_4D_E,bipop,16,1,520.1,30008,
Powell_4D_E,nbipop,16,1,376.0,23118,
Powell_4D_E,hgca_v67,17,1,1.1,35,direct_newton
Powell_4D_E,hgca_v54,17,1,1.0,35,direct_newton
Powell_4D_E,bipop,17,1,494.0,30013,
Powell_4D_E,nbipop,17,1,338.3,23250,
Powell_4D_E,hgca_v67,18,1,1.0,35,direct_newton
Powell_4D_E,hgca_v54,18,1,1.0,35,direct_newton
Powell_4D_E,bipop,18,1,476.0,30024,
Powell_4D_E,nbipop,18,1,340.0,23298,
Powell_4D_E,hgca_v67,19,1,2.0,35,direct_newton
Powell_4D_E,hgca_v54,19,1,1.0,35,direct_newton
Powell_4D_E,bipop,19,1,491.5,30003,
Powell_4D_E,nbipop,19,1,341.0,23394,
Powell_4D_E,hgca_v67,20,1,1.0,35,direct_newton
Powell_4D_E,hgca_v54,20,1,2.0,35,direct_newton
Powell_4D_E,bipop,20,1,471.0,30010,
Powell_4D_E,nbipop,20,1,344.2,23286,
Powell_4D_E,hgca_v67,21,1,1.0,35,direct_newton
Powell_4D_E,hgca_v54,21,1,1.0,35,direct_newton
Powell_4D_E,bipop,21,1,447.8,30071,
Powell_4D_E,nbipop,21,1,338.0,23274,
Powell_4D_E,hgca_v67,22,1,1.0,35,direct_newton
Powell_4D_E,hgca_v54,22,1,2.0,35,direct_newton
Powell_4D_E,bipop,22,1,457.1,30044,
Powell_4D_E,nbipop,22,1,339.5,23166,
Powell_4D_E,hgca_v67,23,1,1.0,35,direct_newton
Powell_4D_E,hgca_v54,23,1,1.0,35,direct_newton
Powell_4D_E,bipop,23,1,482.2,30030,
Powell_4D_E,nbipop,23,1,342.1,23382,
Powell_4D_E,hgca_v67,24,1,1.0,35,direct_newton
Powell_4D_E,hgca_v54,24,1,1.0,35,direct_newton
Powell_4D_E,bipop,24,1,500.1,30041,
Powell_4D_E,nbipop,24,1,336.0,23214,
Powell_4D_E,hgca_v67,25,1,1.0,36,direct_newton
Powell_4D_E,hgca_v54,25,1,1.0,36,direct_newton
Powell_4D_E,bipop,25,1,481.0,30102,
Powell_4D_E,nbipop,25,1,353.7,23214,
Powell_4D_E,hgca_v67,26,1,1.0,35,direct_newton
Powell_4D_E,hgca_v54,26,1,1.0,35,direct_newton
Powell_4D_E,bipop,26,1,469.2,30024,
Powell_4D_E,nbipop,26,1,348.0,23394,
Powell_4D_E,hgca_v67,27,1,1.0,35,direct_newton
Powell_4D_E,hgca_v54,27,1,1.0,35,direct_newton
Powell_4D_E,bipop,27,1,468.5,30047,
Powell_4D_E,nbipop,27,1,335.6,23166,
Powell_4D_E,hgca_v67,28,1,1.0,35,direct_newton
Powell_4D_E,hgca_v54,28,1,1.9,35,direct_newton
Powell_4D_E,bipop,28,1,482.7,30058,
Powell_4D_E,nbipop,28,1,339.0,23430,
Powell_4D_E,hgca_v67,29,1,1.0,35,direct_newton
Powell_4D_E,hgca_v54,29,1,1.0,35,direct_newton
Powell_4D_E,bipop,29,1,503.0,30023,
Powell_4D_E,nbipop,29,1,341.0,23466,
Powell_4D_H,hgca_v67,0,1,1.0,32,direct_newton
Powell_4D_H,hgca_v54,0,1,1.0,32,direct_newton
Powell_4D_H,bipop,0,1,502.1,30041,
Powell_4D_H,nbipop,0,1,332.2,23238,
Powell_4D_H,hgca_v67,1,1,2.0,32,direct_newton
Powell_4D_H,hgca_v54,1,1,1.0,32,direct_newton
Powell_4D_H,bipop,1,1,453.0,30083,
Powell_4D_H,nbipop,1,1,328.1,22962,
Powell_4D_H,hgca_v67,2,1,1.0,32,direct_newton
Powell_4D_H,hgca_v54,2,1,1.9,32,direct_newton
Powell_4D_H,bipop,2,1,470.0,30007,
Powell_4D_H,nbipop,2,1,331.3,22938,
Powell_4D_H,hgca_v67,3,1,1.0,32,direct_newton
Powell_4D_H,hgca_v54,3,1,2.0,32,direct_newton
Powell_4D_H,bipop,3,1,517.9,30005,
Powell_4D_H,nbipop,3,1,329.0,23274,
Powell_4D_H,hgca_v67,4,1,1.0,32,direct_newton
Powell_4D_H,hgca_v54,4,1,2.0,32,direct_newton
Powell_4D_H,bipop,4,1,488.1,30214,
Powell_4D_H,nbipop,4,1,325.0,23166,
Powell_4D_H,hgca_v67,5,1,1.0,32,direct_newton
Powell_4D_H,hgca_v54,5,1,1.0,32,direct_newton
Powell_4D_H,bipop,5,1,525.2,30096,
Powell_4D_H,nbipop,5,1,327.0,23106,
Powell_4D_H,hgca_v67,6,1,1.0,33,direct_newton
Powell_4D_H,hgca_v54,6,1,1.0,33,direct_newton
Powell_4D_H,bipop,6,1,453.0,30029,
Powell_4D_H,nbipop,6,1,344.6,22926,
Powell_4D_H,hgca_v67,7,1,1.0,32,direct_newton
Powell_4D_H,hgca_v54,7,1,2.0,32,direct_newton
Powell_4D_H,bipop,7,1,437.3,30085,
Powell_4D_H,nbipop,7,1,322.7,22878,
Powell_4D_H,hgca_v67,8,1,1.0,32,direct_newton
Powell_4D_H,hgca_v54,8,1,1.0,32,direct_newton
Powell_4D_H,bipop,8,1,454.6,30057,
Powell_4D_H,nbipop,8,1,319.0,23214,
Powell_4D_H,hgca_v67,9,1,1.0,32,direct_newton
Powell_4D_H,hgca_v54,9,1,1.0,32,direct_newton
Powell_4D_H,bipop,9,1,428.1,30067,
Powell_4D_H,nbipop,9,1,313.0,22914,
Powell_4D_H,hgca_v67,10,1,1.0,32,direct_newton
Powell_4D_H,hgca_v54,10,1,1.0,32,direct_newton
Powell_4D_H,bipop,10,1,471.0,30249,
Powell_4D_H,nbipop,10,1,325.0,23070,
Powell_4D_H,hgca_v67,11,1,1.0,32,direct_newton
Powell_4D_H,hgca_v54,11,1,1.0,32,direct_newton
Powell_4D_H,bipop,11,1,456.5,30037,
Powell_4D_H,nbipop,11,1,328.0,23178,
Powell_4D_H,hgca_v67,12,1,2.0,32,direct_newton
Powell_4D_H,hgca_v54,12,1,1.0,32,direct_newton
Powell_4D_H,bipop,12,1,436.0,30376,
Powell_4D_H,nbipop,12,1,311.5,23022,
Powell_4D_H,hgca_v67,13,1,1.0,32,direct_newton
Powell_4D_H,hgca_v54,13,1,1.1,32,direct_newton
Powell_4D_H,bipop,13,1,431.3,30123,
Powell_4D_H,nbipop,13,1,307.0,22962,
Powell_4D_H,hgca_v67,14,1,0.9,32,direct_newton
Powell_4D_H,hgca_v54,14,1,1.0,32,direct_newton
Powell_4D_H,bipop,14,1,460.5,30015,
Powell_4D_H,nbipop,14,1,321.6,22986,
Powell_4D_H,hgca_v67,15,1,1.0,32,direct_newton
Powell_4D_H,hgca_v54,15,1,1.0,32,direct_newton
Powell_4D_H,bipop,15,1,471.0,30313,
Powell_4D_H,nbipop,15,1,324.5,22962,
Powell_4D_H,hgca_v67,16,1,1.0,32,direct_newton
Powell_4D_H,hgca_v54,16,1,1.0,32,direct_newton
Powell_4D_H,bipop,16,1,485.6,30008,
Powell_4D_H,nbipop,16,1,311.4,22902,
Powell_4D_H,hgca_v67,17,1,1.0,32,direct_newton
Powell_4D_H,hgca_v54,17,1,1.0,32,direct_newton
Powell_4D_H,bipop,17,1,453.2,30129,
Powell_4D_H,nbipop,17,1,317.1,22902,
Powell_4D_H,hgca_v67,18,1,1.0,32,direct_newton
Powell_4D_H,hgca_v54,18,1,1.0,32,direct_newton
Powell_4D_H,bipop,18,1,458.3,30091,
Powell_4D_H,nbipop,18,1,321.4,23022,
Powell_4D_H,hgca_v67,19,1,2.0,32,direct_newton
Powell_4D_H,hgca_v54,19,1,0.9,32,direct_newton
Powell_4D_H,bipop,19,1,469.0,30033,
Powell_4D_H,nbipop,19,1,322.7,22866,
Powell_4D_H,hgca_v67,20,1,1.0,33,direct_newton
Powell_4D_H,hgca_v54,20,1,1.0,33,direct_newton
Powell_4D_H,bipop,20,1,414.1,30093,
Powell_4D_H,nbipop,20,1,314.0,23070,
Powell_4D_H,hgca_v67,21,1,1.0,32,direct_newton
Powell_4D_H,hgca_v54,21,1,1.0,32,direct_newton
Powell_4D_H,bipop,21,1,430.3,30009,
Powell_4D_H,nbipop,21,1,317.9,23130,
Powell_4D_H,hgca_v67,22,1,1.0,32,direct_newton
Powell_4D_H,hgca_v54,22,1,1.0,32,direct_newton
Powell_4D_H,bipop,22,1,437.7,30108,
Powell_4D_H,nbipop,22,1,323.0,23166,
Powell_4D_H,hgca_v67,23,1,2.0,33,direct_newton
Powell_4D_H,hgca_v54,23,1,1.0,33,direct_newton
Powell_4D_H,bipop,23,1,451.0,30019,
Powell_4D_H,nbipop,23,1,324.0,23202,
Powell_4D_H,hgca_v67,24,1,1.0,32,direct_newton
Powell_4D_H,hgca_v54,24,1,1.0,32,direct_newton
Powell_4D_H,bipop,24,1,431.4,30121,
Powell_4D_H,nbipop,24,1,312.0,22962,
Powell_4D_H,hgca_v67,25,1,1.0,32,direct_newton
Powell_4D_H,hgca_v54,25,1,1.0,32,direct_newton
Powell_4D_H,bipop,25,1,448.7,30018,
Powell_4D_H,nbipop,25,1,314.1,22830,
Powell_4D_H,hgca_v67,26,1,0.9,32,direct_newton
Powell_4D_H,hgca_v54,26,1,1.0,32,direct_newton
Powell_4D_H,bipop,26,1,448.0,30065,
Powell_4D_H,nbipop,26,1,318.0,23058,
Powell_4D_H,hgca_v67,27,1,1.0,32,direct_newton
Powell_4D_H,hgca_v54,27,1,1.0,32,direct_newton
Powell_4D_H,bipop,27,1,444.6,30178,
Powell_4D_H,nbipop,27,1,320.0,23034,
Powell_4D_H,hgca_v67,28,1,1.0,32,direct_newton
Powell_4D_H,hgca_v54,28,1,1.0,32,direct_newton
Powell_4D_H,bipop,28,1,469.3,30003,
Powell_4D_H,nbipop,28,1,310.7,23154,
Powell_4D_H,hgca_v67,29,1,1.1,32,direct_newton
Powell_4D_H,hgca_v54,29,1,1.0,32,direct_newton
Powell_4D_H,bipop,29,1,454.2,30202,
Powell_4D_H,nbipop,29,1,323.1,23190,
Powell_4D_M,hgca_v67,0,1,1.0,30,direct_newton
Powell_4D_M,hgca_v54,0,1,1.0,30,direct_newton
Powell_4D_M,bipop,0,1,444.0,30156,
Powell_4D_M,nbipop,0,1,317.1,22650,
Powell_4D_M,hgca_v67,1,1,1.0,30,direct_newton
Powell_4D_M,hgca_v54,1,1,1.0,30,direct_newton
Powell_4D_M,bipop,1,1,451.9,30277,
Powell_4D_M,nbipop,1,1,321.3,22674,
Powell_4D_M,hgca_v67,2,1,1.0,29,direct_newton
Powell_4D_M,hgca_v54,2,1,1.0,29,direct_newton
Powell_4D_M,bipop,2,1,408.6,30031,
Powell_4D_M,nbipop,2,1,305.4,22626,
Powell_4D_M,hgca_v67,3,1,1.0,30,direct_newton
Powell_4D_M,hgca_v54,3,1,1.0,30,direct_newton
Powell_4D_M,bipop,3,1,432.5,30036,
Powell_4D_M,nbipop,3,1,311.3,22566,
Powell_4D_M,hgca_v67,4,1,1.0,30,direct_newton
Powell_4D_M,hgca_v54,4,1,1.0,30,direct_newton
Powell_4D_M,bipop,4,1,465.1,30012,
Powell_4D_M,nbipop,4,1,317.3,22650,
Powell_4D_M,hgca_v67,5,1,1.0,30,direct_newton
Powell_4D_M,hgca_v54,5,1,1.0,30,direct_newton
Powell_4D_M,bipop,5,1,442.2,30016,
Powell_4D_M,nbipop,5,1,318.5,22626,
Powell_4D_M,hgca_v67,6,1,1.0,29,direct_newton
Powell_4D_M,hgca_v54,6,1,1.0,29,direct_newton
Powell_4D_M,bipop,6,1,439.2,30238,
Powell_4D_M,nbipop,6,1,305.0,22890,
Powell_4D_M,hgca_v67,7,1,1.0,30,direct_newton
Powell_4D_M,hgca_v54,7,1,1.0,30,direct_newton
Powell_4D_M,bipop,7,1,454.8,30337,
Powell_4D_M,nbipop,7,1,314.0,22554,
Powell_4D_M,hgca_v67,8,1,1.0,30,direct_newton
Powell_4D_M,hgca_v54,8,1,1.0,30,direct_newton
Powell_4D_M,bipop,8,1,442.0,30085,
Powell_4D_M,nbipop,8,1,311.5,22602,
Powell_4D_M,hgca_v67,9,1,1.0,30,direct_newton
Powell_4D_M,hgca_v54,9,1,1.0,30,direct_newton
Powell_4D_M,bipop,9,1,447.3,30020,
Powell_4D_M,nbipop,9,1,316.4,22650,
Powell_4D_M,hgca_v67,10,1,1.0,30,direct_newton
Powell_4D_M,hgca_v54,10,1,1.0,30,direct_newton
Powell_4D_M,bipop,10,1,475.2,30146,
Powell_4D_M,nbipop,10,1,307.0,22890,
Powell_4D_M,hgca_v67,11,1,1.0,30,direct_newton
Powell_4D_M,hgca_v54,11,1,1.0,30,direct_newton
Powell_4D_M,bipop,11,1,445.6,30318,
Powell_4D_M,nbipop,11,1,313.0,22602,
Powell_4D_M,hgca_v67,12,1,1.0,30,direct_newton
Powell_4D_M,hgca_v54,12,1,1.0,30,direct_newton
Powell_4D_M,bipop,12,1,438.9,30303,
Powell_4D_M,nbipop,12,1,311.0,22566,
Powell_4D_M,hgca_v67,13,1,1.0,30,direct_newton
Powell_4D_M,hgca_v54,13,1,2.0,30,direct_newton
Powell_4D_M,bipop,13,1,469.6,30131,
Powell_4D_M,nbipop,13,1,324.1,22710,
Powell_4D_M,hgca_v67,14,1,0.9,30,direct_newton
Powell_4D_M,hgca_v54,14,1,1.1,30,direct_newton
Powell_4D_M,bipop,14,1,425.0,30041,
Powell_4D_M,nbipop,14,1,308.4,22818,
Powell_4D_M,hgca_v67,15,1,1.0,30,direct_newton
Powell_4D_M,hgca_v54,15,1,1.0,30,direct_newton
Powell_4D_M,bipop,15,1,498.0,30014,
Powell_4D_M,nbipop,15,1,310.2,22830,
Powell_4D_M,hgca_v67,16,1,1.0,30,direct_newton
Powell_4D_M,hgca_v54,16,1,1.0,30,direct_newton
Powell_4D_M,bipop,16,1,465.0,30347,
Powell_4D_M,nbipop,16,1,321.4,22626,
Powell_4D_M,hgca_v67,17,1,1.0,30,direct_newton
Powell_4D_M,hgca_v54,17,1,1.0,30,direct_newton
Powell_4D_M,bipop,17,1,476.3,30056,
Powell_4D_M,nbipop,17,1,310.4,22626,
Powell_4D_M,hgca_v67,18,1,1.0,30,direct_newton
Powell_4D_M,hgca_v54,18,1,1.9,30,direct_newton
Powell_4D_M,bipop,18,1,434.3,30103,
Powell_4D_M,nbipop,18,1,309.3,22866,
Powell_4D_M,hgca_v67,19,1,1.0,30,direct_newton
Powell_4D_M,hgca_v54,19,1,0.9,30,direct_newton
Powell_4D_M,bipop,19,1,424.3,30084,
Powell_4D_M,nbipop,19,1,358.0,22638,
Powell_4D_M,hgca_v67,20,1,2.0,30,direct_newton
Powell_4D_M,hgca_v54,20,1,1.0,30,direct_newton
Powell_4D_M,bipop,20,1,481.8,30032,
Powell_4D_M,nbipop,20,1,318.7,22878,
Powell_4D_M,hgca_v67,21,1,1.0,30,direct_newton
Powell_4D_M,hgca_v54,21,1,1.0,30,direct_newton
Powell_4D_M,bipop,21,1,462.5,30039,
Powell_4D_M,nbipop,21,1,310.9,22686,
Powell_4D_M,hgca_v67,22,1,1.0,30,direct_newton
Powell_4D_M,hgca_v54,22,1,1.9,30,direct_newton
Powell_4D_M,bipop,22,1,424.1,30206,
Powell_4D_M,nbipop,22,1,310.4,22890,
Powell_4D_M,hgca_v67,23,1,1.0,30,direct_newton
Powell_4D_M,hgca_v54,23,1,2.0,30,direct_newton
Powell_4D_M,bipop,23,1,492.7,30239,
Powell_4D_M,nbipop,23,1,322.5,22794,
Powell_4D_M,hgca_v67,24,1,1.0,30,direct_newton
Powell_4D_M,hgca_v54,24,1,1.0,30,direct_newton
Powell_4D_M,bipop,24,1,479.8,30010,
Powell_4D_M,nbipop,24,1,320.6,22722,
Powell_4D_M,hgca_v67,25,1,1.0,30,direct_newton
Powell_4D_M,hgca_v54,25,1,1.0,30,direct_newton
Powell_4D_M,bipop,25,1,444.1,30307,
Powell_4D_M,nbipop,25,1,313.8,22698,
Powell_4D_M,hgca_v67,26,1,2.0,30,direct_newton
Powell_4D_M,hgca_v54,26,1,1.0,30,direct_newton
Powell_4D_M,bipop,26,1,450.4,30290,
Powell_4D_M,nbipop,26,1,318.8,22578,
Powell_4D_M,hgca_v67,27,1,1.0,29,direct_newton
Powell_4D_M,hgca_v54,27,1,1.0,29,direct_newton
Powell_4D_M,bipop,27,1,498.3,30197,
Powell_4D_M,nbipop,27,1,326.3,22866,
Powell_4D_M,hgca_v67,28,1,1.1,30,direct_newton
Powell_4D_M,hgca_v54,28,1,1.0,30,direct_newton
Powell_4D_M,bipop,28,1,495.9,30002,
Powell_4D_M,nbipop,28,1,324.6,22614,
Powell_4D_M,hgca_v67,29,1,1.0,30,direct_newton
Powell_4D_M,hgca_v54,29,1,1.0,30,direct_newton
Powell_4D_M,bipop,29,1,469.0,30017,
Powell_4D_M,nbipop,29,1,308.1,22626,
Rastrigin_20D_XE,hgca_v67,0,1,102.4,2,pcu_ok
Rastrigin_20D_XE,hgca_v54,0,0,642.1,77186,hgca_cma_failed
Rastrigin_20D_XE,bipop,0,0,620.6,30026,
Rastrigin_20D_XE,nbipop,0,0,614.3,27689,
Rastrigin_20D_XE,hgca_v67,1,1,5.0,2,pcu_ok
Rastrigin_20D_XE,hgca_v54,1,0,633.0,77186,hgca_cma_failed
Rastrigin_20D_XE,bipop,1,0,579.2,30026,
Rastrigin_20D_XE,nbipop,1,0,617.9,27809,
Rastrigin_20D_XE,hgca_v67,2,1,5.0,2,pcu_ok
Rastrigin_20D_XE,hgca_v54,2,0,661.2,77844,hgca_cma_failed
Rastrigin_20D_XE,bipop,2,0,614.8,30026,
Rastrigin_20D_XE,nbipop,2,0,619.4,28133,
Rastrigin_20D_XE,hgca_v67,3,1,5.0,2,pcu_ok
Rastrigin_20D_XE,hgca_v54,3,0,640.1,77844,hgca_cma_failed
Rastrigin_20D_XE,bipop,3,0,611.4,30026,
Rastrigin_20D_XE,nbipop,3,0,634.4,27725,
Rastrigin_20D_XE,hgca_v67,4,1,5.0,2,pcu_ok
Rastrigin_20D_XE,hgca_v54,4,0,675.5,77844,hgca_cma_failed
Rastrigin_20D_XE,bipop,4,0,579.7,30002,
Rastrigin_20D_XE,nbipop,4,0,624.0,27701,
Rastrigin_20D_XE,hgca_v67,5,1,10.0,2,pcu_ok
Rastrigin_20D_XE,hgca_v54,5,0,709.2,78501,hgca_cma_failed
Rastrigin_20D_XE,bipop,5,0,604.0,30002,
Rastrigin_20D_XE,nbipop,5,0,622.8,28049,
Rastrigin_20D_XE,hgca_v67,6,1,4.9,2,pcu_ok
Rastrigin_20D_XE,hgca_v54,6,0,634.9,77516,hgca_cma_failed
Rastrigin_20D_XE,bipop,6,0,604.3,30026,
Rastrigin_20D_XE,nbipop,6,0,630.0,27893,
Rastrigin_20D_XE,hgca_v67,7,1,5.0,2,pcu_ok
Rastrigin_20D_XE,hgca_v54,7,0,689.7,78173,hgca_cma_failed
Rastrigin_20D_XE,bipop,7,0,584.2,30026,
Rastrigin_20D_XE,nbipop,7,0,614.0,28037,
Rastrigin_20D_XE,hgca_v67,8,1,5.0,2,pcu_ok
Rastrigin_20D_XE,hgca_v54,8,0,670.4,78173,hgca_cma_failed
Rastrigin_20D_XE,bipop,8,0,598.9,30002,
Rastrigin_20D_XE,nbipop,8,0,611.8,27617,
Rastrigin_20D_XE,hgca_v67,9,1,5.0,2,pcu_ok
Rastrigin_20D_XE,hgca_v54,9,0,683.3,78831,hgca_cma_failed
Rastrigin_20D_XE,bipop,9,0,581.5,30026,
Rastrigin_20D_XE,nbipop,9,0,622.4,27677,
Rastrigin_20D_XE,hgca_v67,10,1,5.0,2,pcu_ok
Rastrigin_20D_XE,hgca_v54,10,0,682.8,78173,hgca_cma_failed
Rastrigin_20D_XE,bipop,10,0,622.6,30026,
Rastrigin_20D_XE,nbipop,10,0,593.1,27461,
Rastrigin_20D_XE,hgca_v67,11,1,4.8,2,pcu_ok
Rastrigin_20D_XE,hgca_v54,11,0,637.6,77186,hgca_cma_failed
Rastrigin_20D_XE,bipop,11,0,610.7,30002,
Rastrigin_20D_XE,nbipop,11,0,611.2,27461,
Rastrigin_20D_XE,hgca_v67,12,1,5.0,2,pcu_ok
Rastrigin_20D_XE,hgca_v54,12,0,700.0,78831,hgca_cma_failed
Rastrigin_20D_XE,bipop,12,0,582.2,30002,
Rastrigin_20D_XE,nbipop,12,0,610.3,27665,
Rastrigin_20D_XE,hgca_v67,13,1,5.0,2,pcu_ok
Rastrigin_20D_XE,hgca_v54,13,0,675.6,78502,hgca_cma_failed
Rastrigin_20D_XE,bipop,13,0,604.4,30002,
Rastrigin_20D_XE,nbipop,13,0,628.5,27965,
Rastrigin_20D_XE,hgca_v67,14,1,4.0,2,pcu_ok
Rastrigin_20D_XE,hgca_v54,14,0,625.0,77515,hgca_cma_failed
Rastrigin_20D_XE,bipop,14,0,614.9,30002,
Rastrigin_20D_XE,nbipop,14,0,637.5,27665,
Rastrigin_20D_XE,hgca_v67,15,1,6.0,2,pcu_ok
Rastrigin_20D_XE,hgca_v54,15,0,645.7,77184,hgca_cma_failed
Rastrigin_20D_XE,bipop,15,0,590.8,30002,
Rastrigin_20D_XE,nbipop,15,0,589.0,27917,
Rastrigin_20D_XE,hgca_v67,16,1,5.0,2,pcu_ok
Rastrigin_20D_XE,hgca_v54,16,0,631.8,76857,hgca_cma_failed
Rastrigin_20D_XE,bipop,16,0,607.0,30002,
Rastrigin_20D_XE,nbipop,16,0,621.9,27725,
Rastrigin_20D_XE,hgca_v67,17,1,5.0,2,pcu_ok
Rastrigin_20D_XE,hgca_v54,17,0,642.8,77516,hgca_cma_failed
Rastrigin_20D_XE,bipop,17,0,569.8,30026,
Rastrigin_20D_XE,nbipop,17,0,612.0,27869,
Rastrigin_20D_XE,hgca_v67,18,1,5.0,2,pcu_ok
Rastrigin_20D_XE,hgca_v54,18,0,654.1,78173,hgca_cma_failed
Rastrigin_20D_XE,bipop,18,0,600.0,30002,
Rastrigin_20D_XE,nbipop,18,0,591.8,27401,
Rastrigin_20D_XE,hgca_v67,19,1,5.0,2,pcu_ok
Rastrigin_20D_XE,hgca_v54,19,0,629.2,77844,hgca_cma_failed
Rastrigin_20D_XE,bipop,19,0,602.0,30002,
Rastrigin_20D_XE,nbipop,19,0,618.5,27773,
Rastrigin_20D_XE,hgca_v67,20,1,5.0,2,pcu_ok
Rastrigin_20D_XE,hgca_v54,20,0,664.1,77844,hgca_cma_failed
Rastrigin_20D_XE,bipop,20,0,581.1,30026,
Rastrigin_20D_XE,nbipop,20,0,615.3,27965,
Rastrigin_20D_XE,hgca_v67,21,1,5.0,2,pcu_ok
Rastrigin_20D_XE,hgca_v54,21,0,654.7,77515,hgca_cma_failed
Rastrigin_20D_XE,bipop,21,0,615.9,30002,
Rastrigin_20D_XE,nbipop,21,0,624.3,27725,
Rastrigin_20D_XE,hgca_v67,22,1,5.0,2,pcu_ok
Rastrigin_20D_XE,hgca_v54,22,0,661.4,78173,hgca_cma_failed
Rastrigin_20D_XE,bipop,22,0,620.7,30026,
Rastrigin_20D_XE,nbipop,22,0,624.3,27617,
Rastrigin_20D_XE,hgca_v67,23,1,5.0,2,pcu_ok
Rastrigin_20D_XE,hgca_v54,23,0,685.0,78502,hgca_cma_failed
Rastrigin_20D_XE,bipop,23,0,585.8,30002,
Rastrigin_20D_XE,nbipop,23,0,651.9,28133,
Rastrigin_20D_XE,hgca_v67,24,1,4.0,2,pcu_ok
Rastrigin_20D_XE,hgca_v54,24,0,667.0,77844,hgca_cma_failed
Rastrigin_20D_XE,bipop,24,0,601.0,30026,
Rastrigin_20D_XE,nbipop,24,0,616.6,27677,
Rastrigin_20D_XE,hgca_v67,25,1,4.9,2,pcu_ok
Rastrigin_20D_XE,hgca_v54,25,0,639.2,77515,hgca_cma_failed
Rastrigin_20D_XE,bipop,25,0,592.2,30002,
Rastrigin_20D_XE,nbipop,25,0,632.9,28073,
Rastrigin_20D_XE,hgca_v67,26,1,4.9,2,pcu_ok
Rastrigin_20D_XE,hgca_v54,26,0,671.8,77517,hgca_cma_failed
Rastrigin_20D_XE,bipop,26,0,602.0,30026,
Rastrigin_20D_XE,nbipop,26,0,606.2,27809,
Rastrigin_20D_XE,hgca_v67,27,1,4.0,2,pcu_ok
Rastrigin_20D_XE,hgca_v54,27,0,671.8,77515,hgca_cma_failed
Rastrigin_20D_XE,bipop,27,0,598.1,30002,
Rastrigin_20D_XE,nbipop,27,0,644.8,27713,
Rastrigin_20D_XE,hgca_v67,28,1,5.0,2,pcu_ok
Rastrigin_20D_XE,hgca_v54,28,0,672.5,77187,hgca_cma_failed
Rastrigin_20D_XE,bipop,28,0,619.0,30026,
Rastrigin_20D_XE,nbipop,28,0,646.2,27953,
Rastrigin_20D_XE,hgca_v67,29,1,5.0,2,pcu_ok
Rastrigin_20D_XE,hgca_v54,29,0,717.9,77844,hgca_cma_failed
Rastrigin_20D_XE,bipop,29,0,635.0,30002,
Rastrigin_20D_XE,nbipop,29,0,640.0,27749,
Rastrigin_2D_XE,hgca_v67,0,1,1.0,2,pcu_ok
Rastrigin_2D_XE,hgca_v54,0,1,187.1,30117,hgca_cma_refined
Rastrigin_2D_XE,bipop,0,1,448.9,30072,
Rastrigin_2D_XE,nbipop,0,1,313.6,22422,
Rastrigin_2D_XE,hgca_v67,1,1,11.0,2,pcu_ok
Rastrigin_2D_XE,hgca_v54,1,1,258.0,29664,hgca_cma_refined
Rastrigin_2D_XE,bipop,1,1,493.0,30042,
Rastrigin_2D_XE,nbipop,1,1,305.2,22410,
Rastrigin_2D_XE,hgca_v67,2,1,1.0,2,pcu_ok
Rastrigin_2D_XE,hgca_v54,2,1,212.2,28700,hgca_cma_refined
Rastrigin_2D_XE,bipop,2,1,480.6,30024,
Rastrigin_2D_XE,nbipop,2,1,284.1,22590,
Rastrigin_2D_XE,hgca_v67,3,1,1.0,2,pcu_ok
Rastrigin_2D_XE,hgca_v54,3,1,202.0,29239,hgca_cma_refined
Rastrigin_2D_XE,bipop,3,1,375.0,30019,
Rastrigin_2D_XE,nbipop,3,1,274.9,22170,
Rastrigin_2D_XE,hgca_v67,4,1,1.0,2,pcu_ok
Rastrigin_2D_XE,hgca_v54,4,1,186.0,28982,hgca_cma_refined
Rastrigin_2D_XE,bipop,4,1,417.3,30037,
Rastrigin_2D_XE,nbipop,4,1,282.4,22554,
Rastrigin_2D_XE,hgca_v67,5,1,0.0,2,pcu_ok
Rastrigin_2D_XE,hgca_v54,5,1,197.0,29829,hgca_cma_refined
Rastrigin_2D_XE,bipop,5,1,448.6,30007,
Rastrigin_2D_XE,nbipop,5,1,277.0,22326,
Rastrigin_2D_XE,hgca_v67,6,1,1.0,2,pcu_ok
Rastrigin_2D_XE,hgca_v54,6,1,191.5,30037,hgca_cma_refined
Rastrigin_2D_XE,bipop,6,1,388.9,30037,
Rastrigin_2D_XE,nbipop,6,1,269.9,22170,
Rastrigin_2D_XE,hgca_v67,7,1,1.0,2,pcu_ok
Rastrigin_2D_XE,hgca_v54,7,1,206.0,29991,hgca_cma_refined
Rastrigin_2D_XE,bipop,7,1,419.0,30008,
Rastrigin_2D_XE,nbipop,7,1,285.0,22518,
Rastrigin_2D_XE,hgca_v67,8,1,10.0,2,pcu_ok
Rastrigin_2D_XE,hgca_v54,8,1,219.0,27512,hgca_cma_refined
Rastrigin_2D_XE,bipop,8,1,400.4,30004,
Rastrigin_2D_XE,nbipop,8,1,280.1,22350,
Rastrigin_2D_XE,hgca_v67,9,1,1.0,2,pcu_ok
Rastrigin_2D_XE,hgca_v54,9,1,180.9,28293,hgca_cma_refined
Rastrigin_2D_XE,bipop,9,1,427.0,30078,
Rastrigin_2D_XE,nbipop,9,1,280.3,22470,
Rastrigin_2D_XE,hgca_v67,10,1,1.0,2,pcu_ok
Rastrigin_2D_XE,hgca_v54,10,1,203.5,30127,hgca_cma_refined
Rastrigin_2D_XE,bipop,10,1,434.0,30025,
Rastrigin_2D_XE,nbipop,10,1,279.0,22386,
Rastrigin_2D_XE,hgca_v67,11,1,1.0,2,pcu_ok
Rastrigin_2D_XE,hgca_v54,11,1,189.0,30013,hgca_cma_refined
Rastrigin_2D_XE,bipop,11,1,401.5,30169,
Rastrigin_2D_XE,nbipop,11,1,285.0,22590,
Rastrigin_2D_XE,hgca_v67,12,1,1.0,2,pcu_ok
Rastrigin_2D_XE,hgca_v54,12,1,185.0,28957,hgca_cma_refined
Rastrigin_2D_XE,bipop,12,1,399.0,30042,
Rastrigin_2D_XE,nbipop,12,1,270.1,22326,
Rastrigin_2D_XE,hgca_v67,13,1,1.0,2,pcu_ok
Rastrigin_2D_XE,hgca_v54,13,1,188.0,29445,hgca_cma_refined
Rastrigin_2D_XE,bipop,13,1,396.2,30135,
Rastrigin_2D_XE,nbipop,13,1,291.0,22782,
Rastrigin_2D_XE,hgca_v67,14,1,0.0,2,pcu_ok
Rastrigin_2D_XE,hgca_v54,14,1,195.0,29957,hgca_cma_refined
Rastrigin_2D_XE,bipop,14,1,443.4,30029,
Rastrigin_2D_XE,nbipop,14,1,284.5,22698,
Rastrigin_2D_XE,hgca_v67,15,1,1.0,2,pcu_ok
Rastrigin_2D_XE,hgca_v54,15,1,188.0,28789,hgca_cma_refined
Rastrigin_2D_XE,bipop,15,1,396.0,30039,
Rastrigin_2D_XE,nbipop,15,1,278.4,22374,
Rastrigin_2D_XE,hgca_v67,16,1,1.0,2,pcu_ok
Rastrigin_2D_XE,hgca_v54,16,1,203.0,28766,hgca_cma_refined
Rastrigin_2D_XE,bipop,16,1,440.1,30011,
Rastrigin_2D_XE,nbipop,16,1,276.0,22674,
Rastrigin_2D_XE,hgca_v67,17,1,1.0,2,pcu_ok
Rastrigin_2D_XE,hgca_v54,17,1,182.0,28101,hgca_cma_refined
Rastrigin_2D_XE,bipop,17,1,396.9,30022,
Rastrigin_2D_XE,nbipop,17,1,287.7,22662,
Rastrigin_2D_XE,hgca_v67,18,1,10.0,2,pcu_ok
Rastrigin_2D_XE,hgca_v54,18,1,226.0,28984,hgca_cma_refined
Rastrigin_2D_XE,bipop,18,1,402.0,30022,
Rastrigin_2D_XE,nbipop,18,1,284.0,22578,
Rastrigin_2D_XE,hgca_v67,19,1,1.0,2,pcu_ok
Rastrigin_2D_XE,hgca_v54,19,1,188.7,29053,hgca_cma_refined
Rastrigin_2D_XE,bipop,19,1,421.5,30033,
Rastrigin_2D_XE,nbipop,19,1,272.0,22458,
Rastrigin_2D_XE,hgca_v67,20,1,0.0,2,pcu_ok
Rastrigin_2D_XE,hgca_v54,20,1,200.4,29335,hgca_cma_refined
Rastrigin_2D_XE,bipop,20,1,394.4,30028,
Rastrigin_2D_XE,nbipop,20,1,283.3,22242,
Rastrigin_2D_XE,hgca_v67,21,1,10.0,2,pcu_ok
Rastrigin_2D_XE,hgca_v54,21,1,272.0,31995,hgca_cma_refined
Rastrigin_2D_XE,bipop,21,1,444.0,30026,
Rastrigin_2D_XE,nbipop,21,1,279.5,22686,
Rastrigin_2D_XE,hgca_v67,22,1,0.0,2,pcu_ok
Rastrigin_2D_XE,hgca_v54,22,1,188.0,28773,hgca_cma_refined
Rastrigin_2D_XE,bipop,22,1,418.0,30030,
Rastrigin_2D_XE,nbipop,22,1,277.5,22434,
Rastrigin_2D_XE,hgca_v67,23,1,1.0,2,pcu_ok
Rastrigin_2D_XE,hgca_v54,23,1,172.5,27829,hgca_cma_refined
Rastrigin_2D_XE,bipop,23,1,405.3,30242,
Rastrigin_2D_XE,nbipop,23,1,272.0,22278,
Rastrigin_2D_XE,hgca_v67,24,1,1.0,2,pcu_ok
Rastrigin_2D_XE,hgca_v54,24,1,231.0,29200,hgca_cma_refined
Rastrigin_2D_XE,bipop,24,1,427.9,30152,
Rastrigin_2D_XE,nbipop,24,1,289.1,22614,
Rastrigin_2D_XE,hgca_v67,25,1,1.0,2,pcu_ok
Rastrigin_2D_XE,hgca_v54,25,1,243.4,30124,hgca_cma_refined
Rastrigin_2D_XE,bipop,25,1,397.0,30096,
Rastrigin_2D_XE,nbipop,25,1,274.3,22374,
Rastrigin_2D_XE,hgca_v67,26,1,1.0,2,pcu_ok
Rastrigin_2D_XE,hgca_v54,26,1,191.0,28391,hgca_cma_refined
Rastrigin_2D_XE,bipop,26,1,442.2,30047,
Rastrigin_2D_XE,nbipop,26,1,268.0,22242,
Rastrigin_2D_XE,hgca_v67,27,1,1.0,2,pcu_ok
Rastrigin_2D_XE,hgca_v54,27,1,191.0,27903,hgca_cma_refined
Rastrigin_2D_XE,bipop,27,1,387.5,30002,
Rastrigin_2D_XE,nbipop,27,1,283.0,22566,
Rastrigin_2D_XE,hgca_v67,28,1,10.0,2,pcu_ok
Rastrigin_2D_XE,hgca_v54,28,1,212.5,30032,hgca_cma_refined
Rastrigin_2D_XE,bipop,28,1,405.2,30006,
Rastrigin_2D_XE,nbipop,28,1,282.7,22398,
Rastrigin_2D_XE,hgca_v67,29,1,1.0,2,pcu_ok
Rastrigin_2D_XE,hgca_v54,29,1,183.0,28101,hgca_cma_refined
Rastrigin_2D_XE,bipop,29,1,388.0,30090,
Rastrigin_2D_XE,nbipop,29,1,274.5,22650,
Rastrigin_30D_XE,hgca_v67,0,1,7.0,2,pcu_ok
Rastrigin_30D_XE,hgca_v54,0,0,1904.2,77095,hgca_cma_failed
Rastrigin_30D_XE,bipop,0,0,1018.9,30002,
Rastrigin_30D_XE,nbipop,0,0,1023.6,28133,
Rastrigin_30D_XE,hgca_v67,1,1,8.0,2,pcu_ok
Rastrigin_30D_XE,hgca_v54,1,0,1912.7,77095,hgca_cma_failed
Rastrigin_30D_XE,bipop,1,0,938.6,30002,
Rastrigin_30D_XE,nbipop,1,0,1048.6,28133,
Rastrigin_30D_XE,hgca_v67,2,1,8.0,2,pcu_ok
Rastrigin_30D_XE,hgca_v54,2,0,1833.3,77103,hgca_cma_failed
Rastrigin_30D_XE,bipop,2,0,929.0,30002,
Rastrigin_30D_XE,nbipop,2,0,978.9,28157,
Rastrigin_30D_XE,hgca_v67,3,1,7.0,2,pcu_ok
Rastrigin_30D_XE,hgca_v54,3,0,1866.0,77095,hgca_cma_failed
Rastrigin_30D_XE,bipop,3,0,979.3,30002,
Rastrigin_30D_XE,nbipop,3,0,964.8,28133,
Rastrigin_30D_XE,hgca_v67,4,1,7.0,2,pcu_ok
Rastrigin_30D_XE,hgca_v54,4,0,1912.1,77095,hgca_cma_failed
Rastrigin_30D_XE,bipop,4,0,987.4,30026,
Rastrigin_30D_XE,nbipop,4,0,975.6,28133,
Rastrigin_30D_XE,hgca_v67,5,1,7.0,2,pcu_ok
Rastrigin_30D_XE,hgca_v54,5,0,1886.7,77095,hgca_cma_failed
Rastrigin_30D_XE,bipop,5,0,901.9,30002,
Rastrigin_30D_XE,nbipop,5,0,1018.2,28097,
Rastrigin_30D_XE,hgca_v67,6,1,6.9,2,pcu_ok
Rastrigin_30D_XE,hgca_v54,6,0,1778.7,77098,hgca_cma_failed
Rastrigin_30D_XE,bipop,6,0,947.5,30002,
Rastrigin_30D_XE,nbipop,6,0,1027.5,28133,
Rastrigin_30D_XE,hgca_v67,7,1,7.0,2,pcu_ok
Rastrigin_30D_XE,hgca_v54,7,0,1800.3,77095,hgca_cma_failed
Rastrigin_30D_XE,bipop,7,0,949.6,30002,
Rastrigin_30D_XE,nbipop,7,0,946.2,28133,
Rastrigin_30D_XE,hgca_v67,8,1,7.0,2,pcu_ok
Rastrigin_30D_XE,hgca_v54,8,0,1787.1,77095,hgca_cma_failed
Rastrigin_30D_XE,bipop,8,0,992.4,30002,
Rastrigin_30D_XE,nbipop,8,0,993.4,28133,
Rastrigin_30D_XE,hgca_v67,9,1,8.0,2,pcu_ok
Rastrigin_30D_XE,hgca_v54,9,0,1764.1,77095,hgca_cma_failed
Rastrigin_30D_XE,bipop,9,0,969.4,30002,
Rastrigin_30D_XE,nbipop,9,0,976.8,28133,
Rastrigin_30D_XE,hgca_v67,10,1,8.0,2,pcu_ok
Rastrigin_30D_XE,hgca_v54,10,0,1792.4,77103,hgca_cma_failed
Rastrigin_30D_XE,bipop,10,0,984.1,30026,
Rastrigin_30D_XE,nbipop,10,0,956.9,28133,
Rastrigin_30D_XE,hgca_v67,11,1,7.0,2,pcu_ok
Rastrigin_30D_XE,hgca_v54,11,0,1858.3,77097,hgca_cma_failed
Rastrigin_30D_XE,bipop,11,0,944.1,30026,
Rastrigin_30D_XE,nbipop,11,0,959.0,28133,
Rastrigin_30D_XE,hgca_v67,12,1,8.0,2,pcu_ok
Rastrigin_30D_XE,hgca_v54,12,0,1914.4,77095,hgca_cma_failed
Rastrigin_30D_XE,bipop,12,0,912.0,30026,
Rastrigin_30D_XE,nbipop,12,0,975.6,28133,
Rastrigin_30D_XE,hgca_v67,13,1,7.0,2,pcu_ok
Rastrigin_30D_XE,hgca_v54,13,0,1791.8,77095,hgca_cma_failed
Rastrigin_30D_XE,bipop,13,0,915.6,30002,
Rastrigin_30D_XE,nbipop,13,0,1042.6,28133,
Rastrigin_30D_XE,hgca_v67,14,1,7.0,2,pcu_ok
Rastrigin_30D_XE,hgca_v54,14,0,1749.8,77095,hgca_cma_failed
Rastrigin_30D_XE,bipop,14,0,993.6,30002,
Rastrigin_30D_XE,nbipop,14,0,963.5,28133,
Rastrigin_30D_XE,hgca_v67,15,1,8.0,2,pcu_ok
Rastrigin_30D_XE,hgca_v54,15,0,1878.7,77095,hgca_cma_failed
Rastrigin_30D_XE,bipop,15,0,1058.4,30026,
Rastrigin_30D_XE,nbipop,15,0,1033.0,28133,
Rastrigin_30D_XE,hgca_v67,16,1,8.0,2,pcu_ok
Rastrigin_30D_XE,hgca_v54,16,0,1972.3,77095,hgca_cma_failed
Rastrigin_30D_XE,bipop,16,0,1074.2,30002,
Rastrigin_30D_XE,nbipop,16,0,1057.2,28133,
Rastrigin_30D_XE,hgca_v67,17,1,7.0,2,pcu_ok
Rastrigin_30D_XE,hgca_v54,17,0,1928.6,77095,hgca_cma_failed
Rastrigin_30D_XE,bipop,17,0,1026.4,30026,
Rastrigin_30D_XE,nbipop,17,0,1048.8,28133,
Rastrigin_30D_XE,hgca_v67,18,1,8.0,2,pcu_ok
Rastrigin_30D_XE,hgca_v54,18,0,1964.1,77095,hgca_cma_failed
Rastrigin_30D_XE,bipop,18,0,1075.3,30026,
Rastrigin_30D_XE,nbipop,18,0,1064.3,28133,
Rastrigin_30D_XE,hgca_v67,19,1,8.0,2,pcu_ok
Rastrigin_30D_XE,hgca_v54,19,0,1973.9,77095,hgca_cma_failed
Rastrigin_30D_XE,bipop,19,0,1057.3,30002,
Rastrigin_30D_XE,nbipop,19,0,1059.0,28133,
Rastrigin_30D_XE,hgca_v67,20,1,8.0,2,pcu_ok
Rastrigin_30D_XE,hgca_v54,20,0,1944.0,77095,hgca_cma_failed
Rastrigin_30D_XE,bipop,20,0,1095.4,30002,
Rastrigin_30D_XE,nbipop,20,0,1047.8,28133,
Rastrigin_30D_XE,hgca_v67,21,1,7.9,2,pcu_ok
Rastrigin_30D_XE,hgca_v54,21,0,2028.6,77095,hgca_cma_failed
Rastrigin_30D_XE,bipop,21,0,1031.1,30026,
Rastrigin_30D_XE,nbipop,21,0,1061.0,28133,
Rastrigin_30D_XE,hgca_v67,22,1,6.9,2,pcu_ok
Rastrigin_30D_XE,hgca_v54,22,0,1979.3,77095,hgca_cma_failed
Rastrigin_30D_XE,bipop,22,0,1051.6,30026,
Rastrigin_30D_XE,nbipop,22,0,1070.9,28133,
Rastrigin_30D_XE,hgca_v67,23,1,7.0,2,pcu_ok
Rastrigin_30D_XE,hgca_v54,23,0,1972.4,77095,hgca_cma_failed
Rastrigin_30D_XE,bipop,23,0,1068.3,30002,
Rastrigin_30D_XE,nbipop,23,0,1059.9,28133,
Rastrigin_30D_XE,hgca_v67,24,1,8.0,2,pcu_ok
Rastrigin_30D_XE,hgca_v54,24,0,1962.5,77095,hgca_cma_failed
Rastrigin_30D_XE,bipop,24,0,1033.4,30026,
Rastrigin_30D_XE,nbipop,24,0,1052.4,28133,
Rastrigin_30D_XE,hgca_v67,25,1,8.0,2,pcu_ok
Rastrigin_30D_XE,hgca_v54,25,0,1956.3,77759,hgca_cma_failed
Rastrigin_30D_XE,bipop,25,0,1054.9,30002,
Rastrigin_30D_XE,nbipop,25,0,1061.9,28133,
Rastrigin_30D_XE,hgca_v67,26,1,7.0,2,pcu_ok
Rastrigin_30D_XE,hgca_v54,26,0,1975.1,77095,hgca_cma_failed
Rastrigin_30D_XE,bipop,26,0,1014.7,30026,
Rastrigin_30D_XE,nbipop,26,0,1055.4,28133,
Rastrigin_30D_XE,hgca_v67,27,1,8.0,2,pcu_ok
Rastrigin_30D_XE,hgca_v54,27,0,2004.1,77095,hgca_cma_failed
Rastrigin_30D_XE,bipop,27,0,1055.4,30002,
Rastrigin_30D_XE,nbipop,27,0,1068.1,28133,
Rastrigin_30D_XE,hgca_v67,28,1,8.0,2,pcu_ok
Rastrigin_30D_XE,hgca_v54,28,0,1995.4,77095,hgca_cma_failed
Rastrigin_30D_XE,bipop,28,0,1034.6,30002,
Rastrigin_30D_XE,nbipop,28,0,1053.4,28133,
Rastrigin_30D_XE,hgca_v67,29,1,8.2,2,pcu_ok
Rastrigin_30D_XE,hgca_v54,29,0,1998.8,77095,hgca_cma_failed
Rastrigin_30D_XE,bipop,29,0,1007.6,30026,
Rastrigin_30D_XE,nbipop,29,0,1052.3,28133,
Rosenbrock_10D,hgca_v67,0,1,796.2,65154,hgca_cma_refined
Rosenbrock_10D,hgca_v54,0,1,771.8,65154,hgca_cma_refined
Rosenbrock_10D,bipop,0,1,701.0,30003,
Rosenbrock_10D,nbipop,0,1,665.4,27329,
Rosenbrock_10D,hgca_v67,1,1,677.1,59461,hgca_cma_refined
Rosenbrock_10D,hgca_v54,1,1,667.5,59461,hgca_cma_refined
Rosenbrock_10D,bipop,1,1,696.8,30003,
Rosenbrock_10D,nbipop,1,1,674.1,27317,
Rosenbrock_10D,hgca_v67,2,1,701.7,59755,hgca_cma_refined
Rosenbrock_10D,hgca_v54,2,1,689.5,59755,hgca_cma_refined
Rosenbrock_10D,bipop,2,1,663.8,30003,
Rosenbrock_10D,nbipop,2,1,668.8,27461,
Rosenbrock_10D,hgca_v67,3,1,661.3,59459,hgca_cma_refined
Rosenbrock_10D,hgca_v54,3,1,664.9,59459,hgca_cma_refined
Rosenbrock_10D,bipop,3,1,716.3,30014,
Rosenbrock_10D,nbipop,3,1,678.6,27569,
Rosenbrock_10D,hgca_v67,4,1,666.2,59459,hgca_cma_refined
Rosenbrock_10D,hgca_v54,4,1,671.9,59459,hgca_cma_refined
Rosenbrock_10D,bipop,4,1,685.8,30023,
Rosenbrock_10D,nbipop,4,1,662.5,27341,
Rosenbrock_10D,hgca_v67,5,1,661.3,59464,hgca_cma_refined
Rosenbrock_10D,hgca_v54,5,1,653.1,59464,hgca_cma_refined
Rosenbrock_10D,bipop,5,1,696.8,30003,
Rosenbrock_10D,nbipop,5,1,661.0,27521,
Rosenbrock_10D,hgca_v67,6,1,816.3,65534,hgca_cma_refined
Rosenbrock_10D,hgca_v54,6,1,813.1,65534,hgca_cma_refined
Rosenbrock_10D,bipop,6,1,695.0,30003,
Rosenbrock_10D,nbipop,6,1,651.2,27449,
Rosenbrock_10D,hgca_v67,7,1,714.0,63062,hgca_cma_refined
Rosenbrock_10D,hgca_v54,7,1,722.8,63062,hgca_cma_refined
Rosenbrock_10D,bipop,7,1,701.0,30008,
Rosenbrock_10D,nbipop,7,1,657.7,27257,
Rosenbrock_10D,hgca_v67,8,1,655.0,59460,hgca_cma_refined
Rosenbrock_10D,hgca_v54,8,1,679.4,59460,hgca_cma_refined
Rosenbrock_10D,bipop,8,1,708.1,30003,
Rosenbrock_10D,nbipop,8,1,667.8,27329,
Rosenbrock_10D,hgca_v67,9,1,649.0,59457,hgca_cma_refined
Rosenbrock_10D,hgca_v54,9,1,684.5,59457,hgca_cma_refined
Rosenbrock_10D,bipop,9,1,737.5,30003,
Rosenbrock_10D,nbipop,9,1,682.7,27353,
Rosenbrock_10D,hgca_v67,10,1,712.5,63064,hgca_cma_refined
Rosenbrock_10D,hgca_v54,10,1,717.9,63064,hgca_cma_refined
Rosenbrock_10D,bipop,10,1,701.5,30014,
Rosenbrock_10D,nbipop,10,1,685.6,27413,
Rosenbrock_10D,hgca_v67,11,1,735.9,64887,hgca_cma_refined
Rosenbrock_10D,hgca_v54,11,1,722.0,64887,hgca_cma_refined
Rosenbrock_10D,bipop,11,1,691.2,30025,
Rosenbrock_10D,nbipop,11,1,679.9,27209,
Rosenbrock_10D,hgca_v67,12,1,763.7,64886,hgca_cma_refined
Rosenbrock_10D,hgca_v54,12,1,747.0,64886,hgca_cma_refined
Rosenbrock_10D,bipop,12,1,691.0,30013,
Rosenbrock_10D,nbipop,12,1,679.9,27353,
Rosenbrock_10D,hgca_v67,13,1,726.7,64863,hgca_cma_refined
Rosenbrock_10D,hgca_v54,13,1,713.1,64863,hgca_cma_refined
Rosenbrock_10D,bipop,13,1,697.7,30024,
Rosenbrock_10D,nbipop,13,1,683.6,27413,
Rosenbrock_10D,hgca_v67,14,1,773.7,64867,hgca_cma_refined
Rosenbrock_10D,hgca_v54,14,1,749.6,64867,hgca_cma_refined
Rosenbrock_10D,bipop,14,1,704.4,30003,
Rosenbrock_10D,nbipop,14,1,668.0,27281,
Rosenbrock_10D,hgca_v67,15,1,780.0,65534,hgca_cma_refined
Rosenbrock_10D,hgca_v54,15,1,795.2,65534,hgca_cma_refined
Rosenbrock_10D,bipop,15,1,700.5,30003,
Rosenbrock_10D,nbipop,15,1,654.5,27017,
Rosenbrock_10D,hgca_v67,16,1,666.4,59458,hgca_cma_refined
Rosenbrock_10D,hgca_v54,16,1,662.7,59458,hgca_cma_refined
Rosenbrock_10D,bipop,16,1,682.9,30019,
Rosenbrock_10D,nbipop,16,1,686.2,27593,
Rosenbrock_10D,hgca_v67,17,1,706.6,59755,hgca_cma_refined
Rosenbrock_10D,hgca_v54,17,1,690.3,59755,hgca_cma_refined
Rosenbrock_10D,bipop,17,1,669.9,30003,
Rosenbrock_10D,nbipop,17,1,682.2,27497,
Rosenbrock_10D,hgca_v67,18,1,682.0,59462,hgca_cma_refined
Rosenbrock_10D,hgca_v54,18,1,684.0,59462,hgca_cma_refined
Rosenbrock_10D,bipop,18,1,670.8,30030,
Rosenbrock_10D,nbipop,18,1,665.5,27497,
Rosenbrock_10D,hgca_v67,19,1,664.5,59449,hgca_cma_refined
Rosenbrock_10D,hgca_v54,19,1,666.6,59449,hgca_cma_refined
Rosenbrock_10D,bipop,19,1,681.5,30033,
Rosenbrock_10D,nbipop,19,1,653.1,27317,
Rosenbrock_10D,hgca_v67,20,1,777.1,64852,hgca_cma_refined
Rosenbrock_10D,hgca_v54,20,1,824.4,64852,hgca_cma_refined
Rosenbrock_10D,bipop,20,1,709.8,30003,
Rosenbrock_10D,nbipop,20,1,657.3,27413,
Rosenbrock_10D,hgca_v67,21,1,657.1,59461,hgca_cma_refined
Rosenbrock_10D,hgca_v54,21,1,665.6,59461,hgca_cma_refined
Rosenbrock_10D,bipop,21,1,713.0,30009,
Rosenbrock_10D,nbipop,21,1,659.0,27329,
Rosenbrock_10D,hgca_v67,22,1,792.4,65165,hgca_cma_refined
Rosenbrock_10D,hgca_v54,22,1,797.1,65165,hgca_cma_refined
Rosenbrock_10D,bipop,22,1,697.7,30003,
Rosenbrock_10D,nbipop,22,1,672.7,27641,
Rosenbrock_10D,hgca_v67,23,1,710.0,63066,hgca_cma_refined
Rosenbrock_10D,hgca_v54,23,1,736.9,63066,hgca_cma_refined
Rosenbrock_10D,bipop,23,1,706.6,30035,
Rosenbrock_10D,nbipop,23,1,668.6,27257,
Rosenbrock_10D,hgca_v67,24,1,756.6,64885,hgca_cma_refined
Rosenbrock_10D,hgca_v54,24,1,757.1,64885,hgca_cma_refined
Rosenbrock_10D,bipop,24,1,714.3,30003,
Rosenbrock_10D,nbipop,24,1,674.0,27329,
Rosenbrock_10D,hgca_v67,25,1,662.7,59463,hgca_cma_refined
Rosenbrock_10D,hgca_v54,25,1,662.1,59463,hgca_cma_refined
Rosenbrock_10D,bipop,25,1,682.6,30033,
Rosenbrock_10D,nbipop,25,1,692.8,27329,
Rosenbrock_10D,hgca_v67,26,1,724.4,64880,hgca_cma_refined
Rosenbrock_10D,hgca_v54,26,1,738.9,64880,hgca_cma_refined
Rosenbrock_10D,bipop,26,1,738.5,30002,
Rosenbrock_10D,nbipop,26,1,680.8,27317,
Rosenbrock_10D,hgca_v67,27,1,666.3,59489,hgca_cma_refined
Rosenbrock_10D,hgca_v54,27,1,659.8,59489,hgca_cma_refined
Rosenbrock_10D,bipop,27,1,692.1,30027,
Rosenbrock_10D,nbipop,27,1,687.2,27365,
Rosenbrock_10D,hgca_v67,28,1,729.6,63067,hgca_cma_refined
Rosenbrock_10D,hgca_v54,28,1,710.9,63067,hgca_cma_refined
Rosenbrock_10D,bipop,28,1,700.0,30003,
Rosenbrock_10D,nbipop,28,1,693.2,27677,
Rosenbrock_10D,hgca_v67,29,1,673.1,59460,hgca_cma_refined
Rosenbrock_10D,hgca_v54,29,1,647.7,59460,hgca_cma_refined
Rosenbrock_10D,bipop,29,1,692.1,30003,
Rosenbrock_10D,nbipop,29,1,690.3,27473,
Rosenbrock_10D_C,hgca_v67,0,0,789.6,64860,hgca_cma_failed
Rosenbrock_10D_C,hgca_v54,0,0,755.1,64860,hgca_cma_failed
Rosenbrock_10D_C,bipop,0,1,685.6,30015,
Rosenbrock_10D_C,nbipop,0,1,672.1,27281,
Rosenbrock_10D_C,hgca_v67,1,1,668.1,57957,hgca_cma_refined
Rosenbrock_10D_C,hgca_v54,1,1,708.6,57957,hgca_cma_refined
Rosenbrock_10D_C,bipop,1,1,691.2,30003,
Rosenbrock_10D_C,nbipop,1,1,686.6,27497,
Rosenbrock_10D_C,hgca_v67,2,0,668.7,57650,hgca_cma_failed
Rosenbrock_10D_C,hgca_v54,2,0,667.4,57650,hgca_cma_failed
Rosenbrock_10D_C,bipop,2,1,673.7,30027,
Rosenbrock_10D_C,nbipop,2,1,696.6,27605,
Rosenbrock_10D_C,hgca_v67,3,1,794.8,63071,hgca_cma_refined
Rosenbrock_10D_C,hgca_v54,3,1,789.7,63071,hgca_cma_refined
Rosenbrock_10D_C,bipop,3,1,667.2,30003,
Rosenbrock_10D_C,nbipop,3,1,676.1,27377,
Rosenbrock_10D_C,hgca_v67,4,1,740.6,61549,hgca_cma_refined
Rosenbrock_10D_C,hgca_v54,4,1,730.5,61549,hgca_cma_refined
Rosenbrock_10D_C,bipop,4,1,680.5,30005,
Rosenbrock_10D_C,nbipop,4,1,665.0,27365,
Rosenbrock_10D_C,hgca_v67,5,1,644.9,55871,hgca_cma_refined
Rosenbrock_10D_C,hgca_v54,5,1,630.0,55871,hgca_cma_refined
Rosenbrock_10D_C,bipop,5,1,702.6,30021,
Rosenbrock_10D_C,nbipop,5,1,681.8,27497,
Rosenbrock_10D_C,hgca_v67,6,1,789.7,64884,hgca_cma_refined
Rosenbrock_10D_C,hgca_v54,6,1,796.2,64884,hgca_cma_refined
Rosenbrock_10D_C,bipop,6,1,692.5,30003,
Rosenbrock_10D_C,nbipop,6,1,674.7,27677,
Rosenbrock_10D_C,hgca_v67,7,1,649.0,55869,hgca_cma_refined
Rosenbrock_10D_C,hgca_v54,7,1,655.5,55869,hgca_cma_refined
Rosenbrock_10D_C,bipop,7,1,702.1,30014,
Rosenbrock_10D_C,nbipop,7,1,673.1,27485,
Rosenbrock_10D_C,hgca_v67,8,1,675.0,55860,hgca_cma_refined
Rosenbrock_10D_C,hgca_v54,8,1,656.6,55860,hgca_cma_refined
Rosenbrock_10D_C,bipop,8,1,715.0,30015,
Rosenbrock_10D_C,nbipop,8,1,694.6,27521,
Rosenbrock_10D_C,hgca_v67,9,1,620.5,55863,hgca_cma_refined
Rosenbrock_10D_C,hgca_v54,9,1,638.5,55863,hgca_cma_refined
Rosenbrock_10D_C,bipop,9,1,694.5,30027,
Rosenbrock_10D_C,nbipop,9,1,674.7,27533,
Rosenbrock_10D_C,hgca_v67,10,1,659.2,57693,hgca_cma_refined
Rosenbrock_10D_C,hgca_v54,10,1,653.9,57693,hgca_cma_refined
Rosenbrock_10D_C,bipop,10,1,699.6,30009,
Rosenbrock_10D_C,nbipop,10,1,680.2,27641,
Rosenbrock_10D_C,hgca_v67,11,1,611.1,55864,hgca_cma_refined
Rosenbrock_10D_C,hgca_v54,11,1,605.6,55864,hgca_cma_refined
Rosenbrock_10D_C,bipop,11,1,676.3,30031,
Rosenbrock_10D_C,nbipop,11,1,679.3,27341,
Rosenbrock_10D_C,hgca_v67,12,1,757.7,61554,hgca_cma_refined
Rosenbrock_10D_C,hgca_v54,12,1,738.9,61554,hgca_cma_refined
Rosenbrock_10D_C,bipop,12,1,723.8,30003,
Rosenbrock_10D_C,nbipop,12,1,696.9,27449,
Rosenbrock_10D_C,hgca_v67,13,1,802.3,63096,hgca_cma_refined
Rosenbrock_10D_C,hgca_v54,13,1,766.0,63096,hgca_cma_refined
Rosenbrock_10D_C,bipop,13,1,740.5,30021,
Rosenbrock_10D_C,nbipop,13,1,716.5,27365,
Rosenbrock_10D_C,hgca_v67,14,1,799.6,64873,hgca_cma_refined
Rosenbrock_10D_C,hgca_v54,14,1,783.3,64873,hgca_cma_refined
Rosenbrock_10D_C,bipop,14,1,690.0,30004,
Rosenbrock_10D_C,nbipop,14,1,688.0,27557,
Rosenbrock_10D_C,hgca_v67,15,1,729.6,61300,hgca_cma_refined
Rosenbrock_10D_C,hgca_v54,15,1,721.7,61300,hgca_cma_refined
Rosenbrock_10D_C,bipop,15,1,677.6,30012,
Rosenbrock_10D_C,nbipop,15,1,683.1,27593,
Rosenbrock_10D_C,hgca_v67,16,1,761.4,63079,hgca_cma_refined
Rosenbrock_10D_C,hgca_v54,16,1,832.3,63079,hgca_cma_refined
Rosenbrock_10D_C,bipop,16,1,722.0,30003,
Rosenbrock_10D_C,nbipop,16,1,683.7,27269,
Rosenbrock_10D_C,hgca_v67,17,1,663.1,56532,hgca_cma_refined
Rosenbrock_10D_C,hgca_v54,17,1,654.5,56532,hgca_cma_refined
Rosenbrock_10D_C,bipop,17,1,693.7,30007,
Rosenbrock_10D_C,nbipop,17,1,688.0,27605,
Rosenbrock_10D_C,hgca_v67,18,1,769.9,63075,hgca_cma_refined
Rosenbrock_10D_C,hgca_v54,18,1,766.7,63075,hgca_cma_refined
Rosenbrock_10D_C,bipop,18,1,687.1,30007,
Rosenbrock_10D_C,nbipop,18,1,722.2,27221,
Rosenbrock_10D_C,hgca_v67,19,1,777.8,63358,hgca_cma_refined
Rosenbrock_10D_C,hgca_v54,19,1,810.3,63358,hgca_cma_refined
Rosenbrock_10D_C,bipop,19,1,692.5,30026,
Rosenbrock_10D_C,nbipop,19,1,731.5,27449,
Rosenbrock_10D_C,hgca_v67,20,1,816.1,64867,hgca_cma_refined
Rosenbrock_10D_C,hgca_v54,20,1,826.8,64867,hgca_cma_refined
Rosenbrock_10D_C,bipop,20,1,723.5,30006,
Rosenbrock_10D_C,nbipop,20,1,731.1,27521,
Rosenbrock_10D_C,hgca_v67,21,1,684.3,55869,hgca_cma_refined
Rosenbrock_10D_C,hgca_v54,21,1,678.7,55869,hgca_cma_refined
Rosenbrock_10D_C,bipop,21,1,711.6,30003,
Rosenbrock_10D_C,nbipop,21,1,689.8,27473,
Rosenbrock_10D_C,hgca_v67,22,1,843.3,65160,hgca_cma_refined
Rosenbrock_10D_C,hgca_v54,22,1,835.5,65160,hgca_cma_refined
Rosenbrock_10D_C,bipop,22,1,714.5,30003,
Rosenbrock_10D_C,nbipop,22,1,711.0,27605,
Rosenbrock_10D_C,hgca_v67,23,1,763.0,63075,hgca_cma_refined
Rosenbrock_10D_C,hgca_v54,23,1,756.1,63075,hgca_cma_refined
Rosenbrock_10D_C,bipop,23,1,686.0,30030,
Rosenbrock_10D_C,nbipop,23,1,723.2,27593,
Rosenbrock_10D_C,hgca_v67,24,1,793.7,61271,hgca_cma_refined
Rosenbrock_10D_C,hgca_v54,24,1,754.3,61271,hgca_cma_refined
Rosenbrock_10D_C,bipop,24,1,671.1,30003,
Rosenbrock_10D_C,nbipop,24,1,662.4,27329,
Rosenbrock_10D_C,hgca_v67,25,1,627.0,55869,hgca_cma_refined
Rosenbrock_10D_C,hgca_v54,25,1,652.0,55869,hgca_cma_refined
Rosenbrock_10D_C,bipop,25,1,733.0,30003,
Rosenbrock_10D_C,nbipop,25,1,701.0,27317,
Rosenbrock_10D_C,hgca_v67,26,1,853.6,63067,hgca_cma_refined
Rosenbrock_10D_C,hgca_v54,26,1,796.4,63067,hgca_cma_refined
Rosenbrock_10D_C,bipop,26,1,739.0,30019,
Rosenbrock_10D_C,nbipop,26,1,702.0,27605,
Rosenbrock_10D_C,hgca_v67,27,1,678.0,57686,hgca_cma_refined
Rosenbrock_10D_C,hgca_v54,27,1,675.0,57686,hgca_cma_refined
Rosenbrock_10D_C,bipop,27,1,731.5,30024,
Rosenbrock_10D_C,nbipop,27,1,701.0,27341,
Rosenbrock_10D_C,hgca_v67,28,1,808.0,63106,hgca_cma_refined
Rosenbrock_10D_C,hgca_v54,28,1,753.0,63106,hgca_cma_refined
Rosenbrock_10D_C,bipop,28,1,679.0,30003,
Rosenbrock_10D_C,nbipop,28,1,689.0,27497,
Rosenbrock_10D_C,hgca_v67,29,1,675.5,57706,hgca_cma_refined
Rosenbrock_10D_C,hgca_v54,29,1,694.5,57706,hgca_cma_refined
Rosenbrock_10D_C,bipop,29,1,718.6,30039,
Rosenbrock_10D_C,nbipop,29,1,718.0,27521,
Rosenbrock_10D_E,hgca_v67,0,1,804.0,63116,hgca_cma_refined
Rosenbrock_10D_E,hgca_v54,0,1,865.1,63116,hgca_cma_refined
Rosenbrock_10D_E,bipop,0,1,732.3,30016,
Rosenbrock_10D_E,nbipop,0,1,716.0,27557,
Rosenbrock_10D_E,hgca_v67,1,1,714.0,57956,hgca_cma_refined
Rosenbrock_10D_E,hgca_v54,1,1,710.0,57956,hgca_cma_refined
Rosenbrock_10D_E,bipop,1,1,702.0,30003,
Rosenbrock_10D_E,nbipop,1,1,688.0,27665,
Rosenbrock_10D_E,hgca_v67,2,1,718.0,61286,hgca_cma_refined
Rosenbrock_10D_E,hgca_v54,2,1,758.0,61286,hgca_cma_refined
Rosenbrock_10D_E,bipop,2,1,728.1,30003,
Rosenbrock_10D_E,nbipop,2,1,691.9,27437,
Rosenbrock_10D_E,hgca_v67,3,1,632.8,55905,hgca_cma_refined
Rosenbrock_10D_E,hgca_v54,3,1,638.0,55905,hgca_cma_refined
Rosenbrock_10D_E,bipop,3,1,690.0,30027,
Rosenbrock_10D_E,nbipop,3,1,710.2,27473,
Rosenbrock_10D_E,hgca_v67,4,1,682.4,57669,hgca_cma_refined
Rosenbrock_10D_E,hgca_v54,4,1,659.0,57669,hgca_cma_refined
Rosenbrock_10D_E,bipop,4,1,688.2,30024,
Rosenbrock_10D_E,nbipop,4,1,695.2,27377,
Rosenbrock_10D_E,hgca_v67,5,1,766.5,63358,hgca_cma_refined
Rosenbrock_10D_E,hgca_v54,5,1,769.4,63358,hgca_cma_refined
Rosenbrock_10D_E,bipop,5,1,680.3,30009,
Rosenbrock_10D_E,nbipop,5,1,674.0,27389,
Rosenbrock_10D_E,hgca_v67,6,1,766.0,61273,hgca_cma_refined
Rosenbrock_10D_E,hgca_v54,6,1,738.4,61273,hgca_cma_refined
Rosenbrock_10D_E,bipop,6,1,742.1,30003,
Rosenbrock_10D_E,nbipop,6,1,692.4,27521,
Rosenbrock_10D_E,hgca_v67,7,1,772.3,63117,hgca_cma_refined
Rosenbrock_10D_E,hgca_v54,7,1,762.9,63117,hgca_cma_refined
Rosenbrock_10D_E,bipop,7,1,699.5,30003,
Rosenbrock_10D_E,nbipop,7,1,689.5,27449,
Rosenbrock_10D_E,hgca_v67,8,1,650.7,57682,hgca_cma_refined
Rosenbrock_10D_E,hgca_v54,8,1,654.6,57682,hgca_cma_refined
Rosenbrock_10D_E,bipop,8,1,682.6,30039,
Rosenbrock_10D_E,nbipop,8,1,698.0,27329,
Rosenbrock_10D_E,hgca_v67,9,1,689.2,57673,hgca_cma_refined
Rosenbrock_10D_E,hgca_v54,9,1,777.6,57673,hgca_cma_refined
Rosenbrock_10D_E,bipop,9,1,769.4,30021,
Rosenbrock_10D_E,nbipop,9,1,761.2,27341,
Rosenbrock_10D_E,hgca_v67,10,1,729.9,57680,hgca_cma_refined
Rosenbrock_10D_E,hgca_v54,10,1,705.8,57680,hgca_cma_refined
Rosenbrock_10D_E,bipop,10,1,732.2,30016,
Rosenbrock_10D_E,nbipop,10,1,721.1,27605,
Rosenbrock_10D_E,hgca_v67,11,1,736.4,57681,hgca_cma_refined
Rosenbrock_10D_E,hgca_v54,11,1,703.7,57681,hgca_cma_refined
Rosenbrock_10D_E,bipop,11,1,739.2,30033,
Rosenbrock_10D_E,nbipop,11,1,736.4,27605,
Rosenbrock_10D_E,hgca_v67,12,1,737.6,57685,hgca_cma_refined
Rosenbrock_10D_E,hgca_v54,12,1,657.7,57685,hgca_cma_refined
Rosenbrock_10D_E,bipop,12,1,685.1,30020,
Rosenbrock_10D_E,nbipop,12,1,755.7,27569,
Rosenbrock_10D_E,hgca_v67,13,1,687.0,55871,hgca_cma_refined
Rosenbrock_10D_E,hgca_v54,13,1,689.8,55871,hgca_cma_refined
Rosenbrock_10D_E,bipop,13,1,755.4,30003,
Rosenbrock_10D_E,nbipop,13,1,762.5,27629,
Rosenbrock_10D_E,hgca_v67,14,1,712.4,57675,hgca_cma_refined
Rosenbrock_10D_E,hgca_v54,14,1,716.7,57675,hgca_cma_refined
Rosenbrock_10D_E,bipop,14,1,756.8,30003,
Rosenbrock_10D_E,nbipop,14,1,860.1,27605,
Rosenbrock_10D_E,hgca_v67,15,1,710.4,55872,hgca_cma_refined
Rosenbrock_10D_E,hgca_v54,15,1,661.7,55872,hgca_cma_refined
Rosenbrock_10D_E,bipop,15,1,731.4,30036,
Rosenbrock_10D_E,nbipop,15,1,762.4,27605,
Rosenbrock_10D_E,hgca_v67,16,1,712.0,57661,hgca_cma_refined
Rosenbrock_10D_E,hgca_v54,16,1,781.3,57661,hgca_cma_refined
Rosenbrock_10D_E,bipop,16,1,858.1,30018,
Rosenbrock_10D_E,nbipop,16,1,732.7,27485,
Rosenbrock_10D_E,hgca_v67,17,1,676.9,55871,hgca_cma_refined
Rosenbrock_10D_E,hgca_v54,17,1,670.1,55871,hgca_cma_refined
Rosenbrock_10D_E,bipop,17,1,725.8,30027,
Rosenbrock_10D_E,nbipop,17,1,691.6,27497,
Rosenbrock_10D_E,hgca_v67,18,1,759.1,63089,hgca_cma_refined
Rosenbrock_10D_E,hgca_v54,18,1,760.2,63089,hgca_cma_refined
Rosenbrock_10D_E,bipop,18,1,693.9,30003,
Rosenbrock_10D_E,nbipop,18,1,705.1,27593,
Rosenbrock_10D_E,hgca_v67,19,1,626.7,55875,hgca_cma_refined
Rosenbrock_10D_E,hgca_v54,19,1,627.6,55875,hgca_cma_refined
Rosenbrock_10D_E,bipop,19,1,714.0,30015,
Rosenbrock_10D_E,nbipop,19,1,720.1,27461,
Rosenbrock_10D_E,hgca_v67,20,1,697.6,57677,hgca_cma_refined
Rosenbrock_10D_E,hgca_v54,20,1,691.8,57677,hgca_cma_refined
Rosenbrock_10D_E,bipop,20,1,730.0,30003,
Rosenbrock_10D_E,nbipop,20,1,679.3,27485,
Rosenbrock_10D_E,hgca_v67,21,1,691.0,56543,hgca_cma_refined
Rosenbrock_10D_E,hgca_v54,21,1,690.2,56543,hgca_cma_refined
Rosenbrock_10D_E,bipop,21,1,714.0,30005,
Rosenbrock_10D_E,nbipop,21,1,693.5,27341,
Rosenbrock_10D_E,hgca_v67,22,1,759.6,57665,hgca_cma_refined
Rosenbrock_10D_E,hgca_v54,22,1,751.6,57665,hgca_cma_refined
Rosenbrock_10D_E,bipop,22,1,725.9,30024,
Rosenbrock_10D_E,nbipop,22,1,696.0,27497,
Rosenbrock_10D_E,hgca_v67,23,1,692.1,57680,hgca_cma_refined
Rosenbrock_10D_E,hgca_v54,23,1,693.0,57680,hgca_cma_refined
Rosenbrock_10D_E,bipop,23,1,713.5,30003,
Rosenbrock_10D_E,nbipop,23,1,685.6,27677,
Rosenbrock_10D_E,hgca_v67,24,1,694.7,55864,hgca_cma_refined
Rosenbrock_10D_E,hgca_v54,24,1,655.3,55864,hgca_cma_refined
Rosenbrock_10D_E,bipop,24,1,695.6,30037,
Rosenbrock_10D_E,nbipop,24,1,686.3,27461,
Rosenbrock_10D_E,hgca_v67,25,1,643.2,57679,hgca_cma_refined
Rosenbrock_10D_E,hgca_v54,25,1,651.5,57679,hgca_cma_refined
Rosenbrock_10D_E,bipop,25,1,700.9,30020,
Rosenbrock_10D_E,nbipop,25,1,675.1,27497,
Rosenbrock_10D_E,hgca_v67,26,1,698.5,59477,hgca_cma_refined
Rosenbrock_10D_E,hgca_v54,26,1,705.2,59477,hgca_cma_refined
Rosenbrock_10D_E,bipop,26,1,723.7,30003,
Rosenbrock_10D_E,nbipop,26,1,723.2,27413,
Rosenbrock_10D_E,hgca_v67,27,1,808.3,63091,hgca_cma_refined
Rosenbrock_10D_E,hgca_v54,27,1,804.0,63091,hgca_cma_refined
Rosenbrock_10D_E,bipop,27,1,691.4,30003,
Rosenbrock_10D_E,nbipop,27,1,684.5,27401,
Rosenbrock_10D_E,hgca_v67,28,1,618.8,55865,hgca_cma_refined
Rosenbrock_10D_E,hgca_v54,28,1,637.8,55865,hgca_cma_refined
Rosenbrock_10D_E,bipop,28,1,727.2,30011,
Rosenbrock_10D_E,nbipop,28,1,684.6,27509,
Rosenbrock_10D_E,hgca_v67,29,1,701.6,59483,hgca_cma_refined
Rosenbrock_10D_E,hgca_v54,29,1,679.5,59483,hgca_cma_refined
Rosenbrock_10D_E,bipop,29,1,676.3,30016,
Rosenbrock_10D_E,nbipop,29,1,669.1,27365,
Rosenbrock_10D_H,hgca_v67,0,1,756.8,64873,hgca_cma_refined
Rosenbrock_10D_H,hgca_v54,0,1,743.9,64873,hgca_cma_refined
Rosenbrock_10D_H,bipop,0,1,683.2,30011,
Rosenbrock_10D_H,nbipop,0,1,668.1,27173,
Rosenbrock_10D_H,hgca_v67,1,1,741.5,63080,hgca_cma_refined
Rosenbrock_10D_H,hgca_v54,1,1,735.9,63080,hgca_cma_refined
Rosenbrock_10D_H,bipop,1,1,671.5,30012,
Rosenbrock_10D_H,nbipop,1,1,674.8,27485,
Rosenbrock_10D_H,hgca_v67,2,1,776.7,64879,hgca_cma_refined
Rosenbrock_10D_H,hgca_v54,2,1,771.0,64879,hgca_cma_refined
Rosenbrock_10D_H,bipop,2,1,674.4,30021,
Rosenbrock_10D_H,nbipop,2,1,676.4,27329,
Rosenbrock_10D_H,hgca_v67,3,1,714.2,55867,hgca_cma_refined
Rosenbrock_10D_H,hgca_v54,3,1,644.2,55867,hgca_cma_refined
Rosenbrock_10D_H,bipop,3,1,701.7,30003,
Rosenbrock_10D_H,nbipop,3,1,690.0,27293,
Rosenbrock_10D_H,hgca_v67,4,1,761.3,63068,hgca_cma_refined
Rosenbrock_10D_H,hgca_v54,4,1,744.9,63068,hgca_cma_refined
Rosenbrock_10D_H,bipop,4,1,691.7,30003,
Rosenbrock_10D_H,nbipop,4,1,675.1,27497,
Rosenbrock_10D_H,hgca_v67,5,1,735.8,63359,hgca_cma_refined
Rosenbrock_10D_H,hgca_v54,5,1,743.8,63359,hgca_cma_refined
Rosenbrock_10D_H,bipop,5,1,676.0,30011,
Rosenbrock_10D_H,nbipop,5,1,674.0,27389,
Rosenbrock_10D_H,hgca_v67,6,1,779.9,64857,hgca_cma_refined
Rosenbrock_10D_H,hgca_v54,6,1,794.3,64857,hgca_cma_refined
Rosenbrock_10D_H,bipop,6,1,681.3,30031,
Rosenbrock_10D_H,nbipop,6,1,653.7,27113,
Rosenbrock_10D_H,hgca_v67,7,1,618.6,55891,hgca_cma_refined
Rosenbrock_10D_H,hgca_v54,7,1,615.9,55891,hgca_cma_refined
Rosenbrock_10D_H,bipop,7,1,681.3,30041,
Rosenbrock_10D_H,nbipop,7,1,659.0,27365,
Rosenbrock_10D_H,hgca_v67,8,1,746.7,64897,hgca_cma_refined
Rosenbrock_10D_H,hgca_v54,8,1,770.6,64897,hgca_cma_refined
Rosenbrock_10D_H,bipop,8,1,734.9,30027,
Rosenbrock_10D_H,nbipop,8,1,672.8,27473,
Rosenbrock_10D_H,hgca_v67,9,1,765.5,64864,hgca_cma_refined
Rosenbrock_10D_H,hgca_v54,9,1,782.1,64864,hgca_cma_refined
Rosenbrock_10D_H,bipop,9,1,751.9,30029,
Rosenbrock_10D_H,nbipop,9,1,710.0,27329,
Rosenbrock_10D_H,hgca_v67,10,1,816.1,65151,hgca_cma_refined
Rosenbrock_10D_H,hgca_v54,10,1,795.7,65151,hgca_cma_refined
Rosenbrock_10D_H,bipop,10,1,717.4,30004,
Rosenbrock_10D_H,nbipop,10,1,668.5,27605,
Rosenbrock_10D_H,hgca_v67,11,1,782.4,64868,hgca_cma_refined
Rosenbrock_10D_H,hgca_v54,11,1,781.6,64868,hgca_cma_refined
Rosenbrock_10D_H,bipop,11,1,695.0,30016,
Rosenbrock_10D_H,nbipop,11,1,671.8,27437,
Rosenbrock_10D_H,hgca_v67,12,1,775.6,64895,hgca_cma_refined
Rosenbrock_10D_H,hgca_v54,12,1,792.9,64895,hgca_cma_refined
Rosenbrock_10D_H,bipop,12,1,686.5,30033,
Rosenbrock_10D_H,nbipop,12,1,667.9,27401,
Rosenbrock_10D_H,hgca_v67,13,1,756.0,65156,hgca_cma_refined
Rosenbrock_10D_H,hgca_v54,13,1,771.6,65156,hgca_cma_refined
Rosenbrock_10D_H,bipop,13,1,696.0,30002,
Rosenbrock_10D_H,nbipop,13,1,669.3,27197,
Rosenbrock_10D_H,hgca_v67,14,1,752.0,65195,hgca_cma_refined
Rosenbrock_10D_H,hgca_v54,14,1,786.0,65195,hgca_cma_refined
Rosenbrock_10D_H,bipop,14,1,739.0,30003,
Rosenbrock_10D_H,nbipop,14,1,686.8,27305,
Rosenbrock_10D_H,hgca_v67,15,1,733.7,63062,hgca_cma_refined
Rosenbrock_10D_H,hgca_v54,15,1,752.3,63062,hgca_cma_refined
Rosenbrock_10D_H,bipop,15,1,692.5,30009,
Rosenbrock_10D_H,nbipop,15,1,685.0,27485,
Rosenbrock_10D_H,hgca_v67,16,1,734.9,64888,hgca_cma_refined
Rosenbrock_10D_H,hgca_v54,16,1,759.0,64888,hgca_cma_refined
Rosenbrock_10D_H,bipop,16,1,700.3,30011,
Rosenbrock_10D_H,nbipop,16,1,683.1,27173,
Rosenbrock_10D_H,hgca_v67,17,1,772.8,66951,hgca_cma_refined
Rosenbrock_10D_H,hgca_v54,17,1,784.2,66951,hgca_cma_refined
Rosenbrock_10D_H,bipop,17,1,688.8,30009,
Rosenbrock_10D_H,nbipop,17,1,694.9,27329,
Rosenbrock_10D_H,hgca_v67,18,1,749.0,64861,hgca_cma_refined
Rosenbrock_10D_H,hgca_v54,18,1,766.3,64861,hgca_cma_refined
Rosenbrock_10D_H,bipop,18,1,703.0,30021,
Rosenbrock_10D_H,nbipop,18,1,691.5,27677,
Rosenbrock_10D_H,hgca_v67,19,1,740.5,64857,hgca_cma_refined
Rosenbrock_10D_H,hgca_v54,19,1,743.6,64857,hgca_cma_refined
Rosenbrock_10D_H,bipop,19,1,700.3,30026,
Rosenbrock_10D_H,nbipop,19,1,682.2,27329,
Rosenbrock_10D_H,hgca_v67,20,1,753.9,65160,hgca_cma_refined
Rosenbrock_10D_H,hgca_v54,20,1,752.3,65160,hgca_cma_refined
Rosenbrock_10D_H,bipop,20,1,717.6,30018,
Rosenbrock_10D_H,nbipop,20,1,693.0,27329,
Rosenbrock_10D_H,hgca_v67,21,1,667.1,57667,hgca_cma_refined
Rosenbrock_10D_H,hgca_v54,21,1,679.0,57667,hgca_cma_refined
Rosenbrock_10D_H,bipop,21,1,700.0,30018,
Rosenbrock_10D_H,nbipop,21,1,689.0,27473,
Rosenbrock_10D_H,hgca_v67,22,1,739.1,63070,hgca_cma_refined
Rosenbrock_10D_H,hgca_v54,22,1,709.0,63070,hgca_cma_refined
Rosenbrock_10D_H,bipop,22,1,704.0,30027,
Rosenbrock_10D_H,nbipop,22,1,683.0,27305,
Rosenbrock_10D_H,hgca_v67,23,1,810.0,63768,hgca_cma_refined
Rosenbrock_10D_H,hgca_v54,23,1,787.4,63768,hgca_cma_refined
Rosenbrock_10D_H,bipop,23,1,714.8,30003,
Rosenbrock_10D_H,nbipop,23,1,688.8,27329,
Rosenbrock_10D_H,hgca_v67,24,1,761.4,64877,hgca_cma_refined
Rosenbrock_10D_H,hgca_v54,24,1,728.0,64877,hgca_cma_refined
Rosenbrock_10D_H,bipop,24,1,692.0,30008,
Rosenbrock_10D_H,nbipop,24,1,688.1,27485,
Rosenbrock_10D_H,hgca_v67,25,1,801.3,64895,hgca_cma_refined
Rosenbrock_10D_H,hgca_v54,25,1,758.2,64895,hgca_cma_refined
Rosenbrock_10D_H,bipop,25,1,704.2,30012,
Rosenbrock_10D_H,nbipop,25,1,696.5,27425,
Rosenbrock_10D_H,hgca_v67,26,1,656.5,57667,hgca_cma_refined
Rosenbrock_10D_H,hgca_v54,26,1,649.8,57667,hgca_cma_refined
Rosenbrock_10D_H,bipop,26,1,700.8,30003,
Rosenbrock_10D_H,nbipop,26,1,698.4,27329,
Rosenbrock_10D_H,hgca_v67,27,1,786.5,64870,hgca_cma_refined
Rosenbrock_10D_H,hgca_v54,27,1,759.2,64870,hgca_cma_refined
Rosenbrock_10D_H,bipop,27,1,679.0,30036,
Rosenbrock_10D_H,nbipop,27,1,701.0,27053,
Rosenbrock_10D_H,hgca_v67,28,1,644.6,55870,hgca_cma_refined
Rosenbrock_10D_H,hgca_v54,28,1,653.0,55870,hgca_cma_refined
Rosenbrock_10D_H,bipop,28,1,699.2,30025,
Rosenbrock_10D_H,nbipop,28,1,691.6,27425,
Rosenbrock_10D_H,hgca_v67,29,1,651.1,57680,hgca_cma_refined
Rosenbrock_10D_H,hgca_v54,29,1,650.9,57680,hgca_cma_refined
Rosenbrock_10D_H,bipop,29,1,685.5,30003,
Rosenbrock_10D_H,nbipop,29,1,679.0,27677,
Rosenbrock_10D_M,hgca_v67,0,1,765.0,64866,hgca_cma_refined
Rosenbrock_10D_M,hgca_v54,0,1,770.1,64866,hgca_cma_refined
Rosenbrock_10D_M,bipop,0,1,682.4,30035,
Rosenbrock_10D_M,nbipop,0,1,667.3,27521,
Rosenbrock_10D_M,hgca_v67,1,1,664.9,55889,hgca_cma_refined
Rosenbrock_10D_M,hgca_v54,1,1,660.0,55889,hgca_cma_refined
Rosenbrock_10D_M,bipop,1,1,712.0,30002,
Rosenbrock_10D_M,nbipop,1,1,665.7,27329,
Rosenbrock_10D_M,hgca_v67,2,1,778.9,65162,hgca_cma_refined
Rosenbrock_10D_M,hgca_v54,2,1,1130.9,65162,hgca_cma_refined
Rosenbrock_10D_M,bipop,2,1,1600.2,30003,
Rosenbrock_10D_M,nbipop,2,1,701.8,27329,
Rosenbrock_10D_M,hgca_v67,3,1,761.8,64868,hgca_cma_refined
Rosenbrock_10D_M,hgca_v54,3,1,758.6,64868,hgca_cma_refined
Rosenbrock_10D_M,bipop,3,1,706.3,30003,
Rosenbrock_10D_M,nbipop,3,1,692.5,27149,
Rosenbrock_10D_M,hgca_v67,4,1,755.9,64893,hgca_cma_refined
Rosenbrock_10D_M,hgca_v54,4,1,736.3,64893,hgca_cma_refined
Rosenbrock_10D_M,bipop,4,1,685.0,30013,
Rosenbrock_10D_M,nbipop,4,1,734.4,27629,
Rosenbrock_10D_M,hgca_v67,5,1,786.1,65158,hgca_cma_refined
Rosenbrock_10D_M,hgca_v54,5,1,788.5,65158,hgca_cma_refined
Rosenbrock_10D_M,bipop,5,1,671.5,30003,
Rosenbrock_10D_M,nbipop,5,1,688.2,27341,
Rosenbrock_10D_M,hgca_v67,6,1,759.5,64893,hgca_cma_refined
Rosenbrock_10D_M,hgca_v54,6,1,754.0,64893,hgca_cma_refined
Rosenbrock_10D_M,bipop,6,1,660.0,30007,
Rosenbrock_10D_M,nbipop,6,1,686.0,27485,
Rosenbrock_10D_M,hgca_v67,7,1,648.5,57682,hgca_cma_refined
Rosenbrock_10D_M,hgca_v54,7,1,651.8,57682,hgca_cma_refined
Rosenbrock_10D_M,bipop,7,1,679.2,30035,
Rosenbrock_10D_M,nbipop,7,1,657.0,27281,
Rosenbrock_10D_M,hgca_v67,8,1,753.4,64862,hgca_cma_refined
Rosenbrock_10D_M,hgca_v54,8,1,760.4,64862,hgca_cma_refined
Rosenbrock_10D_M,bipop,8,1,692.0,30030,
Rosenbrock_10D_M,nbipop,8,1,659.9,27449,
Rosenbrock_10D_M,hgca_v67,9,1,642.6,57665,hgca_cma_refined
Rosenbrock_10D_M,hgca_v54,9,1,647.0,57665,hgca_cma_refined
Rosenbrock_10D_M,bipop,9,1,714.5,30003,
Rosenbrock_10D_M,nbipop,9,1,652.1,27257,
Rosenbrock_10D_M,hgca_v67,10,1,630.0,57660,hgca_cma_refined
Rosenbrock_10D_M,hgca_v54,10,1,648.1,57660,hgca_cma_refined
Rosenbrock_10D_M,bipop,10,1,722.1,30003,
Rosenbrock_10D_M,nbipop,10,1,673.1,27449,
Rosenbrock_10D_M,hgca_v67,11,1,763.7,64883,hgca_cma_refined
Rosenbrock_10D_M,hgca_v54,11,1,771.5,64883,hgca_cma_refined
Rosenbrock_10D_M,bipop,11,1,696.9,30005,
Rosenbrock_10D_M,nbipop,11,1,657.0,27125,
Rosenbrock_10D_M,hgca_v67,12,1,794.6,65158,hgca_cma_refined
Rosenbrock_10D_M,hgca_v54,12,1,787.3,65158,hgca_cma_refined
Rosenbrock_10D_M,bipop,12,1,708.0,30028,
Rosenbrock_10D_M,nbipop,12,1,679.0,27221,
Rosenbrock_10D_M,hgca_v67,13,1,602.9,55851,hgca_cma_refined
Rosenbrock_10D_M,hgca_v54,13,1,611.0,55851,hgca_cma_refined
Rosenbrock_10D_M,bipop,13,1,722.3,30024,
Rosenbrock_10D_M,nbipop,13,1,700.9,27485,
Rosenbrock_10D_M,hgca_v67,14,1,757.8,65150,hgca_cma_refined
Rosenbrock_10D_M,hgca_v54,14,1,765.6,65150,hgca_cma_refined
Rosenbrock_10D_M,bipop,14,1,715.6,30005,
Rosenbrock_10D_M,nbipop,14,1,699.0,27317,
Rosenbrock_10D_M,hgca_v67,15,1,732.2,64866,hgca_cma_refined
Rosenbrock_10D_M,hgca_v54,15,1,731.7,64866,hgca_cma_refined
Rosenbrock_10D_M,bipop,15,1,723.7,30003,
Rosenbrock_10D_M,nbipop,15,1,702.8,27317,
Rosenbrock_10D_M,hgca_v67,16,1,758.9,64858,hgca_cma_refined
Rosenbrock_10D_M,hgca_v54,16,1,732.3,64858,hgca_cma_refined
Rosenbrock_10D_M,bipop,16,1,721.4,30003,
Rosenbrock_10D_M,nbipop,16,1,684.6,27317,
Rosenbrock_10D_M,hgca_v67,17,1,786.8,64868,hgca_cma_refined
Rosenbrock_10D_M,hgca_v54,17,1,770.1,64868,hgca_cma_refined
Rosenbrock_10D_M,bipop,17,1,692.3,30015,
Rosenbrock_10D_M,nbipop,17,1,687.1,27029,
Rosenbrock_10D_M,hgca_v67,18,1,773.6,64868,hgca_cma_refined
Rosenbrock_10D_M,hgca_v54,18,1,748.2,64868,hgca_cma_refined
Rosenbrock_10D_M,bipop,18,1,704.1,30003,
Rosenbrock_10D_M,nbipop,18,1,693.9,27053,
Rosenbrock_10D_M,hgca_v67,19,1,642.2,57663,hgca_cma_refined
Rosenbrock_10D_M,hgca_v54,19,1,623.2,57663,hgca_cma_refined
Rosenbrock_10D_M,bipop,19,1,672.9,30043,
Rosenbrock_10D_M,nbipop,19,0,677.6,27029,
Rosenbrock_10D_M,hgca_v67,20,1,763.2,65159,hgca_cma_refined
Rosenbrock_10D_M,hgca_v54,20,1,753.2,65159,hgca_cma_refined
Rosenbrock_10D_M,bipop,20,1,690.3,30011,
Rosenbrock_10D_M,nbipop,20,1,691.2,27365,
Rosenbrock_10D_M,hgca_v67,21,1,752.1,64874,hgca_cma_refined
Rosenbrock_10D_M,hgca_v54,21,1,743.3,64874,hgca_cma_refined
Rosenbrock_10D_M,bipop,21,1,682.8,30015,
Rosenbrock_10D_M,nbipop,21,1,687.4,27437,
Rosenbrock_10D_M,hgca_v67,22,1,618.8,55850,hgca_cma_refined
Rosenbrock_10D_M,hgca_v54,22,1,604.5,55850,hgca_cma_refined
Rosenbrock_10D_M,bipop,22,1,684.3,30025,
Rosenbrock_10D_M,nbipop,22,1,684.9,27413,
Rosenbrock_10D_M,hgca_v67,23,1,662.3,59464,hgca_cma_refined
Rosenbrock_10D_M,hgca_v54,23,1,664.6,59464,hgca_cma_refined
Rosenbrock_10D_M,bipop,23,1,694.0,30003,
Rosenbrock_10D_M,nbipop,23,1,661.8,27353,
Rosenbrock_10D_M,hgca_v67,24,1,673.4,59493,hgca_cma_refined
Rosenbrock_10D_M,hgca_v54,24,1,677.3,59493,hgca_cma_refined
Rosenbrock_10D_M,bipop,24,1,712.8,30003,
Rosenbrock_10D_M,nbipop,24,1,665.6,27269,
Rosenbrock_10D_M,hgca_v67,25,1,796.5,65193,hgca_cma_refined
Rosenbrock_10D_M,hgca_v54,25,1,806.0,65193,hgca_cma_refined
Rosenbrock_10D_M,bipop,25,1,707.5,30012,
Rosenbrock_10D_M,nbipop,25,1,665.9,27617,
Rosenbrock_10D_M,hgca_v67,26,1,623.1,57691,hgca_cma_refined
Rosenbrock_10D_M,hgca_v54,26,1,651.8,57691,hgca_cma_refined
Rosenbrock_10D_M,bipop,26,1,706.7,30027,
Rosenbrock_10D_M,nbipop,26,1,679.1,27497,
Rosenbrock_10D_M,hgca_v67,27,1,766.2,65531,hgca_cma_refined
Rosenbrock_10D_M,hgca_v54,27,1,780.3,65531,hgca_cma_refined
Rosenbrock_10D_M,bipop,27,1,707.0,30003,
Rosenbrock_10D_M,nbipop,27,1,682.3,27641,
Rosenbrock_10D_M,hgca_v67,28,1,776.3,64858,hgca_cma_refined
Rosenbrock_10D_M,hgca_v54,28,1,832.1,64858,hgca_cma_refined
Rosenbrock_10D_M,bipop,28,1,712.4,30003,
Rosenbrock_10D_M,nbipop,28,1,664.6,27329,
Rosenbrock_10D_M,hgca_v67,29,1,650.4,59489,hgca_cma_refined
Rosenbrock_10D_M,hgca_v54,29,1,658.4,59489,hgca_cma_refined
Rosenbrock_10D_M,bipop,29,1,673.5,30011,
Rosenbrock_10D_M,nbipop,29,1,671.4,27209,
Rosenbrock_2D,hgca_v67,0,1,39.0,0,homotopy_direct
Rosenbrock_2D,hgca_v54,0,1,37.0,0,homotopy_direct
Rosenbrock_2D,bipop,0,1,570.1,30044,
Rosenbrock_2D,nbipop,0,1,377.1,22674,
Rosenbrock_2D,hgca_v67,1,1,1.0,24,direct_newton
Rosenbrock_2D,hgca_v54,1,1,0.9,24,direct_newton
Rosenbrock_2D,bipop,1,1,535.8,30380,
Rosenbrock_2D,nbipop,1,1,384.5,22458,
Rosenbrock_2D,hgca_v67,2,1,1.0,27,direct_newton
Rosenbrock_2D,hgca_v54,2,1,1.0,27,direct_newton
Rosenbrock_2D,bipop,2,1,541.1,30013,
Rosenbrock_2D,nbipop,2,1,387.3,22698,
Rosenbrock_2D,hgca_v67,3,1,1.0,26,direct_newton
Rosenbrock_2D,hgca_v54,3,1,1.0,26,direct_newton
Rosenbrock_2D,bipop,3,1,523.0,30033,
Rosenbrock_2D,nbipop,3,1,370.4,22386,
Rosenbrock_2D,hgca_v67,4,1,1.9,25,direct_newton
Rosenbrock_2D,hgca_v54,4,1,1.1,25,direct_newton
Rosenbrock_2D,bipop,4,1,555.1,30035,
Rosenbrock_2D,nbipop,4,1,385.0,22698,
Rosenbrock_2D,hgca_v67,5,1,1.0,27,direct_newton
Rosenbrock_2D,hgca_v54,5,1,1.0,27,direct_newton
Rosenbrock_2D,bipop,5,1,600.5,30030,
Rosenbrock_2D,nbipop,5,1,386.7,22590,
Rosenbrock_2D,hgca_v67,6,1,1.0,26,direct_newton
Rosenbrock_2D,hgca_v54,6,1,1.0,26,direct_newton
Rosenbrock_2D,bipop,6,1,603.6,30335,
Rosenbrock_2D,nbipop,6,1,373.0,22554,
Rosenbrock_2D,hgca_v67,7,1,1.0,28,direct_newton
Rosenbrock_2D,hgca_v54,7,1,2.0,28,direct_newton
Rosenbrock_2D,bipop,7,1,530.1,30044,
Rosenbrock_2D,nbipop,7,1,389.8,22530,
Rosenbrock_2D,hgca_v67,8,1,1.0,29,direct_newton
Rosenbrock_2D,hgca_v54,8,1,1.0,29,direct_newton
Rosenbrock_2D,bipop,8,1,538.5,30092,
Rosenbrock_2D,nbipop,8,1,389.4,22530,
Rosenbrock_2D,hgca_v67,9,1,1.0,23,direct_newton
Rosenbrock_2D,hgca_v54,9,1,1.0,23,direct_newton
Rosenbrock_2D,bipop,9,1,511.1,30128,
Rosenbrock_2D,nbipop,9,1,379.0,22530,
Rosenbrock_2D,hgca_v67,10,1,1.0,28,direct_newton
Rosenbrock_2D,hgca_v54,10,1,2.0,28,direct_newton
Rosenbrock_2D,bipop,10,1,540.9,30101,
Rosenbrock_2D,nbipop,10,1,383.1,22530,
Rosenbrock_2D,hgca_v67,11,1,1.0,24,direct_newton
Rosenbrock_2D,hgca_v54,11,1,1.0,24,direct_newton
Rosenbrock_2D,bipop,11,1,556.7,30029,
Rosenbrock_2D,nbipop,11,1,383.5,22554,
Rosenbrock_2D,hgca_v67,12,1,1.0,24,direct_newton
Rosenbrock_2D,hgca_v54,12,1,1.0,24,direct_newton
Rosenbrock_2D,bipop,12,1,568.1,30019,
Rosenbrock_2D,nbipop,12,1,381.3,22602,
Rosenbrock_2D,hgca_v67,13,1,1.0,26,direct_newton
Rosenbrock_2D,hgca_v54,13,1,0.9,26,direct_newton
Rosenbrock_2D,bipop,13,1,522.6,30132,
Rosenbrock_2D,nbipop,13,1,382.1,22698,
Rosenbrock_2D,hgca_v67,14,1,1.0,27,direct_newton
Rosenbrock_2D,hgca_v54,14,1,1.0,27,direct_newton
Rosenbrock_2D,bipop,14,1,587.1,30052,
Rosenbrock_2D,nbipop,14,1,384.1,22470,
Rosenbrock_2D,hgca_v67,15,1,2.0,27,direct_newton
Rosenbrock_2D,hgca_v54,15,1,1.0,27,direct_newton
Rosenbrock_2D,bipop,15,1,529.4,30093,
Rosenbrock_2D,nbipop,15,1,382.0,22410,
Rosenbrock_2D,hgca_v67,16,1,1.0,26,direct_newton
Rosenbrock_2D,hgca_v54,16,1,1.0,26,direct_newton
Rosenbrock_2D,bipop,16,1,537.2,30017,
Rosenbrock_2D,nbipop,16,1,371.9,22650,
Rosenbrock_2D,hgca_v67,17,1,1.1,27,direct_newton
Rosenbrock_2D,hgca_v54,17,1,1.0,27,direct_newton
Rosenbrock_2D,bipop,17,1,561.5,30006,
Rosenbrock_2D,nbipop,17,1,381.3,22674,
Rosenbrock_2D,hgca_v67,18,1,2.0,29,direct_newton
Rosenbrock_2D,hgca_v54,18,1,1.0,29,direct_newton
Rosenbrock_2D,bipop,18,1,549.1,30006,
Rosenbrock_2D,nbipop,18,1,381.4,22578,
Rosenbrock_2D,hgca_v67,19,1,1.0,27,direct_newton
Rosenbrock_2D,hgca_v54,19,1,1.0,27,direct_newton
Rosenbrock_2D,bipop,19,1,545.7,30087,
Rosenbrock_2D,nbipop,19,1,368.0,22590,
Rosenbrock_2D,hgca_v67,20,1,2.0,26,direct_newton
Rosenbrock_2D,hgca_v54,20,1,1.0,26,direct_newton
Rosenbrock_2D,bipop,20,1,509.9,30065,
Rosenbrock_2D,nbipop,20,1,380.7,22554,
Rosenbrock_2D,hgca_v67,21,1,1.0,24,direct_newton
Rosenbrock_2D,hgca_v54,21,1,1.0,24,direct_newton
Rosenbrock_2D,bipop,21,1,530.0,30125,
Rosenbrock_2D,nbipop,21,1,413.8,22578,
Rosenbrock_2D,hgca_v67,22,1,1.0,26,direct_newton
Rosenbrock_2D,hgca_v54,22,1,1.0,26,direct_newton
Rosenbrock_2D,bipop,22,1,571.0,30068,
Rosenbrock_2D,nbipop,22,1,390.0,22554,
Rosenbrock_2D,hgca_v67,23,1,1.0,25,direct_newton
Rosenbrock_2D,hgca_v54,23,1,1.0,25,direct_newton
Rosenbrock_2D,bipop,23,1,507.2,30030,
Rosenbrock_2D,nbipop,23,1,398.0,22698,
Rosenbrock_2D,hgca_v67,24,1,1.0,25,direct_newton
Rosenbrock_2D,hgca_v54,24,1,1.0,25,direct_newton
Rosenbrock_2D,bipop,24,1,597.0,30022,
Rosenbrock_2D,nbipop,24,1,399.7,22578,
Rosenbrock_2D,hgca_v67,25,1,1.0,27,direct_newton
Rosenbrock_2D,hgca_v54,25,1,1.0,27,direct_newton
Rosenbrock_2D,bipop,25,1,580.0,30258,
Rosenbrock_2D,nbipop,25,1,374.0,22386,
Rosenbrock_2D,hgca_v67,26,1,1.1,27,direct_newton
Rosenbrock_2D,hgca_v54,26,1,1.0,27,direct_newton
Rosenbrock_2D,bipop,26,1,575.9,30047,
Rosenbrock_2D,nbipop,26,1,404.6,22650,
Rosenbrock_2D,hgca_v67,27,1,2.0,26,direct_newton
Rosenbrock_2D,hgca_v54,27,1,1.0,26,direct_newton
Rosenbrock_2D,bipop,27,1,542.0,30010,
Rosenbrock_2D,nbipop,27,1,451.5,22590,
Rosenbrock_2D,hgca_v67,28,1,1.0,27,direct_newton
Rosenbrock_2D,hgca_v54,28,1,2.0,27,direct_newton
Rosenbrock_2D,bipop,28,1,564.0,30062,
Rosenbrock_2D,nbipop,28,1,402.1,22590,
Rosenbrock_2D,hgca_v67,29,1,2.0,27,direct_newton
Rosenbrock_2D,hgca_v54,29,1,1.0,27,direct_newton
Rosenbrock_2D,bipop,29,1,561.2,30085,
Rosenbrock_2D,nbipop,29,1,382.1,22530,
Rosenbrock_2D_C,hgca_v67,0,1,2.1,68,direct_newton
Rosenbrock_2D_C,hgca_v54,0,1,3.0,68,direct_newton
Rosenbrock_2D_C,bipop,0,1,594.5,30024,
Rosenbrock_2D_C,nbipop,0,1,419.0,23190,
Rosenbrock_2D_C,hgca_v67,1,1,3.0,81,direct_newton
Rosenbrock_2D_C,hgca_v54,1,1,4.0,81,direct_newton
Rosenbrock_2D_C,bipop,1,1,569.0,30043,
Rosenbrock_2D_C,nbipop,1,1,415.0,23226,
Rosenbrock_2D_C,hgca_v67,2,1,2.0,66,direct_newton
Rosenbrock_2D_C,hgca_v54,2,1,3.0,66,direct_newton
Rosenbrock_2D_C,bipop,2,1,617.9,30026,
Rosenbrock_2D_C,nbipop,2,1,409.2,23202,
Rosenbrock_2D_C,hgca_v67,3,1,1.9,66,direct_newton
Rosenbrock_2D_C,hgca_v54,3,1,3.0,66,direct_newton
Rosenbrock_2D_C,bipop,3,1,549.0,30027,
Rosenbrock_2D_C,nbipop,3,1,421.4,23574,
Rosenbrock_2D_C,hgca_v67,4,1,3.0,73,direct_newton
Rosenbrock_2D_C,hgca_v54,4,1,3.0,73,direct_newton
Rosenbrock_2D_C,bipop,4,1,588.5,30020,
Rosenbrock_2D_C,nbipop,4,1,409.2,23082,
Rosenbrock_2D_C,hgca_v67,5,1,3.0,71,direct_newton
Rosenbrock_2D_C,hgca_v54,5,1,3.0,71,direct_newton
Rosenbrock_2D_C,bipop,5,1,551.0,30156,
Rosenbrock_2D_C,nbipop,5,1,425.6,23154,
Rosenbrock_2D_C,hgca_v67,6,1,3.0,74,direct_newton
Rosenbrock_2D_C,hgca_v54,6,1,3.0,74,direct_newton
Rosenbrock_2D_C,bipop,6,1,548.0,30021,
Rosenbrock_2D_C,nbipop,6,1,402.0,23142,
Rosenbrock_2D_C,hgca_v67,7,1,3.0,74,direct_newton
Rosenbrock_2D_C,hgca_v54,7,1,3.0,74,direct_newton
Rosenbrock_2D_C,bipop,7,1,605.7,30035,
Rosenbrock_2D_C,nbipop,7,1,435.0,23454,
Rosenbrock_2D_C,hgca_v67,8,1,4.0,78,direct_newton
Rosenbrock_2D_C,hgca_v54,8,1,3.0,78,direct_newton
Rosenbrock_2D_C,bipop,8,1,593.1,30142,
Rosenbrock_2D_C,nbipop,8,1,418.0,23214,
Rosenbrock_2D_C,hgca_v67,9,1,3.0,73,direct_newton
Rosenbrock_2D_C,hgca_v54,9,1,1.9,73,direct_newton
Rosenbrock_2D_C,bipop,9,1,557.1,30011,
Rosenbrock_2D_C,nbipop,9,1,406.8,23418,
Rosenbrock_2D_C,hgca_v67,10,1,2.0,70,direct_newton
Rosenbrock_2D_C,hgca_v54,10,1,3.0,70,direct_newton
Rosenbrock_2D_C,bipop,10,1,550.0,30067,
Rosenbrock_2D_C,nbipop,10,1,401.0,23106,
Rosenbrock_2D_C,hgca_v67,11,1,3.0,79,direct_newton
Rosenbrock_2D_C,hgca_v54,11,1,3.0,79,direct_newton
Rosenbrock_2D_C,bipop,11,1,532.5,30054,
Rosenbrock_2D_C,nbipop,11,1,436.8,23550,
Rosenbrock_2D_C,hgca_v67,12,1,2.0,73,direct_newton
Rosenbrock_2D_C,hgca_v54,12,1,3.0,73,direct_newton
Rosenbrock_2D_C,bipop,12,1,555.0,30005,
Rosenbrock_2D_C,nbipop,12,1,420.8,23826,
Rosenbrock_2D_C,hgca_v67,13,1,4.0,82,direct_newton
Rosenbrock_2D_C,hgca_v54,13,1,3.1,82,direct_newton
Rosenbrock_2D_C,bipop,13,1,566.0,30028,
Rosenbrock_2D_C,nbipop,13,1,428.5,23478,
Rosenbrock_2D_C,hgca_v67,14,1,3.0,73,direct_newton
Rosenbrock_2D_C,hgca_v54,14,1,3.0,73,direct_newton
Rosenbrock_2D_C,bipop,14,1,553.5,30065,
Rosenbrock_2D_C,nbipop,14,1,440.0,23802,
Rosenbrock_2D_C,hgca_v67,15,1,3.0,67,direct_newton
Rosenbrock_2D_C,hgca_v54,15,1,2.0,67,direct_newton
Rosenbrock_2D_C,bipop,15,1,555.6,30049,
Rosenbrock_2D_C,nbipop,15,1,396.1,23226,
Rosenbrock_2D_C,hgca_v67,16,1,2.9,72,direct_newton
Rosenbrock_2D_C,hgca_v54,16,1,2.1,72,direct_newton
Rosenbrock_2D_C,bipop,16,1,590.9,30023,
Rosenbrock_2D_C,nbipop,16,1,410.5,23274,
Rosenbrock_2D_C,hgca_v67,17,1,3.0,66,direct_newton
Rosenbrock_2D_C,hgca_v54,17,1,3.0,66,direct_newton
Rosenbrock_2D_C,bipop,17,1,561.1,30039,
Rosenbrock_2D_C,nbipop,17,1,413.0,23154,
Rosenbrock_2D_C,hgca_v67,18,1,2.0,70,direct_newton
Rosenbrock_2D_C,hgca_v54,18,1,3.0,70,direct_newton
Rosenbrock_2D_C,bipop,18,1,583.7,30020,
Rosenbrock_2D_C,nbipop,18,1,414.5,23214,
Rosenbrock_2D_C,hgca_v67,19,1,3.0,68,direct_newton
Rosenbrock_2D_C,hgca_v54,19,1,3.1,68,direct_newton
Rosenbrock_2D_C,bipop,19,1,572.9,30009,
Rosenbrock_2D_C,nbipop,19,1,432.0,23334,
Rosenbrock_2D_C,hgca_v67,20,1,3.0,73,direct_newton
Rosenbrock_2D_C,hgca_v54,20,1,3.0,73,direct_newton
Rosenbrock_2D_C,bipop,20,1,581.0,30005,
Rosenbrock_2D_C,nbipop,20,1,441.5,23406,
Rosenbrock_2D_C,hgca_v67,21,1,2.0,70,direct_newton
Rosenbrock_2D_C,hgca_v54,21,1,3.0,70,direct_newton
Rosenbrock_2D_C,bipop,21,1,592.0,30010,
Rosenbrock_2D_C,nbipop,21,1,405.1,23370,
Rosenbrock_2D_C,hgca_v67,22,1,3.0,65,direct_newton
Rosenbrock_2D_C,hgca_v54,22,1,2.0,65,direct_newton
Rosenbrock_2D_C,bipop,22,1,540.6,30028,
Rosenbrock_2D_C,nbipop,22,1,402.2,23166,
Rosenbrock_2D_C,hgca_v67,23,1,3.0,69,direct_newton
Rosenbrock_2D_C,hgca_v54,23,1,2.0,69,direct_newton
Rosenbrock_2D_C,bipop,23,1,557.0,30015,
Rosenbrock_2D_C,nbipop,23,1,414.7,23334,
Rosenbrock_2D_C,hgca_v67,24,1,4.0,75,direct_newton
Rosenbrock_2D_C,hgca_v54,24,1,3.0,75,direct_newton
Rosenbrock_2D_C,bipop,24,1,552.8,30023,
Rosenbrock_2D_C,nbipop,24,1,393.0,23286,
Rosenbrock_2D_C,hgca_v67,25,1,3.1,78,direct_newton
Rosenbrock_2D_C,hgca_v54,25,1,3.0,78,direct_newton
Rosenbrock_2D_C,bipop,25,1,571.5,30029,
Rosenbrock_2D_C,nbipop,25,1,411.1,23418,
Rosenbrock_2D_C,hgca_v67,26,1,3.0,73,direct_newton
Rosenbrock_2D_C,hgca_v54,26,1,3.0,73,direct_newton
Rosenbrock_2D_C,bipop,26,1,524.8,30079,
Rosenbrock_2D_C,nbipop,26,1,429.8,23838,
Rosenbrock_2D_C,hgca_v67,27,1,3.0,73,direct_newton
Rosenbrock_2D_C,hgca_v54,27,1,3.0,73,direct_newton
Rosenbrock_2D_C,bipop,27,1,528.5,30101,
Rosenbrock_2D_C,nbipop,27,1,394.3,23142,
Rosenbrock_2D_C,hgca_v67,28,1,2.0,70,direct_newton
Rosenbrock_2D_C,hgca_v54,28,1,3.0,70,direct_newton
Rosenbrock_2D_C,bipop,28,1,525.8,30028,
Rosenbrock_2D_C,nbipop,28,1,415.0,23454,
Rosenbrock_2D_C,hgca_v67,29,1,3.0,73,direct_newton
Rosenbrock_2D_C,hgca_v54,29,1,3.0,73,direct_newton
Rosenbrock_2D_C,bipop,29,1,541.5,30027,
Rosenbrock_2D_C,nbipop,29,1,401.0,23346,
Rosenbrock_2D_E,hgca_v67,0,1,4.0,101,direct_newton
Rosenbrock_2D_E,hgca_v54,0,1,4.0,101,direct_newton
Rosenbrock_2D_E,bipop,0,1,530.0,30020,
Rosenbrock_2D_E,nbipop,0,1,398.0,23802,
Rosenbrock_2D_E,hgca_v67,1,1,4.0,113,direct_newton
Rosenbrock_2D_E,hgca_v54,1,1,5.0,113,direct_newton
Rosenbrock_2D_E,bipop,1,1,539.4,30015,
Rosenbrock_2D_E,nbipop,1,1,432.6,23850,
Rosenbrock_2D_E,hgca_v67,2,1,3.0,99,direct_newton
Rosenbrock_2D_E,hgca_v54,2,1,4.0,99,direct_newton
Rosenbrock_2D_E,bipop,2,1,544.0,30180,
Rosenbrock_2D_E,nbipop,2,1,421.5,23742,
Rosenbrock_2D_E,hgca_v67,3,1,4.0,103,direct_newton
Rosenbrock_2D_E,hgca_v54,3,1,3.0,103,direct_newton
Rosenbrock_2D_E,bipop,3,1,568.0,30023,
Rosenbrock_2D_E,nbipop,3,1,390.8,23250,
Rosenbrock_2D_E,hgca_v67,4,1,4.0,104,direct_newton
Rosenbrock_2D_E,hgca_v54,4,1,4.0,104,direct_newton
Rosenbrock_2D_E,bipop,4,1,517.4,30039,
Rosenbrock_2D_E,nbipop,4,1,416.0,23586,
Rosenbrock_2D_E,hgca_v67,5,1,4.0,106,direct_newton
Rosenbrock_2D_E,hgca_v54,5,1,4.0,106,direct_newton
Rosenbrock_2D_E,bipop,5,1,550.9,30053,
Rosenbrock_2D_E,nbipop,5,1,424.0,23826,
Rosenbrock_2D_E,hgca_v67,6,1,5.0,109,direct_newton
Rosenbrock_2D_E,hgca_v54,6,1,4.0,109,direct_newton
Rosenbrock_2D_E,bipop,6,1,579.7,30025,
Rosenbrock_2D_E,nbipop,6,1,444.2,23214,
Rosenbrock_2D_E,hgca_v67,7,1,4.0,110,direct_newton
Rosenbrock_2D_E,hgca_v54,7,1,4.0,110,direct_newton
Rosenbrock_2D_E,bipop,7,1,556.7,30018,
Rosenbrock_2D_E,nbipop,7,1,422.8,23250,
Rosenbrock_2D_E,hgca_v67,8,1,3.0,97,direct_newton
Rosenbrock_2D_E,hgca_v54,8,1,3.0,97,direct_newton
Rosenbrock_2D_E,bipop,8,1,581.0,30026,
Rosenbrock_2D_E,nbipop,8,1,419.4,23262,
Rosenbrock_2D_E,hgca_v67,9,1,4.0,107,direct_newton
Rosenbrock_2D_E,hgca_v54,9,1,4.0,107,direct_newton
Rosenbrock_2D_E,bipop,9,1,574.1,30067,
Rosenbrock_2D_E,nbipop,9,1,388.4,23466,
Rosenbrock_2D_E,hgca_v67,10,1,4.0,100,direct_newton
Rosenbrock_2D_E,hgca_v54,10,1,4.0,100,direct_newton
Rosenbrock_2D_E,bipop,10,1,538.5,30180,
Rosenbrock_2D_E,nbipop,10,1,419.3,23670,
Rosenbrock_2D_E,hgca_v67,11,1,4.0,106,direct_newton
Rosenbrock_2D_E,hgca_v54,11,1,4.0,106,direct_newton
Rosenbrock_2D_E,bipop,11,1,588.5,30022,
Rosenbrock_2D_E,nbipop,11,1,420.2,23226,
Rosenbrock_2D_E,hgca_v67,12,1,4.0,98,direct_newton
Rosenbrock_2D_E,hgca_v54,12,1,3.0,98,direct_newton
Rosenbrock_2D_E,bipop,12,1,552.9,30026,
Rosenbrock_2D_E,nbipop,12,1,394.9,23154,
Rosenbrock_2D_E,hgca_v67,13,1,3.0,98,direct_newton
Rosenbrock_2D_E,hgca_v54,13,1,4.0,98,direct_newton
Rosenbrock_2D_E,bipop,13,1,527.7,30018,
Rosenbrock_2D_E,nbipop,13,1,436.1,23730,
Rosenbrock_2D_E,hgca_v67,14,1,5.0,109,direct_newton
Rosenbrock_2D_E,hgca_v54,14,1,5.0,109,direct_newton
Rosenbrock_2D_E,bipop,14,1,568.4,30026,
Rosenbrock_2D_E,nbipop,14,1,429.5,23682,
Rosenbrock_2D_E,hgca_v67,15,1,4.0,106,direct_newton
Rosenbrock_2D_E,hgca_v54,15,1,4.0,106,direct_newton
Rosenbrock_2D_E,bipop,15,1,576.1,30011,
Rosenbrock_2D_E,nbipop,15,1,398.0,23370,
Rosenbrock_2D_E,hgca_v67,16,1,4.0,113,direct_newton
Rosenbrock_2D_E,hgca_v54,16,1,4.0,113,direct_newton
Rosenbrock_2D_E,bipop,16,1,541.2,30009,
Rosenbrock_2D_E,nbipop,16,1,424.0,24042,
Rosenbrock_2D_E,hgca_v67,17,1,4.0,98,direct_newton
Rosenbrock_2D_E,hgca_v54,17,1,4.0,98,direct_newton
Rosenbrock_2D_E,bipop,17,1,551.0,30058,
Rosenbrock_2D_E,nbipop,17,1,418.9,23898,
Rosenbrock_2D_E,hgca_v67,18,1,4.0,104,direct_newton
Rosenbrock_2D_E,hgca_v54,18,1,4.6,104,direct_newton
Rosenbrock_2D_E,bipop,18,1,536.9,30101,
Rosenbrock_2D_E,nbipop,18,1,395.3,23214,
Rosenbrock_2D_E,hgca_v67,19,1,4.0,93,direct_newton
Rosenbrock_2D_E,hgca_v54,19,1,4.0,93,direct_newton
Rosenbrock_2D_E,bipop,19,1,508.5,30016,
Rosenbrock_2D_E,nbipop,19,1,404.6,23226,
Rosenbrock_2D_E,hgca_v67,20,1,4.0,108,direct_newton
Rosenbrock_2D_E,hgca_v54,20,1,4.0,108,direct_newton
Rosenbrock_2D_E,bipop,20,1,564.8,30144,
Rosenbrock_2D_E,nbipop,20,1,427.1,23838,
Rosenbrock_2D_E,hgca_v67,21,1,3.0,105,direct_newton
Rosenbrock_2D_E,hgca_v54,21,1,4.0,105,direct_newton
Rosenbrock_2D_E,bipop,21,1,576.0,30036,
Rosenbrock_2D_E,nbipop,21,1,421.2,23574,
Rosenbrock_2D_E,hgca_v67,22,1,4.0,99,direct_newton
Rosenbrock_2D_E,hgca_v54,22,1,4.0,99,direct_newton
Rosenbrock_2D_E,bipop,22,1,575.0,30169,
Rosenbrock_2D_E,nbipop,22,1,395.3,23142,
Rosenbrock_2D_E,hgca_v67,23,1,4.0,108,direct_newton
Rosenbrock_2D_E,hgca_v54,23,1,4.0,108,direct_newton
Rosenbrock_2D_E,bipop,23,1,568.7,30025,
Rosenbrock_2D_E,nbipop,23,1,420.3,23826,
Rosenbrock_2D_E,hgca_v67,24,1,4.0,102,direct_newton
Rosenbrock_2D_E,hgca_v54,24,1,4.9,102,direct_newton
Rosenbrock_2D_E,bipop,24,1,564.5,30137,
Rosenbrock_2D_E,nbipop,24,1,404.2,23418,
Rosenbrock_2D_E,hgca_v67,25,1,4.0,99,direct_newton
Rosenbrock_2D_E,hgca_v54,25,1,4.0,99,direct_newton
Rosenbrock_2D_E,bipop,25,1,546.9,30007,
Rosenbrock_2D_E,nbipop,25,1,404.5,23634,
Rosenbrock_2D_E,hgca_v67,26,1,3.5,93,direct_newton
Rosenbrock_2D_E,hgca_v54,26,1,4.0,93,direct_newton
Rosenbrock_2D_E,bipop,26,1,528.0,30010,
Rosenbrock_2D_E,nbipop,26,1,414.7,23190,
Rosenbrock_2D_E,hgca_v67,27,1,4.0,104,direct_newton
Rosenbrock_2D_E,hgca_v54,27,1,4.0,104,direct_newton
Rosenbrock_2D_E,bipop,27,1,579.1,30107,
Rosenbrock_2D_E,nbipop,27,1,424.5,23562,
Rosenbrock_2D_E,hgca_v67,28,1,4.0,111,direct_newton
Rosenbrock_2D_E,hgca_v54,28,1,4.0,111,direct_newton
Rosenbrock_2D_E,bipop,28,1,522.0,30023,
Rosenbrock_2D_E,nbipop,28,1,418.6,23814,
Rosenbrock_2D_E,hgca_v67,29,1,4.0,107,direct_newton
Rosenbrock_2D_E,hgca_v54,29,1,4.0,107,direct_newton
Rosenbrock_2D_E,bipop,29,1,540.6,30006,
Rosenbrock_2D_E,nbipop,29,1,411.4,23298,
Rosenbrock_2D_H,hgca_v67,0,1,2.0,55,direct_newton
Rosenbrock_2D_H,hgca_v54,0,1,2.0,55,direct_newton
Rosenbrock_2D_H,bipop,0,1,560.5,30035,
Rosenbrock_2D_H,nbipop,0,1,404.0,23130,
Rosenbrock_2D_H,hgca_v67,1,1,2.0,44,direct_newton
Rosenbrock_2D_H,hgca_v54,1,1,2.0,44,direct_newton
Rosenbrock_2D_H,bipop,1,1,549.0,30030,
Rosenbrock_2D_H,nbipop,1,1,404.4,23166,
Rosenbrock_2D_H,hgca_v67,2,1,2.0,44,direct_newton
Rosenbrock_2D_H,hgca_v54,2,1,1.0,44,direct_newton
Rosenbrock_2D_H,bipop,2,1,567.1,30087,
Rosenbrock_2D_H,nbipop,2,1,413.9,22962,
Rosenbrock_2D_H,hgca_v67,3,1,2.0,58,direct_newton
Rosenbrock_2D_H,hgca_v54,3,1,3.0,58,direct_newton
Rosenbrock_2D_H,bipop,3,1,596.0,30027,
Rosenbrock_2D_H,nbipop,3,1,400.0,23178,
Rosenbrock_2D_H,hgca_v67,4,1,2.0,47,direct_newton
Rosenbrock_2D_H,hgca_v54,4,1,2.0,47,direct_newton
Rosenbrock_2D_H,bipop,4,1,581.0,30022,
Rosenbrock_2D_H,nbipop,4,1,395.2,23154,
Rosenbrock_2D_H,hgca_v67,5,1,2.0,52,direct_newton
Rosenbrock_2D_H,hgca_v54,5,1,2.0,52,direct_newton
Rosenbrock_2D_H,bipop,5,1,574.0,30004,
Rosenbrock_2D_H,nbipop,5,1,414.2,23382,
Rosenbrock_2D_H,hgca_v67,6,1,2.0,39,direct_newton
Rosenbrock_2D_H,hgca_v54,6,1,2.0,39,direct_newton
Rosenbrock_2D_H,bipop,6,1,527.9,30008,
Rosenbrock_2D_H,nbipop,6,1,411.7,23130,
Rosenbrock_2D_H,hgca_v67,7,1,1.0,45,direct_newton
Rosenbrock_2D_H,hgca_v54,7,1,2.0,45,direct_newton
Rosenbrock_2D_H,bipop,7,1,550.5,30022,
Rosenbrock_2D_H,nbipop,7,1,385.0,22998,
Rosenbrock_2D_H,hgca_v67,8,1,2.0,43,direct_newton
Rosenbrock_2D_H,hgca_v54,8,1,2.0,43,direct_newton
Rosenbrock_2D_H,bipop,8,1,524.0,30059,
Rosenbrock_2D_H,nbipop,8,1,414.7,23394,
Rosenbrock_2D_H,hgca_v67,9,1,2.0,59,direct_newton
Rosenbrock_2D_H,hgca_v54,9,1,3.0,59,direct_newton
Rosenbrock_2D_H,bipop,9,1,565.7,30002,
Rosenbrock_2D_H,nbipop,9,1,406.0,23166,
Rosenbrock_2D_H,hgca_v67,10,1,2.0,45,direct_newton
Rosenbrock_2D_H,hgca_v54,10,1,2.0,45,direct_newton
Rosenbrock_2D_H,bipop,10,1,586.7,30025,
Rosenbrock_2D_H,nbipop,10,1,396.6,23154,
Rosenbrock_2D_H,hgca_v67,11,1,2.0,48,direct_newton
Rosenbrock_2D_H,hgca_v54,11,1,2.0,48,direct_newton
Rosenbrock_2D_H,bipop,11,1,562.9,30021,
Rosenbrock_2D_H,nbipop,11,1,390.0,22590,
Rosenbrock_2D_H,hgca_v67,12,1,2.0,48,direct_newton
Rosenbrock_2D_H,hgca_v54,12,1,2.0,48,direct_newton
Rosenbrock_2D_H,bipop,12,1,545.0,30036,
Rosenbrock_2D_H,nbipop,12,1,411.6,23202,
Rosenbrock_2D_H,hgca_v67,13,1,3.0,56,direct_newton
Rosenbrock_2D_H,hgca_v54,13,1,2.0,56,direct_newton
Rosenbrock_2D_H,bipop,13,1,564.0,30003,
Rosenbrock_2D_H,nbipop,13,1,377.0,22578,
Rosenbrock_2D_H,hgca_v67,14,1,3.0,50,direct_newton
Rosenbrock_2D_H,hgca_v54,14,1,2.0,50,direct_newton
Rosenbrock_2D_H,bipop,14,1,523.5,30083,
Rosenbrock_2D_H,nbipop,14,1,405.0,23022,
Rosenbrock_2D_H,hgca_v67,15,1,3.0,48,direct_newton
Rosenbrock_2D_H,hgca_v54,15,1,2.0,48,direct_newton
Rosenbrock_2D_H,bipop,15,1,546.7,30019,
Rosenbrock_2D_H,nbipop,15,1,417.4,23226,
Rosenbrock_2D_H,hgca_v67,16,1,1.0,50,direct_newton
Rosenbrock_2D_H,hgca_v54,16,1,2.0,50,direct_newton
Rosenbrock_2D_H,bipop,16,1,541.0,30036,
Rosenbrock_2D_H,nbipop,16,1,394.0,22926,
Rosenbrock_2D_H,hgca_v67,17,1,2.0,49,direct_newton
Rosenbrock_2D_H,hgca_v54,17,1,2.0,49,direct_newton
Rosenbrock_2D_H,bipop,17,1,543.9,30003,
Rosenbrock_2D_H,nbipop,17,1,395.0,23022,
Rosenbrock_2D_H,hgca_v67,18,1,2.0,48,direct_newton
Rosenbrock_2D_H,hgca_v54,18,1,2.0,48,direct_newton
Rosenbrock_2D_H,bipop,18,1,552.8,30031,
Rosenbrock_2D_H,nbipop,18,1,439.7,22950,
Rosenbrock_2D_H,hgca_v67,19,1,2.0,50,direct_newton
Rosenbrock_2D_H,hgca_v54,19,1,2.0,50,direct_newton
Rosenbrock_2D_H,bipop,19,1,596.5,30016,
Rosenbrock_2D_H,nbipop,19,1,397.2,23082,
Rosenbrock_2D_H,hgca_v67,20,1,2.0,55,direct_newton
Rosenbrock_2D_H,hgca_v54,20,1,2.0,55,direct_newton
Rosenbrock_2D_H,bipop,20,1,510.1,30031,
Rosenbrock_2D_H,nbipop,20,1,379.6,22794,
Rosenbrock_2D_H,hgca_v67,21,1,2.0,48,direct_newton
Rosenbrock_2D_H,hgca_v54,21,1,2.0,48,direct_newton
Rosenbrock_2D_H,bipop,21,1,587.4,30007,
Rosenbrock_2D_H,nbipop,21,1,417.0,23238,
Rosenbrock_2D_H,hgca_v67,22,1,2.0,52,direct_newton
Rosenbrock_2D_H,hgca_v54,22,1,2.0,52,direct_newton
Rosenbrock_2D_H,bipop,22,1,543.0,30023,
Rosenbrock_2D_H,nbipop,22,1,403.9,23106,
Rosenbrock_2D_H,hgca_v67,23,1,2.0,45,direct_newton
Rosenbrock_2D_H,hgca_v54,23,1,2.0,45,direct_newton
Rosenbrock_2D_H,bipop,23,1,526.0,30067,
Rosenbrock_2D_H,nbipop,23,1,383.7,22926,
Rosenbrock_2D_H,hgca_v67,24,1,2.0,51,direct_newton
Rosenbrock_2D_H,hgca_v54,24,1,2.0,51,direct_newton
Rosenbrock_2D_H,bipop,24,1,534.1,30136,
Rosenbrock_2D_H,nbipop,24,1,420.2,23094,
Rosenbrock_2D_H,hgca_v67,25,1,2.0,56,direct_newton
Rosenbrock_2D_H,hgca_v54,25,1,2.0,56,direct_newton
Rosenbrock_2D_H,bipop,25,1,552.4,30053,
Rosenbrock_2D_H,nbipop,25,1,402.6,23058,
Rosenbrock_2D_H,hgca_v67,26,1,2.0,55,direct_newton
Rosenbrock_2D_H,hgca_v54,26,1,2.0,55,direct_newton
Rosenbrock_2D_H,bipop,26,1,554.3,30027,
Rosenbrock_2D_H,nbipop,26,1,386.6,23274,
Rosenbrock_2D_H,hgca_v67,27,1,2.0,41,direct_newton
Rosenbrock_2D_H,hgca_v54,27,1,1.1,41,direct_newton
Rosenbrock_2D_H,bipop,27,1,561.2,30004,
Rosenbrock_2D_H,nbipop,27,1,413.0,23130,
Rosenbrock_2D_H,hgca_v67,28,1,2.0,41,direct_newton
Rosenbrock_2D_H,hgca_v54,28,1,1.0,41,direct_newton
Rosenbrock_2D_H,bipop,28,1,531.0,30039,
Rosenbrock_2D_H,nbipop,28,1,415.7,23358,
Rosenbrock_2D_H,hgca_v67,29,1,2.0,51,direct_newton
Rosenbrock_2D_H,hgca_v54,29,1,2.0,51,direct_newton
Rosenbrock_2D_H,bipop,29,1,559.5,30051,
Rosenbrock_2D_H,nbipop,29,1,381.0,23154,
Rosenbrock_2D_M,hgca_v67,0,1,1.0,33,direct_newton
Rosenbrock_2D_M,hgca_v54,0,1,2.0,33,direct_newton
Rosenbrock_2D_M,bipop,0,1,518.8,30023,
Rosenbrock_2D_M,nbipop,0,1,390.0,22698,
Rosenbrock_2D_M,hgca_v67,1,1,1.0,31,direct_newton
Rosenbrock_2D_M,hgca_v54,1,1,1.0,31,direct_newton
Rosenbrock_2D_M,bipop,1,1,557.9,30003,
Rosenbrock_2D_M,nbipop,1,1,395.0,22854,
Rosenbrock_2D_M,hgca_v67,2,1,1.0,35,direct_newton
Rosenbrock_2D_M,hgca_v54,2,1,2.0,35,direct_newton
Rosenbrock_2D_M,bipop,2,1,575.0,30020,
Rosenbrock_2D_M,nbipop,2,1,382.1,22782,
Rosenbrock_2D_M,hgca_v67,3,1,1.0,30,direct_newton
Rosenbrock_2D_M,hgca_v54,3,1,1.0,30,direct_newton
Rosenbrock_2D_M,bipop,3,1,539.0,30005,
Rosenbrock_2D_M,nbipop,3,1,389.0,22794,
Rosenbrock_2D_M,hgca_v67,4,1,2.0,31,direct_newton
Rosenbrock_2D_M,hgca_v54,4,1,1.0,31,direct_newton
Rosenbrock_2D_M,bipop,4,1,542.0,30056,
Rosenbrock_2D_M,nbipop,4,1,390.1,22626,
Rosenbrock_2D_M,hgca_v67,5,1,1.0,35,direct_newton
Rosenbrock_2D_M,hgca_v54,5,1,1.9,35,direct_newton
Rosenbrock_2D_M,bipop,5,1,547.6,30080,
Rosenbrock_2D_M,nbipop,5,1,373.2,22530,
Rosenbrock_2D_M,hgca_v67,6,1,1.0,29,direct_newton
Rosenbrock_2D_M,hgca_v54,6,1,1.0,29,direct_newton
Rosenbrock_2D_M,bipop,6,1,560.0,30042,
Rosenbrock_2D_M,nbipop,6,1,403.3,22854,
Rosenbrock_2D_M,hgca_v67,7,1,1.0,34,direct_newton
Rosenbrock_2D_M,hgca_v54,7,1,1.0,34,direct_newton
Rosenbrock_2D_M,bipop,7,1,535.1,30064,
Rosenbrock_2D_M,nbipop,7,1,402.0,23010,
Rosenbrock_2D_M,hgca_v67,8,1,2.0,35,direct_newton
Rosenbrock_2D_M,hgca_v54,8,1,1.0,35,direct_newton
Rosenbrock_2D_M,bipop,8,1,547.0,30005,
Rosenbrock_2D_M,nbipop,8,1,385.7,22590,
Rosenbrock_2D_M,hgca_v67,9,1,1.0,32,direct_newton
Rosenbrock_2D_M,hgca_v54,9,1,1.0,32,direct_newton
Rosenbrock_2D_M,bipop,9,1,563.6,30007,
Rosenbrock_2D_M,nbipop,9,1,380.0,22866,
Rosenbrock_2D_M,hgca_v67,10,1,1.0,33,direct_newton
Rosenbrock_2D_M,hgca_v54,10,1,2.0,33,direct_newton
Rosenbrock_2D_M,bipop,10,1,538.5,30026,
Rosenbrock_2D_M,nbipop,10,1,393.4,22698,
Rosenbrock_2D_M,hgca_v67,11,1,2.0,32,direct_newton
Rosenbrock_2D_M,hgca_v54,11,1,2.0,32,direct_newton
Rosenbrock_2D_M,bipop,11,1,530.0,30142,
Rosenbrock_2D_M,nbipop,11,1,397.8,22938,
Rosenbrock_2D_M,hgca_v67,12,1,1.0,29,direct_newton
Rosenbrock_2D_M,hgca_v54,12,1,1.0,29,direct_newton
Rosenbrock_2D_M,bipop,12,1,531.3,30125,
Rosenbrock_2D_M,nbipop,12,1,369.0,22722,
Rosenbrock_2D_M,hgca_v67,13,1,2.0,32,direct_newton
Rosenbrock_2D_M,hgca_v54,13,1,1.0,32,direct_newton
Rosenbrock_2D_M,bipop,13,1,551.1,30019,
Rosenbrock_2D_M,nbipop,13,1,391.3,22722,
Rosenbrock_2D_M,hgca_v67,14,1,1.0,28,direct_newton
Rosenbrock_2D_M,hgca_v54,14,1,2.0,28,direct_newton
Rosenbrock_2D_M,bipop,14,1,560.8,30054,
Rosenbrock_2D_M,nbipop,14,1,397.0,22806,
Rosenbrock_2D_M,hgca_v67,15,1,1.0,35,direct_newton
Rosenbrock_2D_M,hgca_v54,15,1,2.0,35,direct_newton
Rosenbrock_2D_M,bipop,15,1,556.0,30032,
Rosenbrock_2D_M,nbipop,15,1,379.0,22890,
Rosenbrock_2D_M,hgca_v67,16,1,2.0,29,direct_newton
Rosenbrock_2D_M,hgca_v54,16,1,1.0,29,direct_newton
Rosenbrock_2D_M,bipop,16,1,538.2,30011,
Rosenbrock_2D_M,nbipop,16,1,399.4,22986,
Rosenbrock_2D_M,hgca_v67,17,1,2.0,30,direct_newton
Rosenbrock_2D_M,hgca_v54,17,1,1.0,30,direct_newton
Rosenbrock_2D_M,bipop,17,1,555.5,30075,
Rosenbrock_2D_M,nbipop,17,1,395.0,22890,
Rosenbrock_2D_M,hgca_v67,18,1,2.0,32,direct_newton
Rosenbrock_2D_M,hgca_v54,18,1,1.0,32,direct_newton
Rosenbrock_2D_M,bipop,18,1,518.0,30052,
Rosenbrock_2D_M,nbipop,18,1,380.5,22542,
Rosenbrock_2D_M,hgca_v67,19,1,2.0,34,direct_newton
Rosenbrock_2D_M,hgca_v54,19,1,1.0,34,direct_newton
Rosenbrock_2D_M,bipop,19,1,504.7,30003,
Rosenbrock_2D_M,nbipop,19,1,402.2,22962,
Rosenbrock_2D_M,hgca_v67,20,1,2.0,36,direct_newton
Rosenbrock_2D_M,hgca_v54,20,1,1.0,36,direct_newton
Rosenbrock_2D_M,bipop,20,1,591.5,30023,
Rosenbrock_2D_M,nbipop,20,1,393.4,22818,
Rosenbrock_2D_M,hgca_v67,21,1,1.1,33,direct_newton
Rosenbrock_2D_M,hgca_v54,21,1,0.9,33,direct_newton
Rosenbrock_2D_M,bipop,21,1,558.4,30015,
Rosenbrock_2D_M,nbipop,21,1,383.7,23058,
Rosenbrock_2D_M,hgca_v67,22,1,2.0,34,direct_newton
Rosenbrock_2D_M,hgca_v54,22,1,1.0,34,direct_newton
Rosenbrock_2D_M,bipop,22,1,559.6,30033,
Rosenbrock_2D_M,nbipop,22,1,395.3,22866,
Rosenbrock_2D_M,hgca_v67,23,1,1.0,28,direct_newton
Rosenbrock_2D_M,hgca_v54,23,1,2.0,28,direct_newton
Rosenbrock_2D_M,bipop,23,1,543.2,30021,
Rosenbrock_2D_M,nbipop,23,1,429.0,23226,
Rosenbrock_2D_M,hgca_v67,24,1,1.0,34,direct_newton
Rosenbrock_2D_M,hgca_v54,24,1,2.0,34,direct_newton
Rosenbrock_2D_M,bipop,24,1,570.0,30004,
Rosenbrock_2D_M,nbipop,24,1,385.5,22770,
Rosenbrock_2D_M,hgca_v67,25,1,1.0,30,direct_newton
Rosenbrock_2D_M,hgca_v54,25,1,1.0,30,direct_newton
Rosenbrock_2D_M,bipop,25,1,529.0,30036,
Rosenbrock_2D_M,nbipop,25,1,399.0,22938,
Rosenbrock_2D_M,hgca_v67,26,1,2.0,34,direct_newton
Rosenbrock_2D_M,hgca_v54,26,1,1.0,34,direct_newton
Rosenbrock_2D_M,bipop,26,1,613.4,30024,
Rosenbrock_2D_M,nbipop,26,1,399.5,23046,
Rosenbrock_2D_M,hgca_v67,27,1,1.0,31,direct_newton
Rosenbrock_2D_M,hgca_v54,27,1,1.0,31,direct_newton
Rosenbrock_2D_M,bipop,27,1,577.0,30027,
Rosenbrock_2D_M,nbipop,27,1,382.4,22602,
Rosenbrock_2D_M,hgca_v67,28,1,2.0,34,direct_newton
Rosenbrock_2D_M,hgca_v54,28,1,1.0,34,direct_newton
Rosenbrock_2D_M,bipop,28,1,558.1,30010,
Rosenbrock_2D_M,nbipop,28,1,391.7,22758,
Rosenbrock_2D_M,hgca_v67,29,1,2.0,30,direct_newton
Rosenbrock_2D_M,hgca_v54,29,1,1.0,30,direct_newton
Rosenbrock_2D_M,bipop,29,1,573.0,30078,
Rosenbrock_2D_M,nbipop,29,1,396.0,22890,
Rotated_Ackley_20D,hgca_v67,0,1,1135.1,96157,hgca_refined_f
Rotated_Ackley_20D,hgca_v54,0,1,1034.5,96157,hgca_refined_f
Rotated_Ackley_20D,bipop,0,1,669.9,30026,
Rotated_Ackley_20D,nbipop,0,0,622.0,27473,
Rotated_Ackley_20D,hgca_v67,1,1,719.1,81720,hgca_refined_f
Rotated_Ackley_20D,hgca_v54,1,1,703.4,81720,hgca_refined_f
Rotated_Ackley_20D,bipop,1,1,644.6,30026,
Rotated_Ackley_20D,nbipop,1,1,660.7,28133,
Rotated_Ackley_20D,hgca_v67,2,1,793.0,81732,hgca_refined_f
Rotated_Ackley_20D,hgca_v54,2,1,781.6,81732,hgca_refined_f
Rotated_Ackley_20D,bipop,2,1,637.4,30026,
Rotated_Ackley_20D,nbipop,2,1,663.8,28133,
Rotated_Ackley_20D,hgca_v67,3,1,757.3,81759,hgca_refined_f
Rotated_Ackley_20D,hgca_v54,3,1,731.2,81759,hgca_refined_f
Rotated_Ackley_20D,bipop,3,1,637.5,30026,
Rotated_Ackley_20D,nbipop,3,1,648.9,27845,
Rotated_Ackley_20D,hgca_v67,4,0,1203.2,96096,hgca_cma_failed
Rotated_Ackley_20D,hgca_v54,4,0,1106.2,96096,hgca_cma_failed
Rotated_Ackley_20D,bipop,4,1,607.0,30026,
Rotated_Ackley_20D,nbipop,4,1,672.6,28097,
Rotated_Ackley_20D,hgca_v67,5,1,986.9,96130,hgca_refined_f
Rotated_Ackley_20D,hgca_v54,5,1,968.1,96130,hgca_refined_f
Rotated_Ackley_20D,bipop,5,1,654.6,30026,
Rotated_Ackley_20D,nbipop,5,1,647.0,28133,
Rotated_Ackley_20D,hgca_v67,6,1,714.1,81739,hgca_refined_f
Rotated_Ackley_20D,hgca_v54,6,1,714.1,81739,hgca_refined_f
Rotated_Ackley_20D,bipop,6,1,651.0,30026,
Rotated_Ackley_20D,nbipop,6,0,630.0,27557,
Rotated_Ackley_20D,hgca_v67,7,1,745.1,81729,hgca_refined_f
Rotated_Ackley_20D,hgca_v54,7,1,723.4,81729,hgca_refined_f
Rotated_Ackley_20D,bipop,7,1,638.6,30026,
Rotated_Ackley_20D,nbipop,7,1,664.4,28133,
Rotated_Ackley_20D,hgca_v67,8,1,737.0,81727,hgca_refined_f
Rotated_Ackley_20D,hgca_v54,8,1,715.0,81727,hgca_refined_f
Rotated_Ackley_20D,bipop,8,1,657.4,30026,
Rotated_Ackley_20D,nbipop,8,1,670.0,28133,
Rotated_Ackley_20D,hgca_v67,9,1,738.3,81732,hgca_refined_f
Rotated_Ackley_20D,hgca_v54,9,1,715.0,81732,hgca_refined_f
Rotated_Ackley_20D,bipop,9,1,628.0,30002,
Rotated_Ackley_20D,nbipop,9,0,638.3,27689,
Rotated_Ackley_20D,hgca_v67,10,1,808.9,81796,hgca_refined_f
Rotated_Ackley_20D,hgca_v54,10,1,801.6,81796,hgca_refined_f
Rotated_Ackley_20D,bipop,10,1,605.0,30002,
Rotated_Ackley_20D,nbipop,10,0,620.3,27353,
Rotated_Ackley_20D,hgca_v67,11,1,738.6,81729,hgca_refined_f
Rotated_Ackley_20D,hgca_v54,11,1,728.3,81729,hgca_refined_f
Rotated_Ackley_20D,bipop,11,1,608.3,30002,
Rotated_Ackley_20D,nbipop,11,1,626.5,28061,
Rotated_Ackley_20D,hgca_v67,12,1,1194.7,96191,hgca_refined_f
Rotated_Ackley_20D,hgca_v54,12,1,1150.9,96191,hgca_refined_f
Rotated_Ackley_20D,bipop,12,1,630.8,30026,
Rotated_Ackley_20D,nbipop,12,1,659.6,28133,
Rotated_Ackley_20D,hgca_v67,13,0,730.1,81720,hgca_cma_failed
Rotated_Ackley_20D,hgca_v54,13,0,716.1,81720,hgca_cma_failed
Rotated_Ackley_20D,bipop,13,1,607.7,30026,
Rotated_Ackley_20D,nbipop,13,1,648.5,27845,
Rotated_Ackley_20D,hgca_v67,14,1,995.5,96143,hgca_refined_f
Rotated_Ackley_20D,hgca_v54,14,1,958.8,96143,hgca_refined_f
Rotated_Ackley_20D,bipop,14,1,694.1,30026,
Rotated_Ackley_20D,nbipop,14,1,650.6,28133,
Rotated_Ackley_20D,hgca_v67,15,1,736.9,81725,hgca_refined_f
Rotated_Ackley_20D,hgca_v54,15,1,714.2,81725,hgca_refined_f
Rotated_Ackley_20D,bipop,15,1,672.8,30002,
Rotated_Ackley_20D,nbipop,15,1,659.5,28133,
Rotated_Ackley_20D,hgca_v67,16,1,747.2,81746,hgca_refined_f
Rotated_Ackley_20D,hgca_v54,16,1,734.1,81746,hgca_refined_f
Rotated_Ackley_20D,bipop,16,1,610.2,30026,
Rotated_Ackley_20D,nbipop,16,1,642.0,27701,
Rotated_Ackley_20D,hgca_v67,17,1,748.5,81738,hgca_refined_f
Rotated_Ackley_20D,hgca_v54,17,1,749.1,81738,hgca_refined_f
Rotated_Ackley_20D,bipop,17,1,614.5,30002,
Rotated_Ackley_20D,nbipop,17,1,628.6,28133,
Rotated_Ackley_20D,hgca_v67,18,1,807.0,79427,hgca_refined_f
Rotated_Ackley_20D,hgca_v54,18,1,791.5,79427,hgca_refined_f
Rotated_Ackley_20D,bipop,18,1,643.2,30002,
Rotated_Ackley_20D,nbipop,18,1,626.3,28133,
Rotated_Ackley_20D,hgca_v67,19,1,999.6,96159,hgca_refined_f
Rotated_Ackley_20D,hgca_v54,19,1,987.7,96159,hgca_refined_f
Rotated_Ackley_20D,bipop,19,1,627.0,30002,
Rotated_Ackley_20D,nbipop,19,1,646.0,28133,
Rotated_Ackley_20D,hgca_v67,20,1,748.1,81735,hgca_refined_f
Rotated_Ackley_20D,hgca_v54,20,1,754.0,81735,hgca_refined_f
Rotated_Ackley_20D,bipop,20,1,653.5,30002,
Rotated_Ackley_20D,nbipop,20,1,669.8,28133,
Rotated_Ackley_20D,hgca_v67,21,1,746.4,81742,hgca_refined_f
Rotated_Ackley_20D,hgca_v54,21,1,754.9,81742,hgca_refined_f
Rotated_Ackley_20D,bipop,21,1,663.0,30026,
Rotated_Ackley_20D,nbipop,21,1,625.5,28133,
Rotated_Ackley_20D,hgca_v67,22,1,746.4,81744,hgca_refined_f
Rotated_Ackley_20D,hgca_v54,22,1,747.8,81744,hgca_refined_f
Rotated_Ackley_20D,bipop,22,1,645.6,30002,
Rotated_Ackley_20D,nbipop,22,1,627.7,28133,
Rotated_Ackley_20D,hgca_v67,23,1,808.7,81813,hgca_refined_f
Rotated_Ackley_20D,hgca_v54,23,1,812.2,81813,hgca_refined_f
Rotated_Ackley_20D,bipop,23,1,686.1,30026,
Rotated_Ackley_20D,nbipop,23,1,613.5,28133,
Rotated_Ackley_20D,hgca_v67,24,1,970.8,96150,hgca_refined_f
Rotated_Ackley_20D,hgca_v54,24,1,998.4,96150,hgca_refined_f
Rotated_Ackley_20D,bipop,24,1,660.4,30026,
Rotated_Ackley_20D,nbipop,24,1,623.0,28133,
Rotated_Ackley_20D,hgca_v67,25,1,734.9,81787,hgca_refined_f
Rotated_Ackley_20D,hgca_v54,25,1,741.6,81787,hgca_refined_f
Rotated_Ackley_20D,bipop,25,1,663.2,30026,
Rotated_Ackley_20D,nbipop,25,1,630.1,28133,
Rotated_Ackley_20D,hgca_v67,26,1,718.9,81755,hgca_refined_f
Rotated_Ackley_20D,hgca_v54,26,1,754.4,81755,hgca_refined_f
Rotated_Ackley_20D,bipop,26,1,655.5,30026,
Rotated_Ackley_20D,nbipop,26,1,635.5,28133,
Rotated_Ackley_20D,hgca_v67,27,1,791.7,81823,hgca_refined_f
Rotated_Ackley_20D,hgca_v54,27,1,784.5,81823,hgca_refined_f
Rotated_Ackley_20D,bipop,27,1,658.2,30026,
Rotated_Ackley_20D,nbipop,27,1,656.5,28133,
Rotated_Ackley_20D,hgca_v67,28,1,709.9,81726,hgca_refined_f
Rotated_Ackley_20D,hgca_v54,28,1,724.5,81726,hgca_refined_f
Rotated_Ackley_20D,bipop,28,1,663.5,30026,
Rotated_Ackley_20D,nbipop,28,1,647.1,28133,
Rotated_Ackley_20D,hgca_v67,29,1,722.6,81768,hgca_refined_f
Rotated_Ackley_20D,hgca_v54,29,1,776.9,81768,hgca_refined_f
Rotated_Ackley_20D,bipop,29,1,646.0,30026,
Rotated_Ackley_20D,nbipop,29,1,649.7,27881,
Rotated_Rastrigin_20D,hgca_v67,0,1,122.1,2,pcu_ok
Rotated_Rastrigin_20D,hgca_v54,0,0,709.9,76857,hgca_cma_failed
Rotated_Rastrigin_20D,bipop,0,0,637.7,30026,
Rotated_Rastrigin_20D,nbipop,0,0,666.4,27869,
Rotated_Rastrigin_20D,hgca_v67,1,1,5.0,2,pcu_ok
Rotated_Rastrigin_20D,hgca_v54,1,0,748.8,76857,hgca_cma_failed
Rotated_Rastrigin_20D,bipop,1,0,642.0,30026,
Rotated_Rastrigin_20D,nbipop,1,0,647.8,27737,
Rotated_Rastrigin_20D,hgca_v67,2,1,5.0,2,pcu_ok
Rotated_Rastrigin_20D,hgca_v54,2,0,761.6,77186,hgca_cma_failed
Rotated_Rastrigin_20D,bipop,2,0,646.3,30026,
Rotated_Rastrigin_20D,nbipop,2,0,656.5,27533,
Rotated_Rastrigin_20D,hgca_v67,3,1,5.0,2,pcu_ok
Rotated_Rastrigin_20D,hgca_v54,3,0,717.6,77187,hgca_cma_failed
Rotated_Rastrigin_20D,bipop,3,0,652.0,30002,
Rotated_Rastrigin_20D,nbipop,3,0,684.9,28061,
Rotated_Rastrigin_20D,hgca_v67,4,1,5.0,2,pcu_ok
Rotated_Rastrigin_20D,hgca_v54,4,0,799.4,78173,hgca_cma_failed
Rotated_Rastrigin_20D,bipop,4,0,640.5,30002,
Rotated_Rastrigin_20D,nbipop,4,0,700.2,28133,
Rotated_Rastrigin_20D,hgca_v67,5,1,5.0,2,pcu_ok
Rotated_Rastrigin_20D,hgca_v54,5,0,793.0,76857,hgca_cma_failed
Rotated_Rastrigin_20D,bipop,5,0,675.4,30002,
Rotated_Rastrigin_20D,nbipop,5,0,658.4,27713,
Rotated_Rastrigin_20D,hgca_v67,6,1,4.0,2,pcu_ok
Rotated_Rastrigin_20D,hgca_v54,6,0,738.1,77515,hgca_cma_failed
Rotated_Rastrigin_20D,bipop,6,0,684.6,30026,
Rotated_Rastrigin_20D,nbipop,6,0,666.0,28001,
Rotated_Rastrigin_20D,hgca_v67,7,1,5.0,2,pcu_ok
Rotated_Rastrigin_20D,hgca_v54,7,0,785.7,78503,hgca_cma_failed
Rotated_Rastrigin_20D,bipop,7,0,621.1,30002,
Rotated_Rastrigin_20D,nbipop,7,0,647.0,27533,
Rotated_Rastrigin_20D,hgca_v67,8,1,5.0,2,pcu_ok
Rotated_Rastrigin_20D,hgca_v54,8,0,762.2,77515,hgca_cma_failed
Rotated_Rastrigin_20D,bipop,8,0,647.5,30002,
Rotated_Rastrigin_20D,nbipop,8,0,650.0,28133,
Rotated_Rastrigin_20D,hgca_v67,9,1,5.0,2,pcu_ok
Rotated_Rastrigin_20D,hgca_v54,9,0,749.3,77187,hgca_cma_failed
Rotated_Rastrigin_20D,bipop,9,0,644.1,30026,
Rotated_Rastrigin_20D,nbipop,9,0,654.5,27653,
Rotated_Rastrigin_20D,hgca_v67,10,1,5.0,2,pcu_ok
Rotated_Rastrigin_20D,hgca_v54,10,0,759.3,77844,hgca_cma_failed
Rotated_Rastrigin_20D,bipop,10,0,628.4,30002,
Rotated_Rastrigin_20D,nbipop,10,0,702.0,28001,
Rotated_Rastrigin_20D,hgca_v67,11,1,5.0,2,pcu_ok
Rotated_Rastrigin_20D,hgca_v54,11,0,793.7,77844,hgca_cma_failed
Rotated_Rastrigin_20D,bipop,11,0,646.7,30002,
Rotated_Rastrigin_20D,nbipop,11,0,644.6,28049,
Rotated_Rastrigin_20D,hgca_v67,12,1,5.0,2,pcu_ok
Rotated_Rastrigin_20D,hgca_v54,12,0,788.3,77844,hgca_cma_failed
Rotated_Rastrigin_20D,bipop,12,0,650.1,30026,
Rotated_Rastrigin_20D,nbipop,12,0,654.9,27881,
Rotated_Rastrigin_20D,hgca_v67,13,1,5.0,2,pcu_ok
Rotated_Rastrigin_20D,hgca_v54,13,0,754.0,77844,hgca_cma_failed
Rotated_Rastrigin_20D,bipop,13,0,664.4,30026,
Rotated_Rastrigin_20D,nbipop,13,0,717.4,27797,
Rotated_Rastrigin_20D,hgca_v67,14,1,6.0,2,pcu_ok
Rotated_Rastrigin_20D,hgca_v54,14,0,835.3,78502,hgca_cma_failed
Rotated_Rastrigin_20D,bipop,14,0,643.0,30002,
Rotated_Rastrigin_20D,nbipop,14,0,689.3,28133,
Rotated_Rastrigin_20D,hgca_v67,15,1,6.0,2,pcu_ok
Rotated_Rastrigin_20D,hgca_v54,15,0,759.5,76857,hgca_cma_failed
Rotated_Rastrigin_20D,bipop,15,0,677.5,30026,
Rotated_Rastrigin_20D,nbipop,15,0,671.7,27845,
Rotated_Rastrigin_20D,hgca_v67,16,1,4.9,2,pcu_ok
Rotated_Rastrigin_20D,hgca_v54,16,0,765.4,77515,hgca_cma_failed
Rotated_Rastrigin_20D,bipop,16,0,671.3,30026,
Rotated_Rastrigin_20D,nbipop,16,0,680.0,27689,
Rotated_Rastrigin_20D,hgca_v67,17,1,5.0,2,pcu_ok
Rotated_Rastrigin_20D,hgca_v54,17,0,770.0,77844,hgca_cma_failed
Rotated_Rastrigin_20D,bipop,17,0,644.6,30002,
Rotated_Rastrigin_20D,nbipop,17,0,667.6,27521,
Rotated_Rastrigin_20D,hgca_v67,18,1,5.0,2,pcu_ok
Rotated_Rastrigin_20D,hgca_v54,18,0,751.5,76859,hgca_cma_failed
Rotated_Rastrigin_20D,bipop,18,0,663.5,30002,
Rotated_Rastrigin_20D,nbipop,18,0,650.5,27701,
Rotated_Rastrigin_20D,hgca_v67,19,1,5.0,2,pcu_ok
Rotated_Rastrigin_20D,hgca_v54,19,0,783.1,77844,hgca_cma_failed
Rotated_Rastrigin_20D,bipop,19,0,679.1,30026,
Rotated_Rastrigin_20D,nbipop,19,0,681.4,27965,
Rotated_Rastrigin_20D,hgca_v67,20,1,5.0,2,pcu_ok
Rotated_Rastrigin_20D,hgca_v54,20,0,754.4,77515,hgca_cma_failed
Rotated_Rastrigin_20D,bipop,20,0,655.9,30026,
Rotated_Rastrigin_20D,nbipop,20,0,678.7,27653,
Rotated_Rastrigin_20D,hgca_v67,21,1,6.0,2,pcu_ok
Rotated_Rastrigin_20D,hgca_v54,21,0,779.7,77515,hgca_cma_failed
Rotated_Rastrigin_20D,bipop,21,0,671.5,30002,
Rotated_Rastrigin_20D,nbipop,21,0,678.9,28049,
Rotated_Rastrigin_20D,hgca_v67,22,1,5.0,2,pcu_ok
Rotated_Rastrigin_20D,hgca_v54,22,0,752.0,77186,hgca_cma_failed
Rotated_Rastrigin_20D,bipop,22,0,643.8,30026,
Rotated_Rastrigin_20D,nbipop,22,0,680.3,27869,
Rotated_Rastrigin_20D,hgca_v67,23,1,5.0,2,pcu_ok
Rotated_Rastrigin_20D,hgca_v54,23,0,780.2,78173,hgca_cma_failed
Rotated_Rastrigin_20D,bipop,23,0,678.0,30026,
Rotated_Rastrigin_20D,nbipop,23,0,676.9,27533,
Rotated_Rastrigin_20D,hgca_v67,24,1,5.0,2,pcu_ok
Rotated_Rastrigin_20D,hgca_v54,24,0,768.2,77187,hgca_cma_failed
Rotated_Rastrigin_20D,bipop,24,0,649.4,30026,
Rotated_Rastrigin_20D,nbipop,24,0,696.6,28001,
Rotated_Rastrigin_20D,hgca_v67,25,1,5.0,2,pcu_ok
Rotated_Rastrigin_20D,hgca_v54,25,0,798.5,77844,hgca_cma_failed
Rotated_Rastrigin_20D,bipop,25,0,676.2,30026,
Rotated_Rastrigin_20D,nbipop,25,0,659.1,28001,
Rotated_Rastrigin_20D,hgca_v67,26,1,4.0,2,pcu_ok
Rotated_Rastrigin_20D,hgca_v54,26,0,780.4,77515,hgca_cma_failed
Rotated_Rastrigin_20D,bipop,26,0,676.7,30026,
Rotated_Rastrigin_20D,nbipop,26,0,733.2,28109,
Rotated_Rastrigin_20D,hgca_v67,27,1,5.0,2,pcu_ok
Rotated_Rastrigin_20D,hgca_v54,27,0,780.1,77844,hgca_cma_failed
Rotated_Rastrigin_20D,bipop,27,0,644.8,30002,
Rotated_Rastrigin_20D,nbipop,27,0,675.6,27941,
Rotated_Rastrigin_20D,hgca_v67,28,1,5.0,2,pcu_ok
Rotated_Rastrigin_20D,hgca_v54,28,0,792.5,78173,hgca_cma_failed
Rotated_Rastrigin_20D,bipop,28,0,648.7,30026,
Rotated_Rastrigin_20D,nbipop,28,0,634.3,27965,
Rotated_Rastrigin_20D,hgca_v67,29,1,5.0,2,pcu_ok
Rotated_Rastrigin_20D,hgca_v54,29,0,759.7,77844,hgca_cma_failed
Rotated_Rastrigin_20D,bipop,29,0,631.5,30026,
Rotated_Rastrigin_20D,nbipop,29,0,645.0,27677,
Schaffer_F6_2D_XE,hgca_v67,0,0,450.0,40636,hgca_cma_failed
Schaffer_F6_2D_XE,hgca_v54,0,0,342.2,40636,hgca_cma_failed
Schaffer_F6_2D_XE,bipop,0,0,323.0,30009,
Schaffer_F6_2D_XE,nbipop,0,0,187.4,15702,
Schaffer_F6_2D_XE,hgca_v67,1,0,355.0,40969,hgca_cma_failed
Schaffer_F6_2D_XE,hgca_v54,1,0,354.4,40969,hgca_cma_failed
Schaffer_F6_2D_XE,bipop,1,0,333.1,30032,
Schaffer_F6_2D_XE,nbipop,1,0,237.0,19038,
Schaffer_F6_2D_XE,hgca_v67,2,0,331.0,42171,hgca_cma_failed
Schaffer_F6_2D_XE,hgca_v54,2,0,326.2,42171,hgca_cma_failed
Schaffer_F6_2D_XE,bipop,2,0,357.6,30131,
Schaffer_F6_2D_XE,nbipop,2,0,189.6,16434,
Schaffer_F6_2D_XE,hgca_v67,3,0,313.3,40970,hgca_cma_failed
Schaffer_F6_2D_XE,hgca_v54,3,0,323.4,40970,hgca_cma_failed
Schaffer_F6_2D_XE,bipop,3,0,383.5,30064,
Schaffer_F6_2D_XE,nbipop,3,0,265.0,21846,
Schaffer_F6_2D_XE,hgca_v67,4,0,346.6,42171,hgca_cma_failed
Schaffer_F6_2D_XE,hgca_v54,4,0,348.2,42171,hgca_cma_failed
Schaffer_F6_2D_XE,bipop,4,0,361.2,30157,
Schaffer_F6_2D_XE,nbipop,4,0,245.8,22639,
Schaffer_F6_2D_XE,hgca_v67,5,0,309.9,40672,hgca_cma_failed
Schaffer_F6_2D_XE,hgca_v54,5,0,305.0,40672,hgca_cma_failed
Schaffer_F6_2D_XE,bipop,5,0,412.5,30046,
Schaffer_F6_2D_XE,nbipop,5,0,233.5,20922,
Schaffer_F6_2D_XE,hgca_v67,6,0,323.2,40637,hgca_cma_failed
Schaffer_F6_2D_XE,hgca_v54,6,0,323.8,40637,hgca_cma_failed
Schaffer_F6_2D_XE,bipop,6,0,346.0,30484,
Schaffer_F6_2D_XE,nbipop,6,0,176.0,15126,
Schaffer_F6_2D_XE,hgca_v67,7,0,329.4,42503,hgca_cma_failed
Schaffer_F6_2D_XE,hgca_v54,7,0,319.0,42503,hgca_cma_failed
Schaffer_F6_2D_XE,bipop,7,0,365.1,30698,
Schaffer_F6_2D_XE,nbipop,7,0,250.9,22987,
Schaffer_F6_2D_XE,hgca_v67,8,0,345.9,41632,hgca_cma_failed
Schaffer_F6_2D_XE,hgca_v54,8,0,340.5,41632,hgca_cma_failed
Schaffer_F6_2D_XE,bipop,8,0,373.0,30023,
Schaffer_F6_2D_XE,nbipop,8,0,262.0,23154,
Schaffer_F6_2D_XE,hgca_v67,9,0,349.4,41632,hgca_cma_failed
Schaffer_F6_2D_XE,hgca_v54,9,0,374.8,41632,hgca_cma_failed
Schaffer_F6_2D_XE,bipop,9,0,339.2,30241,
Schaffer_F6_2D_XE,nbipop,9,0,270.1,23646,
Schaffer_F6_2D_XE,hgca_v67,10,1,296.6,40840,hgca_cma_refined
Schaffer_F6_2D_XE,hgca_v54,10,1,306.0,40840,hgca_cma_refined
Schaffer_F6_2D_XE,bipop,10,0,382.0,30087,
Schaffer_F6_2D_XE,nbipop,10,0,213.0,17454,
Schaffer_F6_2D_XE,hgca_v67,11,0,348.6,40968,hgca_cma_failed
Schaffer_F6_2D_XE,hgca_v54,11,0,344.7,40968,hgca_cma_failed
Schaffer_F6_2D_XE,bipop,11,0,410.7,30029,
Schaffer_F6_2D_XE,nbipop,11,0,248.0,22710,
Schaffer_F6_2D_XE,hgca_v67,12,0,333.0,40968,hgca_cma_failed
Schaffer_F6_2D_XE,hgca_v54,12,0,339.3,40968,hgca_cma_failed
Schaffer_F6_2D_XE,bipop,12,0,403.7,30019,
Schaffer_F6_2D_XE,nbipop,12,0,174.9,14826,
Schaffer_F6_2D_XE,hgca_v67,13,0,302.0,41509,hgca_cma_failed
Schaffer_F6_2D_XE,hgca_v54,13,0,302.5,41509,hgca_cma_failed
Schaffer_F6_2D_XE,bipop,13,0,366.1,30347,
Schaffer_F6_2D_XE,nbipop,13,0,243.0,21199,
Schaffer_F6_2D_XE,hgca_v67,14,1,329.1,41300,hgca_refined_f
Schaffer_F6_2D_XE,hgca_v54,14,1,317.8,41300,hgca_refined_f
Schaffer_F6_2D_XE,bipop,14,0,414.6,30178,
Schaffer_F6_2D_XE,nbipop,14,0,306.2,24690,
Schaffer_F6_2D_XE,hgca_v67,15,0,367.0,42834,hgca_cma_failed
Schaffer_F6_2D_XE,hgca_v54,15,0,367.1,42834,hgca_cma_failed
Schaffer_F6_2D_XE,bipop,15,0,396.0,30679,
Schaffer_F6_2D_XE,nbipop,15,0,261.0,22831,
Schaffer_F6_2D_XE,hgca_v67,16,0,360.1,41632,hgca_cma_failed
Schaffer_F6_2D_XE,hgca_v54,16,0,349.0,41632,hgca_cma_failed
Schaffer_F6_2D_XE,bipop,16,0,375.0,30275,
Schaffer_F6_2D_XE,nbipop,16,0,253.0,23395,
Schaffer_F6_2D_XE,hgca_v67,17,0,309.9,40636,hgca_cma_failed
Schaffer_F6_2D_XE,hgca_v54,17,0,312.5,40636,hgca_cma_failed
Schaffer_F6_2D_XE,bipop,17,0,374.0,30355,
Schaffer_F6_2D_XE,nbipop,17,0,208.3,17010,
Schaffer_F6_2D_XE,hgca_v67,18,0,313.6,40304,hgca_cma_failed
Schaffer_F6_2D_XE,hgca_v54,18,0,326.0,40304,hgca_cma_failed
Schaffer_F6_2D_XE,bipop,18,0,372.4,30128,
Schaffer_F6_2D_XE,nbipop,18,0,272.2,23802,
Schaffer_F6_2D_XE,hgca_v67,19,0,292.0,39976,hgca_cma_failed
Schaffer_F6_2D_XE,hgca_v54,19,0,286.1,39976,hgca_cma_failed
Schaffer_F6_2D_XE,bipop,19,0,394.6,30022,
Schaffer_F6_2D_XE,nbipop,19,0,253.0,21474,
Schaffer_F6_2D_XE,hgca_v67,20,1,342.0,41300,hgca_refined_f
Schaffer_F6_2D_XE,hgca_v54,20,1,342.0,41300,hgca_refined_f
Schaffer_F6_2D_XE,bipop,20,0,379.4,30014,
Schaffer_F6_2D_XE,nbipop,20,0,267.0,23034,
Schaffer_F6_2D_XE,hgca_v67,21,1,270.4,40841,hgca_cma_refined
Schaffer_F6_2D_XE,hgca_v54,21,1,266.0,40841,hgca_cma_refined
Schaffer_F6_2D_XE,bipop,21,0,333.2,30571,
Schaffer_F6_2D_XE,nbipop,21,0,245.0,22531,
Schaffer_F6_2D_XE,hgca_v67,22,0,340.4,40968,hgca_cma_failed
Schaffer_F6_2D_XE,hgca_v54,22,0,340.2,40968,hgca_cma_failed
Schaffer_F6_2D_XE,bipop,22,0,398.1,30014,
Schaffer_F6_2D_XE,nbipop,22,0,247.0,21450,
Schaffer_F6_2D_XE,hgca_v67,23,0,325.6,40304,hgca_cma_failed
Schaffer_F6_2D_XE,hgca_v54,23,0,276.0,40304,hgca_cma_failed
Schaffer_F6_2D_XE,bipop,23,0,378.2,30078,
Schaffer_F6_2D_XE,nbipop,23,0,272.3,23838,
Schaffer_F6_2D_XE,hgca_v67,24,1,261.7,39637,hgca_cma_refined
Schaffer_F6_2D_XE,hgca_v54,24,1,261.2,39637,hgca_cma_refined
Schaffer_F6_2D_XE,bipop,24,0,383.2,30045,
Schaffer_F6_2D_XE,nbipop,24,0,274.0,23754,
Schaffer_F6_2D_XE,hgca_v67,25,1,266.0,39637,hgca_cma_refined
Schaffer_F6_2D_XE,hgca_v54,25,1,273.7,39637,hgca_cma_refined
Schaffer_F6_2D_XE,bipop,25,0,376.0,30049,
Schaffer_F6_2D_XE,nbipop,25,0,275.1,23731,
Schaffer_F6_2D_XE,hgca_v67,26,0,283.0,39973,hgca_cma_failed
Schaffer_F6_2D_XE,hgca_v54,26,0,281.1,39973,hgca_cma_failed
Schaffer_F6_2D_XE,bipop,26,0,410.0,30043,
Schaffer_F6_2D_XE,nbipop,26,0,274.0,22614,
Schaffer_F6_2D_XE,hgca_v67,27,0,335.3,40969,hgca_cma_failed
Schaffer_F6_2D_XE,hgca_v54,27,0,342.9,40969,hgca_cma_failed
Schaffer_F6_2D_XE,bipop,27,0,368.1,30114,
Schaffer_F6_2D_XE,nbipop,27,0,262.0,22062,
Schaffer_F6_2D_XE,hgca_v67,28,0,339.0,42503,hgca_cma_failed
Schaffer_F6_2D_XE,hgca_v54,28,0,332.8,42503,hgca_cma_failed
Schaffer_F6_2D_XE,bipop,28,0,367.8,30038,
Schaffer_F6_2D_XE,nbipop,28,0,237.0,21187,
Schaffer_F6_2D_XE,hgca_v67,29,1,329.4,41300,hgca_refined_f
Schaffer_F6_2D_XE,hgca_v54,29,1,335.0,41300,hgca_refined_f
Schaffer_F6_2D_XE,bipop,29,0,413.2,30064,
Schaffer_F6_2D_XE,nbipop,29,0,246.0,21282,
Simulink_Linear_Loop,hgca_v67,0,1,0.0,4,direct_newton
Simulink_Linear_Loop,hgca_v54,0,1,0.0,4,direct_newton
Simulink_Linear_Loop,bipop,0,1,348.5,30093,
Simulink_Linear_Loop,nbipop,0,1,186.0,17214,
Simulink_Linear_Loop,hgca_v67,1,1,0.0,4,direct_newton
Simulink_Linear_Loop,hgca_v54,1,1,0.0,4,direct_newton
Simulink_Linear_Loop,bipop,1,1,357.6,30054,
Simulink_Linear_Loop,nbipop,1,1,178.0,17382,
Simulink_Linear_Loop,hgca_v67,2,1,0.0,3,direct_newton
Simulink_Linear_Loop,hgca_v54,2,1,0.0,3,direct_newton
Simulink_Linear_Loop,bipop,2,1,361.0,30056,
Simulink_Linear_Loop,nbipop,2,1,178.0,17238,
Simulink_Linear_Loop,hgca_v67,3,1,0.0,4,direct_newton
Simulink_Linear_Loop,hgca_v54,3,1,0.0,4,direct_newton
Simulink_Linear_Loop,bipop,3,1,319.1,30094,
Simulink_Linear_Loop,nbipop,3,1,181.9,17238,
Simulink_Linear_Loop,hgca_v67,4,1,0.0,4,direct_newton
Simulink_Linear_Loop,hgca_v54,4,1,1.0,4,direct_newton
Simulink_Linear_Loop,bipop,4,1,357.0,30017,
Simulink_Linear_Loop,nbipop,4,1,185.0,17238,
Simulink_Linear_Loop,hgca_v67,5,1,0.0,3,direct_newton
Simulink_Linear_Loop,hgca_v54,5,1,0.0,3,direct_newton
Simulink_Linear_Loop,bipop,5,1,349.8,30019,
Simulink_Linear_Loop,nbipop,5,1,185.0,17238,
Simulink_Linear_Loop,hgca_v67,6,1,0.0,3,direct_newton
Simulink_Linear_Loop,hgca_v54,6,1,0.0,3,direct_newton
Simulink_Linear_Loop,bipop,6,1,366.6,30076,
Simulink_Linear_Loop,nbipop,6,1,181.5,17190,
Simulink_Linear_Loop,hgca_v67,7,1,1.0,4,direct_newton
Simulink_Linear_Loop,hgca_v54,7,1,0.0,4,direct_newton
Simulink_Linear_Loop,bipop,7,1,353.2,30056,
Simulink_Linear_Loop,nbipop,7,1,180.0,17358,
Simulink_Linear_Loop,hgca_v67,8,1,1.0,3,direct_newton
Simulink_Linear_Loop,hgca_v54,8,1,0.0,3,direct_newton
Simulink_Linear_Loop,bipop,8,1,352.5,30192,
Simulink_Linear_Loop,nbipop,8,1,175.0,17238,
Simulink_Linear_Loop,hgca_v67,9,1,0.0,3,direct_newton
Simulink_Linear_Loop,hgca_v54,9,1,0.0,3,direct_newton
Simulink_Linear_Loop,bipop,9,1,336.6,30078,
Simulink_Linear_Loop,nbipop,9,1,182.8,17238,
Simulink_Linear_Loop,hgca_v67,10,1,0.0,4,direct_newton
Simulink_Linear_Loop,hgca_v54,10,1,0.0,4,direct_newton
Simulink_Linear_Loop,bipop,10,1,339.0,30163,
Simulink_Linear_Loop,nbipop,10,1,182.1,17190,
Simulink_Linear_Loop,hgca_v67,11,1,0.0,4,direct_newton
Simulink_Linear_Loop,hgca_v54,11,1,0.0,4,direct_newton
Simulink_Linear_Loop,bipop,11,1,343.0,30074,
Simulink_Linear_Loop,nbipop,11,1,187.0,17430,
Simulink_Linear_Loop,hgca_v67,12,1,0.0,3,direct_newton
Simulink_Linear_Loop,hgca_v54,12,1,0.0,3,direct_newton
Simulink_Linear_Loop,bipop,12,1,343.0,30166,
Simulink_Linear_Loop,nbipop,12,1,188.0,17238,
Simulink_Linear_Loop,hgca_v67,13,1,1.0,4,direct_newton
Simulink_Linear_Loop,hgca_v54,13,1,0.0,4,direct_newton
Simulink_Linear_Loop,bipop,13,1,342.1,30003,
Simulink_Linear_Loop,nbipop,13,1,177.9,17238,
Simulink_Linear_Loop,hgca_v67,14,1,0.0,3,direct_newton
Simulink_Linear_Loop,hgca_v54,14,1,0.0,3,direct_newton
Simulink_Linear_Loop,bipop,14,1,330.6,30120,
Simulink_Linear_Loop,nbipop,14,1,176.2,17238,
Simulink_Linear_Loop,hgca_v67,15,1,0.0,4,direct_newton
Simulink_Linear_Loop,hgca_v54,15,1,0.0,4,direct_newton
Simulink_Linear_Loop,bipop,15,1,356.4,30073,
Simulink_Linear_Loop,nbipop,15,1,185.1,17238,
Simulink_Linear_Loop,hgca_v67,16,1,0.0,3,direct_newton
Simulink_Linear_Loop,hgca_v54,16,1,1.0,3,direct_newton
Simulink_Linear_Loop,bipop,16,1,327.0,30003,
Simulink_Linear_Loop,nbipop,16,1,178.5,16470,
Simulink_Linear_Loop,hgca_v67,17,1,0.0,4,direct_newton
Simulink_Linear_Loop,hgca_v54,17,1,1.0,4,direct_newton
Simulink_Linear_Loop,bipop,17,1,327.0,30012,
Simulink_Linear_Loop,nbipop,17,1,182.0,17190,
Simulink_Linear_Loop,hgca_v67,18,1,1.0,4,direct_newton
Simulink_Linear_Loop,hgca_v54,18,1,0.0,4,direct_newton
Simulink_Linear_Loop,bipop,18,1,382.0,30137,
Simulink_Linear_Loop,nbipop,18,1,181.1,17238,
Simulink_Linear_Loop,hgca_v67,19,1,0.0,3,direct_newton
Simulink_Linear_Loop,hgca_v54,19,1,1.0,3,direct_newton
Simulink_Linear_Loop,bipop,19,1,350.9,30022,
Simulink_Linear_Loop,nbipop,19,1,178.1,17238,
Simulink_Linear_Loop,hgca_v67,20,1,0.0,3,direct_newton
Simulink_Linear_Loop,hgca_v54,20,1,0.0,3,direct_newton
Simulink_Linear_Loop,bipop,20,1,347.9,30224,
Simulink_Linear_Loop,nbipop,20,1,185.0,17382,
Simulink_Linear_Loop,hgca_v67,21,1,1.0,4,direct_newton
Simulink_Linear_Loop,hgca_v54,21,1,0.0,4,direct_newton
Simulink_Linear_Loop,bipop,21,1,360.0,30078,
Simulink_Linear_Loop,nbipop,21,1,186.0,17406,
Simulink_Linear_Loop,hgca_v67,22,1,1.0,4,direct_newton
Simulink_Linear_Loop,hgca_v54,22,1,0.0,4,direct_newton
Simulink_Linear_Loop,bipop,22,1,378.2,30061,
Simulink_Linear_Loop,nbipop,22,1,186.0,17238,
Simulink_Linear_Loop,hgca_v67,23,1,1.0,4,direct_newton
Simulink_Linear_Loop,hgca_v54,23,1,0.0,4,direct_newton
Simulink_Linear_Loop,bipop,23,1,339.6,30354,
Simulink_Linear_Loop,nbipop,23,1,186.0,17214,
Simulink_Linear_Loop,hgca_v67,24,1,0.0,4,direct_newton
Simulink_Linear_Loop,hgca_v54,24,1,0.0,4,direct_newton
Simulink_Linear_Loop,bipop,24,1,349.7,30098,
Simulink_Linear_Loop,nbipop,24,1,176.9,17214,
Simulink_Linear_Loop,hgca_v67,25,1,0.0,3,direct_newton
Simulink_Linear_Loop,hgca_v54,25,1,0.0,3,direct_newton
Simulink_Linear_Loop,bipop,25,1,347.6,30118,
Simulink_Linear_Loop,nbipop,25,1,179.5,17238,
Simulink_Linear_Loop,hgca_v67,26,1,0.0,3,direct_newton
Simulink_Linear_Loop,hgca_v54,26,1,1.0,3,direct_newton
Simulink_Linear_Loop,bipop,26,1,335.7,30171,
Simulink_Linear_Loop,nbipop,26,1,183.3,17190,
Simulink_Linear_Loop,hgca_v67,27,1,0.0,3,direct_newton
Simulink_Linear_Loop,hgca_v54,27,1,0.0,3,direct_newton
Simulink_Linear_Loop,bipop,27,1,335.5,30099,
Simulink_Linear_Loop,nbipop,27,1,185.0,17238,
Simulink_Linear_Loop,hgca_v67,28,1,1.0,4,direct_newton
Simulink_Linear_Loop,hgca_v54,28,1,0.0,4,direct_newton
Simulink_Linear_Loop,bipop,28,1,314.7,30041,
Simulink_Linear_Loop,nbipop,28,1,188.9,17238,
Simulink_Linear_Loop,hgca_v67,29,1,1.0,3,direct_newton
Simulink_Linear_Loop,hgca_v54,29,1,0.0,3,direct_newton
Simulink_Linear_Loop,bipop,29,1,337.9,30013,
Simulink_Linear_Loop,nbipop,29,1,182.7,17214,
Simulink_Nonlinear_Loop,hgca_v67,0,1,283.1,33326,hgca_cma_refined
Simulink_Nonlinear_Loop,hgca_v54,0,1,283.2,33326,hgca_cma_refined
Simulink_Nonlinear_Loop,bipop,0,0,363.2,30144,
Simulink_Nonlinear_Loop,nbipop,0,0,232.9,19374,
Simulink_Nonlinear_Loop,hgca_v67,1,1,245.6,26593,hgca_cma_refined
Simulink_Nonlinear_Loop,hgca_v54,1,1,245.0,26593,hgca_cma_refined
Simulink_Nonlinear_Loop,bipop,1,0,382.0,30106,
Simulink_Nonlinear_Loop,nbipop,1,0,249.0,19518,
Simulink_Nonlinear_Loop,hgca_v67,2,1,264.0,31354,hgca_cma_refined
Simulink_Nonlinear_Loop,hgca_v54,2,1,266.4,31354,hgca_cma_refined
Simulink_Nonlinear_Loop,bipop,2,0,397.1,30019,
Simulink_Nonlinear_Loop,nbipop,2,0,235.0,19494,
Simulink_Nonlinear_Loop,hgca_v67,3,1,275.2,31877,hgca_cma_refined
Simulink_Nonlinear_Loop,hgca_v54,3,1,274.0,31877,hgca_cma_refined
Simulink_Nonlinear_Loop,bipop,3,0,381.5,30015,
Simulink_Nonlinear_Loop,nbipop,3,0,242.1,19326,
Simulink_Nonlinear_Loop,hgca_v67,4,1,264.0,30242,hgca_cma_refined
Simulink_Nonlinear_Loop,hgca_v54,4,1,263.0,30242,hgca_cma_refined
Simulink_Nonlinear_Loop,bipop,4,0,423.8,30003,
Simulink_Nonlinear_Loop,nbipop,4,0,244.9,19518,
Simulink_Nonlinear_Loop,hgca_v67,5,1,297.2,32657,hgca_cma_refined
Simulink_Nonlinear_Loop,hgca_v54,5,1,284.3,32657,hgca_cma_refined
Simulink_Nonlinear_Loop,bipop,5,0,383.2,30133,
Simulink_Nonlinear_Loop,nbipop,5,0,235.0,19518,
Simulink_Nonlinear_Loop,hgca_v67,6,1,279.5,34999,hgca_cma_refined
Simulink_Nonlinear_Loop,hgca_v54,6,1,284.0,34999,hgca_cma_refined
Simulink_Nonlinear_Loop,bipop,6,0,394.0,30007,
Simulink_Nonlinear_Loop,nbipop,6,0,244.7,19518,
Simulink_Nonlinear_Loop,hgca_v67,7,1,275.4,31999,hgca_cma_refined
Simulink_Nonlinear_Loop,hgca_v54,7,1,271.0,31999,hgca_cma_refined
Simulink_Nonlinear_Loop,bipop,7,0,381.0,30051,
Simulink_Nonlinear_Loop,nbipop,7,0,233.0,19410,
Simulink_Nonlinear_Loop,hgca_v67,8,1,251.5,28581,hgca_cma_refined
Simulink_Nonlinear_Loop,hgca_v54,8,1,252.0,28581,hgca_cma_refined
Simulink_Nonlinear_Loop,bipop,8,0,364.0,30338,
Simulink_Nonlinear_Loop,nbipop,8,0,239.1,19242,
Simulink_Nonlinear_Loop,hgca_v67,9,1,255.0,28323,hgca_cma_refined
Simulink_Nonlinear_Loop,hgca_v54,9,1,257.4,28323,hgca_cma_refined
Simulink_Nonlinear_Loop,bipop,9,0,386.0,30039,
Simulink_Nonlinear_Loop,nbipop,9,0,238.0,19182,
Simulink_Nonlinear_Loop,hgca_v67,10,1,293.0,34142,hgca_cma_refined
Simulink_Nonlinear_Loop,hgca_v54,10,1,286.9,34142,hgca_cma_refined
Simulink_Nonlinear_Loop,bipop,10,0,389.8,30119,
Simulink_Nonlinear_Loop,nbipop,10,0,227.0,19086,
Simulink_Nonlinear_Loop,hgca_v67,11,1,285.1,34459,hgca_cma_refined
Simulink_Nonlinear_Loop,hgca_v54,11,1,286.0,34459,hgca_cma_refined
Simulink_Nonlinear_Loop,bipop,11,0,405.9,30020,
Simulink_Nonlinear_Loop,nbipop,11,0,243.1,19278,
Simulink_Nonlinear_Loop,hgca_v67,12,1,300.0,34382,hgca_cma_refined
Simulink_Nonlinear_Loop,hgca_v54,12,1,294.3,34382,hgca_cma_refined
Simulink_Nonlinear_Loop,bipop,12,0,393.5,30021,
Simulink_Nonlinear_Loop,nbipop,12,0,234.0,19422,
Simulink_Nonlinear_Loop,hgca_v67,13,1,273.0,31902,hgca_cma_refined
Simulink_Nonlinear_Loop,hgca_v54,13,1,270.0,31902,hgca_cma_refined
Simulink_Nonlinear_Loop,bipop,13,0,399.6,30285,
Simulink_Nonlinear_Loop,nbipop,13,0,238.1,19110,
Simulink_Nonlinear_Loop,hgca_v67,14,1,280.1,31861,hgca_cma_refined
Simulink_Nonlinear_Loop,hgca_v54,14,1,283.1,31861,hgca_cma_refined
Simulink_Nonlinear_Loop,bipop,14,0,381.0,30116,
Simulink_Nonlinear_Loop,nbipop,14,0,241.5,19482,
Simulink_Nonlinear_Loop,hgca_v67,15,1,292.0,33741,hgca_cma_refined
Simulink_Nonlinear_Loop,hgca_v54,15,1,288.3,33741,hgca_cma_refined
Simulink_Nonlinear_Loop,bipop,15,0,363.1,30187,
Simulink_Nonlinear_Loop,nbipop,15,0,234.4,19446,
Simulink_Nonlinear_Loop,hgca_v67,16,1,317.0,30203,hgca_cma_refined
Simulink_Nonlinear_Loop,hgca_v54,16,1,275.5,30203,hgca_cma_refined
Simulink_Nonlinear_Loop,bipop,16,0,448.0,30014,
Simulink_Nonlinear_Loop,nbipop,16,0,243.0,19374,
Simulink_Nonlinear_Loop,hgca_v67,17,1,267.0,31949,hgca_cma_refined
Simulink_Nonlinear_Loop,hgca_v54,17,1,268.0,31949,hgca_cma_refined
Simulink_Nonlinear_Loop,bipop,17,0,403.5,30014,
Simulink_Nonlinear_Loop,nbipop,17,0,234.1,19578,
Simulink_Nonlinear_Loop,hgca_v67,18,1,276.3,32523,hgca_cma_refined
Simulink_Nonlinear_Loop,hgca_v54,18,1,276.4,32523,hgca_cma_refined
Simulink_Nonlinear_Loop,bipop,18,0,412.4,30019,
Simulink_Nonlinear_Loop,nbipop,18,0,243.8,19470,
Simulink_Nonlinear_Loop,hgca_v67,19,1,267.4,31035,hgca_cma_refined
Simulink_Nonlinear_Loop,hgca_v54,19,1,268.3,31035,hgca_cma_refined
Simulink_Nonlinear_Loop,bipop,19,0,392.3,30089,
Simulink_Nonlinear_Loop,nbipop,19,0,255.0,19446,
Simulink_Nonlinear_Loop,hgca_v67,20,1,276.9,32009,hgca_cma_refined
Simulink_Nonlinear_Loop,hgca_v54,20,1,268.1,32009,hgca_cma_refined
Simulink_Nonlinear_Loop,bipop,20,0,384.8,30136,
Simulink_Nonlinear_Loop,nbipop,20,0,231.1,19542,
Simulink_Nonlinear_Loop,hgca_v67,21,1,283.4,33435,hgca_cma_refined
Simulink_Nonlinear_Loop,hgca_v54,21,1,285.9,33435,hgca_cma_refined
Simulink_Nonlinear_Loop,bipop,21,0,429.0,30020,
Simulink_Nonlinear_Loop,nbipop,21,0,239.6,19146,
Simulink_Nonlinear_Loop,hgca_v67,22,1,278.3,33799,hgca_cma_refined
Simulink_Nonlinear_Loop,hgca_v54,22,1,281.6,33799,hgca_cma_refined
Simulink_Nonlinear_Loop,bipop,22,0,419.2,30014,
Simulink_Nonlinear_Loop,nbipop,22,0,237.8,19494,
Simulink_Nonlinear_Loop,hgca_v67,23,1,294.9,33203,hgca_cma_refined
Simulink_Nonlinear_Loop,hgca_v54,23,1,279.9,33203,hgca_cma_refined
Simulink_Nonlinear_Loop,bipop,23,0,385.3,30024,
Simulink_Nonlinear_Loop,nbipop,23,0,237.2,19206,
Simulink_Nonlinear_Loop,hgca_v67,24,1,272.9,33056,hgca_cma_refined
Simulink_Nonlinear_Loop,hgca_v54,24,1,275.9,33056,hgca_cma_refined
Simulink_Nonlinear_Loop,bipop,24,0,396.2,30070,
Simulink_Nonlinear_Loop,nbipop,24,0,242.6,19518,
Simulink_Nonlinear_Loop,hgca_v67,25,1,243.6,25725,hgca_cma_refined
Simulink_Nonlinear_Loop,hgca_v54,25,1,239.5,25725,hgca_cma_refined
Simulink_Nonlinear_Loop,bipop,25,0,382.0,30024,
Simulink_Nonlinear_Loop,nbipop,25,0,232.2,19566,
Simulink_Nonlinear_Loop,hgca_v67,26,1,279.0,33758,hgca_cma_refined
Simulink_Nonlinear_Loop,hgca_v54,26,1,292.1,33758,hgca_cma_refined
Simulink_Nonlinear_Loop,bipop,26,0,421.0,30102,
Simulink_Nonlinear_Loop,nbipop,26,0,250.0,19518,
Simulink_Nonlinear_Loop,hgca_v67,27,1,285.0,31802,hgca_cma_refined
Simulink_Nonlinear_Loop,hgca_v54,27,1,285.0,31802,hgca_cma_refined
Simulink_Nonlinear_Loop,bipop,27,0,387.4,30070,
Simulink_Nonlinear_Loop,nbipop,27,0,243.0,19482,
Simulink_Nonlinear_Loop,hgca_v67,28,1,275.1,31327,hgca_cma_refined
Simulink_Nonlinear_Loop,hgca_v54,28,1,273.6,31327,hgca_cma_refined
Simulink_Nonlinear_Loop,bipop,28,0,391.5,30092,
Simulink_Nonlinear_Loop,nbipop,28,0,242.0,19398,
Simulink_Nonlinear_Loop,hgca_v67,29,1,279.0,32085,hgca_cma_refined
Simulink_Nonlinear_Loop,hgca_v54,29,1,284.0,32085,hgca_cma_refined
Simulink_Nonlinear_Loop,bipop,29,0,367.0,30049,
Simulink_Nonlinear_Loop,nbipop,29,0,241.4,19494,
Wood_4D,hgca_v67,0,1,64.0,8305,hgca_cma_refined
Wood_4D,hgca_v54,0,1,66.0,8305,hgca_cma_refined
Wood_4D,bipop,0,1,522.0,30017,
Wood_4D,nbipop,0,1,433.1,25782,
Wood_4D,hgca_v67,1,1,1.0,50,direct_newton
Wood_4D,hgca_v54,1,1,2.0,50,direct_newton
Wood_4D,bipop,1,1,494.9,30009,
Wood_4D,nbipop,1,1,406.0,25386,
Wood_4D,hgca_v67,2,1,1.0,48,direct_newton
Wood_4D,hgca_v54,2,1,2.0,48,direct_newton
Wood_4D,bipop,2,1,505.0,30119,
Wood_4D,nbipop,2,1,407.5,25422,
Wood_4D,hgca_v67,3,1,2.0,51,direct_newton
Wood_4D,hgca_v54,3,1,1.0,51,direct_newton
Wood_4D,bipop,3,1,522.7,30040,
Wood_4D,nbipop,3,1,411.2,25830,
Wood_4D,hgca_v67,4,1,27.4,0,homotopy_direct
Wood_4D,hgca_v54,4,1,25.0,0,homotopy_direct
Wood_4D,bipop,4,1,492.4,30153,
Wood_4D,nbipop,4,1,418.9,25998,
Wood_4D,hgca_v67,5,1,78.0,8298,hgca_cma_refined
Wood_4D,hgca_v54,5,1,80.0,8298,hgca_cma_refined
Wood_4D,bipop,5,1,489.4,30129,
Wood_4D,nbipop,5,1,414.7,25458,
Wood_4D,hgca_v67,6,1,66.0,8297,hgca_cma_refined
Wood_4D,hgca_v54,6,1,65.0,8297,hgca_cma_refined
Wood_4D,bipop,6,1,491.2,30057,
Wood_4D,nbipop,6,1,413.8,25554,
Wood_4D,hgca_v67,7,1,99.0,8296,hgca_cma_refined
Wood_4D,hgca_v54,7,1,97.2,8296,hgca_cma_refined
Wood_4D,bipop,7,1,482.3,30029,
Wood_4D,nbipop,7,1,420.5,25590,
Wood_4D,hgca_v67,8,1,73.0,8298,hgca_cma_refined
Wood_4D,hgca_v54,8,1,73.0,8298,hgca_cma_refined
Wood_4D,bipop,8,1,482.0,30108,
Wood_4D,nbipop,8,1,441.1,25974,
Wood_4D,hgca_v67,9,1,72.0,8298,hgca_cma_refined
Wood_4D,hgca_v54,9,1,71.0,8298,hgca_cma_refined
Wood_4D,bipop,9,1,511.4,30172,
Wood_4D,nbipop,9,1,399.6,24966,
Wood_4D,hgca_v67,10,1,69.1,8301,hgca_cma_refined
Wood_4D,hgca_v54,10,1,68.1,8301,hgca_cma_refined
Wood_4D,bipop,10,1,512.7,30183,
Wood_4D,nbipop,10,1,423.7,25422,
Wood_4D,hgca_v67,11,1,66.5,8305,hgca_cma_refined
Wood_4D,hgca_v54,11,1,65.9,8305,hgca_cma_refined
Wood_4D,bipop,11,1,541.2,30186,
Wood_4D,nbipop,11,1,437.6,26046,
Wood_4D,hgca_v67,12,1,87.0,8302,hgca_cma_refined
Wood_4D,hgca_v54,12,1,85.0,8302,hgca_cma_refined
Wood_4D,bipop,12,1,502.9,30020,
Wood_4D,nbipop,12,1,365.7,24834,
Wood_4D,hgca_v67,13,1,90.8,8310,hgca_cma_refined
Wood_4D,hgca_v54,13,1,93.0,8310,hgca_cma_refined
Wood_4D,bipop,13,1,535.0,30129,
Wood_4D,nbipop,13,1,400.9,24930,
Wood_4D,hgca_v67,14,1,94.0,8304,hgca_cma_refined
Wood_4D,hgca_v54,14,1,94.0,8304,hgca_cma_refined
Wood_4D,bipop,14,1,531.3,30105,
Wood_4D,nbipop,14,1,439.0,25650,
Wood_4D,hgca_v67,15,1,77.0,8303,hgca_cma_refined
Wood_4D,hgca_v54,15,1,80.0,8303,hgca_cma_refined
Wood_4D,bipop,15,1,518.1,30192,
Wood_4D,nbipop,15,1,460.0,26118,
Wood_4D,hgca_v67,16,1,89.0,8301,hgca_cma_refined
Wood_4D,hgca_v54,16,1,90.0,8301,hgca_cma_refined
Wood_4D,bipop,16,1,520.0,30015,
Wood_4D,nbipop,16,1,409.8,25218,
Wood_4D,hgca_v67,17,1,2.0,49,direct_newton
Wood_4D,hgca_v54,17,1,2.0,49,direct_newton
Wood_4D,bipop,17,1,534.5,30020,
Wood_4D,nbipop,17,1,463.1,26790,
Wood_4D,hgca_v67,18,1,68.0,8305,hgca_cma_refined
Wood_4D,hgca_v54,18,1,71.1,8305,hgca_cma_refined
Wood_4D,bipop,18,1,502.0,30083,
Wood_4D,nbipop,18,1,428.1,26022,
Wood_4D,hgca_v67,19,1,1.0,50,direct_newton
Wood_4D,hgca_v54,19,1,2.0,50,direct_newton
Wood_4D,bipop,19,1,518.3,30093,
Wood_4D,nbipop,19,1,401.0,24834,
Wood_4D,hgca_v67,20,1,2.0,49,direct_newton
Wood_4D,hgca_v54,20,1,1.0,49,direct_newton
Wood_4D,bipop,20,1,574.0,30081,
Wood_4D,nbipop,20,1,413.9,25506,
Wood_4D,hgca_v67,21,1,2.0,53,direct_newton
Wood_4D,hgca_v54,21,1,2.0,53,direct_newton
Wood_4D,bipop,21,1,474.0,30020,
Wood_4D,nbipop,21,1,419.6,26502,
Wood_4D,hgca_v67,22,1,79.0,8302,hgca_cma_refined
Wood_4D,hgca_v54,22,1,74.0,8302,hgca_cma_refined
Wood_4D,bipop,22,1,464.2,30085,
Wood_4D,nbipop,22,1,414.4,25494,
Wood_4D,hgca_v67,23,1,39.0,0,homotopy_direct
Wood_4D,hgca_v54,23,1,34.0,0,homotopy_direct
Wood_4D,bipop,23,1,480.8,30136,
Wood_4D,nbipop,23,1,397.0,24954,
Wood_4D,hgca_v67,24,1,78.0,8299,hgca_cma_refined
Wood_4D,hgca_v54,24,1,81.0,8299,hgca_cma_refined
Wood_4D,bipop,24,1,482.5,30040,
Wood_4D,nbipop,24,1,409.9,25590,
Wood_4D,hgca_v67,25,1,1.0,52,direct_newton
Wood_4D,hgca_v54,25,1,2.0,52,direct_newton
Wood_4D,bipop,25,1,560.0,30013,
Wood_4D,nbipop,25,1,430.1,25674,
Wood_4D,hgca_v67,26,1,24.0,0,homotopy_direct
Wood_4D,hgca_v54,26,1,26.0,0,homotopy_direct
Wood_4D,bipop,26,1,500.8,30032,
Wood_4D,nbipop,26,1,410.0,26070,
Wood_4D,hgca_v67,27,1,70.0,8295,hgca_cma_refined
Wood_4D,hgca_v54,27,1,76.4,8295,hgca_cma_refined
Wood_4D,bipop,27,1,526.3,30167,
Wood_4D,nbipop,27,1,420.0,25686,
Wood_4D,hgca_v67,28,1,2.0,51,direct_newton
Wood_4D,hgca_v54,28,1,1.0,51,direct_newton
Wood_4D,bipop,28,1,526.2,30002,
Wood_4D,nbipop,28,1,412.2,25302,
Wood_4D,hgca_v67,29,1,85.0,7544,hgca_cma_refined
Wood_4D,hgca_v54,29,1,84.5,7544,hgca_cma_refined
Wood_4D,bipop,29,1,475.0,30057,
Wood_4D,nbipop,29,1,379.0,25086,
Wood_4D_C,hgca_v67,0,1,2.0,64,direct_newton
Wood_4D_C,hgca_v54,0,1,2.0,64,direct_newton
Wood_4D_C,bipop,0,1,529.1,30021,
Wood_4D_C,nbipop,0,1,434.7,26382,
Wood_4D_C,hgca_v67,1,1,2.0,62,direct_newton
Wood_4D_C,hgca_v54,1,1,2.0,62,direct_newton
Wood_4D_C,bipop,1,1,521.6,30030,
Wood_4D_C,nbipop,1,1,458.7,26442,
Wood_4D_C,hgca_v67,2,1,1.6,55,direct_newton
Wood_4D_C,hgca_v54,2,1,2.0,55,direct_newton
Wood_4D_C,bipop,2,1,539.9,30005,
Wood_4D_C,nbipop,2,1,451.6,26310,
Wood_4D_C,hgca_v67,3,1,18.0,0,homotopy_direct
Wood_4D_C,hgca_v54,3,1,17.0,0,homotopy_direct
Wood_4D_C,bipop,3,1,516.8,30190,
Wood_4D_C,nbipop,3,1,415.8,26046,
Wood_4D_C,hgca_v67,4,1,1.0,60,direct_newton
Wood_4D_C,hgca_v54,4,1,2.0,60,direct_newton
Wood_4D_C,bipop,4,1,532.6,30036,
Wood_4D_C,nbipop,4,1,465.5,26490,
Wood_4D_C,hgca_v67,5,1,1.0,55,direct_newton
Wood_4D_C,hgca_v54,5,1,2.0,55,direct_newton
Wood_4D_C,bipop,5,1,503.2,30185,
Wood_4D_C,nbipop,5,1,432.0,26478,
Wood_4D_C,hgca_v67,6,1,2.5,57,direct_newton
Wood_4D_C,hgca_v54,6,1,1.0,57,direct_newton
Wood_4D_C,bipop,6,1,499.4,30028,
Wood_4D_C,nbipop,6,1,428.1,25890,
Wood_4D_C,hgca_v67,7,1,78.7,6820,hgca_cma_refined
Wood_4D_C,hgca_v54,7,1,80.0,6820,hgca_cma_refined
Wood_4D_C,bipop,7,1,491.7,30117,
Wood_4D_C,nbipop,7,1,433.4,26670,
Wood_4D_C,hgca_v67,8,1,77.0,6814,hgca_cma_refined
Wood_4D_C,hgca_v54,8,1,81.5,6814,hgca_cma_refined
Wood_4D_C,bipop,8,1,544.0,30009,
Wood_4D_C,nbipop,8,1,445.4,26550,
Wood_4D_C,hgca_v67,9,1,2.0,59,direct_newton
Wood_4D_C,hgca_v54,9,1,2.0,59,direct_newton
Wood_4D_C,bipop,9,1,507.5,30049,
Wood_4D_C,nbipop,9,1,452.6,26238,
Wood_4D_C,hgca_v67,10,1,71.0,6804,hgca_cma_refined
Wood_4D_C,hgca_v54,10,1,69.0,6804,hgca_cma_refined
Wood_4D_C,bipop,10,1,565.0,30012,
Wood_4D_C,nbipop,10,1,419.0,25614,
Wood_4D_C,hgca_v67,11,1,6.0,0,homotopy_direct
Wood_4D_C,hgca_v54,11,1,4.0,0,homotopy_direct
Wood_4D_C,bipop,11,1,519.6,30165,
Wood_4D_C,nbipop,11,1,428.4,26394,
Wood_4D_C,hgca_v67,12,1,75.0,6812,hgca_cma_refined
Wood_4D_C,hgca_v54,12,1,75.0,6812,hgca_cma_refined
Wood_4D_C,bipop,12,1,532.9,30015,
Wood_4D_C,nbipop,12,1,420.5,26034,
Wood_4D_C,hgca_v67,13,1,70.1,6805,hgca_cma_refined
Wood_4D_C,hgca_v54,13,1,66.0,6805,hgca_cma_refined
Wood_4D_C,bipop,13,1,519.4,30027,
Wood_4D_C,nbipop,13,1,452.0,26406,
Wood_4D_C,hgca_v67,14,1,2.0,61,direct_newton
Wood_4D_C,hgca_v54,14,1,2.0,61,direct_newton
Wood_4D_C,bipop,14,1,531.7,30017,
Wood_4D_C,nbipop,14,1,420.0,25686,
Wood_4D_C,hgca_v67,15,1,1.0,54,direct_newton
Wood_4D_C,hgca_v54,15,1,2.0,54,direct_newton
Wood_4D_C,bipop,15,1,504.8,30058,
Wood_4D_C,nbipop,15,1,425.9,25446,
Wood_4D_C,hgca_v67,16,1,2.0,60,direct_newton
Wood_4D_C,hgca_v54,16,1,2.0,60,direct_newton
Wood_4D_C,bipop,16,1,511.0,30040,
Wood_4D_C,nbipop,16,1,445.9,26646,
Wood_4D_C,hgca_v67,17,1,2.0,56,direct_newton
Wood_4D_C,hgca_v54,17,1,2.0,56,direct_newton
Wood_4D_C,bipop,17,1,539.0,30012,
Wood_4D_C,nbipop,17,1,439.1,26790,
Wood_4D_C,hgca_v67,18,1,76.0,6803,hgca_cma_refined
Wood_4D_C,hgca_v54,18,1,76.0,6803,hgca_cma_refined
Wood_4D_C,bipop,18,1,529.7,30019,
Wood_4D_C,nbipop,18,1,466.9,27198,
Wood_4D_C,hgca_v67,19,1,2.0,55,direct_newton
Wood_4D_C,hgca_v54,19,1,1.0,55,direct_newton
Wood_4D_C,bipop,19,1,475.4,30062,
Wood_4D_C,nbipop,19,1,451.0,26586,
Wood_4D_C,hgca_v67,20,1,2.0,59,direct_newton
Wood_4D_C,hgca_v54,20,1,2.0,59,direct_newton
Wood_4D_C,bipop,20,1,490.0,30063,
Wood_4D_C,nbipop,20,1,394.4,25170,
Wood_4D_C,hgca_v67,21,1,32.0,0,homotopy_direct
Wood_4D_C,hgca_v54,21,1,33.0,0,homotopy_direct
Wood_4D_C,bipop,21,1,497.0,30156,
Wood_4D_C,nbipop,21,1,439.5,25890,
Wood_4D_C,hgca_v67,22,1,2.0,59,direct_newton
Wood_4D_C,hgca_v54,22,1,2.0,59,direct_newton
Wood_4D_C,bipop,22,1,474.0,30045,
Wood_4D_C,nbipop,22,1,420.0,25614,
Wood_4D_C,hgca_v67,23,1,2.0,66,direct_newton
Wood_4D_C,hgca_v54,23,1,3.0,66,direct_newton
Wood_4D_C,bipop,23,1,521.6,30014,
Wood_4D_C,nbipop,23,1,424.8,26706,
Wood_4D_C,hgca_v67,24,1,2.0,60,direct_newton
Wood_4D_C,hgca_v54,24,1,2.0,60,direct_newton
Wood_4D_C,bipop,24,1,494.0,30007,
Wood_4D_C,nbipop,24,1,429.0,26238,
Wood_4D_C,hgca_v67,25,1,2.0,61,direct_newton
Wood_4D_C,hgca_v54,25,1,2.0,61,direct_newton
Wood_4D_C,bipop,25,1,552.0,30038,
Wood_4D_C,nbipop,25,1,462.0,26070,
Wood_4D_C,hgca_v67,26,1,2.0,62,direct_newton
Wood_4D_C,hgca_v54,26,1,2.0,62,direct_newton
Wood_4D_C,bipop,26,1,545.8,30139,
Wood_4D_C,nbipop,26,1,432.9,26730,
Wood_4D_C,hgca_v67,27,1,66.0,6808,hgca_cma_refined
Wood_4D_C,hgca_v54,27,1,68.0,6808,hgca_cma_refined
Wood_4D_C,bipop,27,1,496.8,30111,
Wood_4D_C,nbipop,27,1,449.1,26598,
Wood_4D_C,hgca_v67,28,1,1.9,58,direct_newton
Wood_4D_C,hgca_v54,28,1,2.0,58,direct_newton
Wood_4D_C,bipop,28,1,518.4,30017,
Wood_4D_C,nbipop,28,1,453.1,26526,
Wood_4D_C,hgca_v67,29,1,2.0,60,direct_newton
Wood_4D_C,hgca_v54,29,1,3.0,60,direct_newton
Wood_4D_C,bipop,29,1,520.6,30147,
Wood_4D_C,nbipop,29,1,440.3,25602,
Wood_4D_E,hgca_v67,0,1,26.0,0,homotopy_direct
Wood_4D_E,hgca_v54,0,1,26.0,0,homotopy_direct
Wood_4D_E,bipop,0,1,502.6,30012,
Wood_4D_E,nbipop,0,1,449.6,26070,
Wood_4D_E,hgca_v67,1,1,3.0,65,direct_newton
Wood_4D_E,hgca_v54,1,1,2.0,65,direct_newton
Wood_4D_E,bipop,1,1,517.2,30044,
Wood_4D_E,nbipop,1,1,434.7,25950,
Wood_4D_E,hgca_v67,2,1,3.0,55,direct_newton
Wood_4D_E,hgca_v54,2,1,2.0,55,direct_newton
Wood_4D_E,bipop,2,1,514.9,30049,
Wood_4D_E,nbipop,2,1,445.9,26526,
Wood_4D_E,hgca_v67,3,1,26.0,0,homotopy_direct
Wood_4D_E,hgca_v54,3,1,26.3,0,homotopy_direct
Wood_4D_E,bipop,3,1,450.9,30184,
Wood_4D_E,nbipop,3,1,443.0,26850,
Wood_4D_E,hgca_v67,4,1,2.0,57,direct_newton
Wood_4D_E,hgca_v54,4,1,2.0,57,direct_newton
Wood_4D_E,bipop,4,1,525.0,30047,
Wood_4D_E,nbipop,4,1,414.4,25494,
Wood_4D_E,hgca_v67,5,1,2.0,53,direct_newton
Wood_4D_E,hgca_v54,5,1,2.0,53,direct_newton
Wood_4D_E,bipop,5,1,528.0,30018,
Wood_4D_E,nbipop,5,1,464.6,26622,
Wood_4D_E,hgca_v67,6,1,2.0,56,direct_newton
Wood_4D_E,hgca_v54,6,1,2.0,56,direct_newton
Wood_4D_E,bipop,6,1,513.0,30054,
Wood_4D_E,nbipop,6,1,421.0,25890,
Wood_4D_E,hgca_v67,7,1,69.1,6049,hgca_cma_refined
Wood_4D_E,hgca_v54,7,1,71.1,6049,hgca_cma_refined
Wood_4D_E,bipop,7,1,529.6,30024,
Wood_4D_E,nbipop,7,1,436.0,26166,
Wood_4D_E,hgca_v67,8,1,13.0,0,homotopy_direct
Wood_4D_E,hgca_v54,8,1,12.0,0,homotopy_direct
Wood_4D_E,bipop,8,1,553.0,30011,
Wood_4D_E,nbipop,8,1,420.9,25998,
Wood_4D_E,hgca_v67,9,1,2.0,57,direct_newton
Wood_4D_E,hgca_v54,9,1,2.0,57,direct_newton
Wood_4D_E,bipop,9,1,491.0,30034,
Wood_4D_E,nbipop,9,1,419.0,25686,
Wood_4D_E,hgca_v67,10,1,2.0,59,direct_newton
Wood_4D_E,hgca_v54,10,1,2.0,59,direct_newton
Wood_4D_E,bipop,10,1,512.8,30042,
Wood_4D_E,nbipop,10,1,448.0,26070,
Wood_4D_E,hgca_v67,11,1,2.0,59,direct_newton
Wood_4D_E,hgca_v54,11,1,2.0,59,direct_newton
Wood_4D_E,bipop,11,1,500.3,30060,
Wood_4D_E,nbipop,11,1,418.6,25422,
Wood_4D_E,hgca_v67,12,1,2.0,59,direct_newton
Wood_4D_E,hgca_v54,12,1,2.0,59,direct_newton
Wood_4D_E,bipop,12,1,509.5,30055,
Wood_4D_E,nbipop,12,1,407.5,25446,
Wood_4D_E,hgca_v67,13,1,2.0,63,direct_newton
Wood_4D_E,hgca_v54,13,1,2.0,63,direct_newton
Wood_4D_E,bipop,13,1,518.8,30065,
Wood_4D_E,nbipop,13,1,459.0,25902,
Wood_4D_E,hgca_v67,14,1,2.0,65,direct_newton
Wood_4D_E,hgca_v54,14,1,3.0,65,direct_newton
Wood_4D_E,bipop,14,1,526.6,30004,
Wood_4D_E,nbipop,14,1,433.3,26178,
Wood_4D_E,hgca_v67,15,1,2.0,59,direct_newton
Wood_4D_E,hgca_v54,15,1,2.0,59,direct_newton
Wood_4D_E,bipop,15,1,523.9,30071,
Wood_4D_E,nbipop,15,1,444.8,26610,
Wood_4D_E,hgca_v67,16,1,2.0,59,direct_newton
Wood_4D_E,hgca_v54,16,1,2.0,59,direct_newton
Wood_4D_E,bipop,16,1,493.0,30013,
Wood_4D_E,nbipop,16,1,411.0,25002,
Wood_4D_E,hgca_v67,17,1,2.1,59,direct_newton
Wood_4D_E,hgca_v54,17,1,2.0,59,direct_newton
Wood_4D_E,bipop,17,1,507.4,30016,
Wood_4D_E,nbipop,17,1,431.9,26646,
Wood_4D_E,hgca_v67,18,1,2.0,53,direct_newton
Wood_4D_E,hgca_v54,18,1,2.0,53,direct_newton
Wood_4D_E,bipop,18,1,528.0,30075,
Wood_4D_E,nbipop,18,1,418.2,26538,
Wood_4D_E,hgca_v67,19,1,1.0,56,direct_newton
Wood_4D_E,hgca_v54,19,1,2.0,56,direct_newton
Wood_4D_E,bipop,19,1,511.6,30009,
Wood_4D_E,nbipop,19,1,434.5,26286,
Wood_4D_E,hgca_v67,20,1,2.0,59,direct_newton
Wood_4D_E,hgca_v54,20,1,2.0,59,direct_newton
Wood_4D_E,bipop,20,1,524.5,30071,
Wood_4D_E,nbipop,20,1,477.1,27198,
Wood_4D_E,hgca_v67,21,1,34.0,0,homotopy_direct
Wood_4D_E,hgca_v54,21,1,32.6,0,homotopy_direct
Wood_4D_E,bipop,21,1,492.1,30170,
Wood_4D_E,nbipop,21,1,403.6,25362,
Wood_4D_E,hgca_v67,22,1,2.0,57,direct_newton
Wood_4D_E,hgca_v54,22,1,2.0,57,direct_newton
Wood_4D_E,bipop,22,1,503.8,30037,
Wood_4D_E,nbipop,22,1,436.3,26670,
Wood_4D_E,hgca_v67,23,1,3.0,62,direct_newton
Wood_4D_E,hgca_v54,23,1,2.0,62,direct_newton
Wood_4D_E,bipop,23,1,531.4,30073,
Wood_4D_E,nbipop,23,1,438.0,26382,
Wood_4D_E,hgca_v67,24,1,2.0,58,direct_newton
Wood_4D_E,hgca_v54,24,1,2.0,58,direct_newton
Wood_4D_E,bipop,24,1,529.6,30030,
Wood_4D_E,nbipop,24,1,429.8,26046,
Wood_4D_E,hgca_v67,25,1,2.0,59,direct_newton
Wood_4D_E,hgca_v54,25,1,2.0,59,direct_newton
Wood_4D_E,bipop,25,1,536.0,30011,
Wood_4D_E,nbipop,25,1,451.5,25590,
Wood_4D_E,hgca_v67,26,1,2.0,55,direct_newton
Wood_4D_E,hgca_v54,26,1,2.0,55,direct_newton
Wood_4D_E,bipop,26,1,531.4,30078,
Wood_4D_E,nbipop,26,1,434.0,25782,
Wood_4D_E,hgca_v67,27,1,12.0,0,homotopy_direct
Wood_4D_E,hgca_v54,27,1,11.0,0,homotopy_direct
Wood_4D_E,bipop,27,1,526.5,30006,
Wood_4D_E,nbipop,27,1,432.3,26346,
Wood_4D_E,hgca_v67,28,1,49.0,6071,hgca_cma_refined
Wood_4D_E,hgca_v54,28,1,50.0,6071,hgca_cma_refined
Wood_4D_E,bipop,28,1,485.5,30038,
Wood_4D_E,nbipop,28,1,434.2,26154,
Wood_4D_E,hgca_v67,29,1,2.0,56,direct_newton
Wood_4D_E,hgca_v54,29,1,2.0,56,direct_newton
Wood_4D_E,bipop,29,1,525.5,30018,
Wood_4D_E,nbipop,29,1,419.1,25746,
Wood_4D_H,hgca_v67,0,1,83.8,7562,hgca_cma_refined
Wood_4D_H,hgca_v54,0,1,81.0,7562,hgca_cma_refined
Wood_4D_H,bipop,0,1,533.0,30010,
Wood_4D_H,nbipop,0,1,430.0,26070,
Wood_4D_H,hgca_v67,1,1,2.0,59,direct_newton
Wood_4D_H,hgca_v54,1,1,2.0,59,direct_newton
Wood_4D_H,bipop,1,1,483.5,30095,
Wood_4D_H,nbipop,1,1,428.0,25590,
Wood_4D_H,hgca_v67,2,1,77.1,7552,hgca_cma_refined
Wood_4D_H,hgca_v54,2,1,74.4,7552,hgca_cma_refined
Wood_4D_H,bipop,2,1,554.0,30143,
Wood_4D_H,nbipop,2,1,463.0,25878,
Wood_4D_H,hgca_v67,3,1,84.0,7556,hgca_cma_refined
Wood_4D_H,hgca_v54,3,1,65.0,7556,hgca_cma_refined
Wood_4D_H,bipop,3,1,530.5,30031,
Wood_4D_H,nbipop,3,1,401.9,25410,
Wood_4D_H,hgca_v67,4,1,2.0,50,direct_newton
Wood_4D_H,hgca_v54,4,1,1.0,50,direct_newton
Wood_4D_H,bipop,4,1,475.1,30008,
Wood_4D_H,nbipop,4,1,416.1,25818,
Wood_4D_H,hgca_v67,5,1,73.0,7557,hgca_cma_refined
Wood_4D_H,hgca_v54,5,1,72.0,7557,hgca_cma_refined
Wood_4D_H,bipop,5,1,548.9,30024,
Wood_4D_H,nbipop,5,1,395.1,24846,
Wood_4D_H,hgca_v67,6,1,2.0,57,direct_newton
Wood_4D_H,hgca_v54,6,1,2.0,57,direct_newton
Wood_4D_H,bipop,6,1,537.5,30004,
Wood_4D_H,nbipop,6,1,414.8,26094,
Wood_4D_H,hgca_v67,7,1,2.0,57,direct_newton
Wood_4D_H,hgca_v54,7,1,2.0,57,direct_newton
Wood_4D_H,bipop,7,1,494.6,30026,
Wood_4D_H,nbipop,7,1,407.2,25218,
Wood_4D_H,hgca_v67,8,1,2.0,55,direct_newton
Wood_4D_H,hgca_v54,8,1,1.0,55,direct_newton
Wood_4D_H,bipop,8,1,497.8,30156,
Wood_4D_H,nbipop,8,1,410.8,25566,
Wood_4D_H,hgca_v67,9,1,2.0,62,direct_newton
Wood_4D_H,hgca_v54,9,1,2.0,62,direct_newton
Wood_4D_H,bipop,9,1,515.0,30149,
Wood_4D_H,nbipop,9,1,406.0,25062,
Wood_4D_H,hgca_v67,10,1,1.9,52,direct_newton
Wood_4D_H,hgca_v54,10,1,1.0,52,direct_newton
Wood_4D_H,bipop,10,1,495.6,30037,
Wood_4D_H,nbipop,10,1,406.9,25614,
Wood_4D_H,hgca_v67,11,1,2.0,54,direct_newton
Wood_4D_H,hgca_v54,11,1,1.0,54,direct_newton
Wood_4D_H,bipop,11,1,528.7,30128,
Wood_4D_H,nbipop,11,1,440.4,25950,
Wood_4D_H,hgca_v67,12,1,26.3,0,homotopy_direct
Wood_4D_H,hgca_v54,12,1,32.3,0,homotopy_direct
Wood_4D_H,bipop,12,1,487.1,30160,
Wood_4D_H,nbipop,12,1,419.0,25674,
Wood_4D_H,hgca_v67,13,1,1.0,51,direct_newton
Wood_4D_H,hgca_v54,13,1,2.0,51,direct_newton
Wood_4D_H,bipop,13,1,484.0,30034,
Wood_4D_H,nbipop,13,1,420.8,25758,
Wood_4D_H,hgca_v67,14,1,2.1,50,direct_newton
Wood_4D_H,hgca_v54,14,1,1.0,50,direct_newton
Wood_4D_H,bipop,14,1,500.9,30023,
Wood_4D_H,nbipop,14,1,430.1,25626,
Wood_4D_H,hgca_v67,15,1,75.0,7550,hgca_cma_refined
Wood_4D_H,hgca_v54,15,1,75.0,7550,hgca_cma_refined
Wood_4D_H,bipop,15,1,519.4,30185,
Wood_4D_H,nbipop,15,1,423.1,25494,
Wood_4D_H,hgca_v67,16,1,68.0,7573,hgca_cma_refined
Wood_4D_H,hgca_v54,16,1,66.0,7573,hgca_cma_refined
Wood_4D_H,bipop,16,1,511.0,30017,
Wood_4D_H,nbipop,16,1,437.0,26802,
Wood_4D_H,hgca_v67,17,1,2.1,51,direct_newton
Wood_4D_H,hgca_v54,17,1,1.9,51,direct_newton
Wood_4D_H,bipop,17,1,516.9,30029,
Wood_4D_H,nbipop,17,1,465.1,25722,
Wood_4D_H,hgca_v67,18,1,1.0,52,direct_newton
Wood_4D_H,hgca_v54,18,1,2.0,52,direct_newton
Wood_4D_H,bipop,18,1,558.9,30017,
Wood_4D_H,nbipop,18,1,429.6,25470,
Wood_4D_H,hgca_v67,19,1,2.0,55,direct_newton
Wood_4D_H,hgca_v54,19,1,2.0,55,direct_newton
Wood_4D_H,bipop,19,1,512.1,30007,
Wood_4D_H,nbipop,19,1,383.1,24990,
Wood_4D_H,hgca_v67,20,1,2.0,51,direct_newton
Wood_4D_H,hgca_v54,20,1,1.0,51,direct_newton
Wood_4D_H,bipop,20,1,537.8,30076,
Wood_4D_H,nbipop,20,1,454.1,26670,
Wood_4D_H,hgca_v67,21,1,26.0,0,homotopy_direct
Wood_4D_H,hgca_v54,21,1,26.0,0,homotopy_direct
Wood_4D_H,bipop,21,1,521.1,30009,
Wood_4D_H,nbipop,21,1,476.5,26286,
Wood_4D_H,hgca_v67,22,1,12.5,0,homotopy_direct
Wood_4D_H,hgca_v54,22,1,14.0,0,homotopy_direct
Wood_4D_H,bipop,22,1,523.7,30007,
Wood_4D_H,nbipop,22,1,423.5,25422,
Wood_4D_H,hgca_v67,23,1,2.0,52,direct_newton
Wood_4D_H,hgca_v54,23,1,2.0,52,direct_newton
Wood_4D_H,bipop,23,1,516.9,30027,
Wood_4D_H,nbipop,23,1,409.7,25470,
Wood_4D_H,hgca_v67,24,1,97.0,7573,hgca_cma_refined
Wood_4D_H,hgca_v54,24,1,101.0,7573,hgca_cma_refined
Wood_4D_H,bipop,24,1,503.6,30107,
Wood_4D_H,nbipop,24,1,418.4,25110,
Wood_4D_H,hgca_v67,25,1,19.0,0,homotopy_direct
Wood_4D_H,hgca_v54,25,1,18.0,0,homotopy_direct
Wood_4D_H,bipop,25,1,462.7,30190,
Wood_4D_H,nbipop,25,1,410.0,26094,
Wood_4D_H,hgca_v67,26,1,70.0,7562,hgca_cma_refined
Wood_4D_H,hgca_v54,26,1,73.0,7562,hgca_cma_refined
Wood_4D_H,bipop,26,1,572.4,30039,
Wood_4D_H,nbipop,26,1,490.1,26670,
Wood_4D_H,hgca_v67,27,1,88.0,7557,hgca_cma_refined
Wood_4D_H,hgca_v54,27,1,86.5,7557,hgca_cma_refined
Wood_4D_H,bipop,27,1,557.1,30021,
Wood_4D_H,nbipop,27,1,413.5,25494,
Wood_4D_H,hgca_v67,28,1,1.0,58,direct_newton
Wood_4D_H,hgca_v54,28,1,2.1,58,direct_newton
Wood_4D_H,bipop,28,1,516.0,30021,
Wood_4D_H,nbipop,28,1,401.0,24906,
Wood_4D_H,hgca_v67,29,1,20.0,0,homotopy_direct
Wood_4D_H,hgca_v54,29,1,20.0,0,homotopy_direct
Wood_4D_H,bipop,29,1,527.6,30112,
Wood_4D_H,nbipop,29,1,440.0,25434,
Wood_4D_M,hgca_v67,0,1,1.0,47,direct_newton
Wood_4D_M,hgca_v54,0,1,2.0,47,direct_newton
Wood_4D_M,bipop,0,1,532.8,30014,
Wood_4D_M,nbipop,0,1,445.6,25986,
Wood_4D_M,hgca_v67,1,1,2.0,49,direct_newton
Wood_4D_M,hgca_v54,1,1,1.0,49,direct_newton
Wood_4D_M,bipop,1,1,548.9,30012,
Wood_4D_M,nbipop,1,1,447.0,25926,
Wood_4D_M,hgca_v67,2,1,29.0,0,homotopy_direct
Wood_4D_M,hgca_v54,2,1,28.0,0,homotopy_direct
Wood_4D_M,bipop,2,1,547.1,30010,
Wood_4D_M,nbipop,2,1,454.7,26454,
Wood_4D_M,hgca_v67,3,1,2.0,48,direct_newton
Wood_4D_M,hgca_v54,3,1,1.0,48,direct_newton
Wood_4D_M,bipop,3,1,552.0,30005,
Wood_4D_M,nbipop,3,1,411.9,25470,
Wood_4D_M,hgca_v67,4,1,1.1,50,direct_newton
Wood_4D_M,hgca_v54,4,1,2.0,50,direct_newton
Wood_4D_M,bipop,4,1,511.7,30041,
Wood_4D_M,nbipop,4,1,421.3,25962,
Wood_4D_M,hgca_v67,5,1,1.0,47,direct_newton
Wood_4D_M,hgca_v54,5,1,1.0,47,direct_newton
Wood_4D_M,bipop,5,1,496.4,30057,
Wood_4D_M,nbipop,5,1,442.1,26646,
Wood_4D_M,hgca_v67,6,1,2.0,49,direct_newton
Wood_4D_M,hgca_v54,6,1,2.0,49,direct_newton
Wood_4D_M,bipop,6,1,550.2,30002,
Wood_4D_M,nbipop,6,1,445.6,26550,
Wood_4D_M,hgca_v67,7,1,100.9,8300,hgca_cma_refined
Wood_4D_M,hgca_v54,7,1,105.3,8300,hgca_cma_refined
Wood_4D_M,bipop,7,1,533.6,30015,
Wood_4D_M,nbipop,7,1,446.0,25434,
Wood_4D_M,hgca_v67,8,1,1.0,44,direct_newton
Wood_4D_M,hgca_v54,8,1,2.0,44,direct_newton
Wood_4D_M,bipop,8,1,523.4,30006,
Wood_4D_M,nbipop,8,1,453.8,26370,
Wood_4D_M,hgca_v67,9,1,98.0,8301,hgca_cma_refined
Wood_4D_M,hgca_v54,9,1,97.5,8301,hgca_cma_refined
Wood_4D_M,bipop,9,1,525.0,30161,
Wood_4D_M,nbipop,9,1,410.6,25278,
Wood_4D_M,hgca_v67,10,1,88.3,8300,hgca_cma_refined
Wood_4D_M,hgca_v54,10,1,86.9,8300,hgca_cma_refined
Wood_4D_M,bipop,10,1,497.2,30011,
Wood_4D_M,nbipop,10,1,468.7,25866,
Wood_4D_M,hgca_v67,11,1,1.0,50,direct_newton
Wood_4D_M,hgca_v54,11,1,2.0,50,direct_newton
Wood_4D_M,bipop,11,1,535.5,30029,
Wood_4D_M,nbipop,11,1,441.5,25794,
Wood_4D_M,hgca_v67,12,1,1.0,50,direct_newton
Wood_4D_M,hgca_v54,12,1,2.0,50,direct_newton
Wood_4D_M,bipop,12,1,549.8,30013,
Wood_4D_M,nbipop,12,1,442.2,26670,
Wood_4D_M,hgca_v67,13,1,97.0,8300,hgca_cma_refined
Wood_4D_M,hgca_v54,13,1,94.0,8300,hgca_cma_refined
Wood_4D_M,bipop,13,1,540.0,30023,
Wood_4D_M,nbipop,13,1,430.2,25602,
Wood_4D_M,hgca_v67,14,1,2.0,55,direct_newton
Wood_4D_M,hgca_v54,14,1,2.0,55,direct_newton
Wood_4D_M,bipop,14,1,526.2,30042,
Wood_4D_M,nbipop,14,1,423.5,24990,
Wood_4D_M,hgca_v67,15,1,33.0,0,homotopy_direct
Wood_4D_M,hgca_v54,15,1,32.0,0,homotopy_direct
Wood_4D_M,bipop,15,1,501.5,30134,
Wood_4D_M,nbipop,15,1,416.0,25458,
Wood_4D_M,hgca_v67,16,1,107.9,8302,hgca_cma_refined
Wood_4D_M,hgca_v54,16,1,107.0,8302,hgca_cma_refined
Wood_4D_M,bipop,16,1,534.0,30132,
Wood_4D_M,nbipop,16,1,431.3,25710,
Wood_4D_M,hgca_v67,17,1,2.0,47,direct_newton
Wood_4D_M,hgca_v54,17,1,2.0,47,direct_newton
Wood_4D_M,bipop,17,1,542.6,30165,
Wood_4D_M,nbipop,17,1,439.0,26214,
Wood_4D_M,hgca_v67,18,1,2.0,50,direct_newton
Wood_4D_M,hgca_v54,18,1,2.0,50,direct_newton
Wood_4D_M,bipop,18,1,500.1,30156,
Wood_4D_M,nbipop,18,1,400.0,25542,
Wood_4D_M,hgca_v67,19,1,1.0,49,direct_newton
Wood_4D_M,hgca_v54,19,1,2.0,49,direct_newton
Wood_4D_M,bipop,19,1,527.5,30087,
Wood_4D_M,nbipop,19,1,431.9,25470,
Wood_4D_M,hgca_v67,20,1,92.1,8301,hgca_cma_refined
Wood_4D_M,hgca_v54,20,1,89.0,8301,hgca_cma_refined
Wood_4D_M,bipop,20,1,521.0,30115,
Wood_4D_M,nbipop,20,1,458.0,25650,
Wood_4D_M,hgca_v67,21,1,96.0,8308,hgca_cma_refined
Wood_4D_M,hgca_v54,21,1,99.0,8308,hgca_cma_refined
Wood_4D_M,bipop,21,1,546.0,30070,
Wood_4D_M,nbipop,21,1,446.5,26058,
Wood_4D_M,hgca_v67,22,1,113.0,8306,hgca_cma_refined
Wood_4D_M,hgca_v54,22,1,116.0,8306,hgca_cma_refined
Wood_4D_M,bipop,22,1,524.3,30003,
Wood_4D_M,nbipop,22,1,511.3,26142,
Wood_4D_M,hgca_v67,23,1,84.0,7556,hgca_cma_refined
Wood_4D_M,hgca_v54,23,1,82.0,7556,hgca_cma_refined
Wood_4D_M,bipop,23,1,561.5,30047,
Wood_4D_M,nbipop,23,1,394.0,24726,
Wood_4D_M,hgca_v67,24,1,1.0,44,direct_newton
Wood_4D_M,hgca_v54,24,1,2.0,44,direct_newton
Wood_4D_M,bipop,24,1,523.3,30078,
Wood_4D_M,nbipop,24,1,438.4,25374,
Wood_4D_M,hgca_v67,25,1,91.0,9062,hgca_cma_refined
Wood_4D_M,hgca_v54,25,1,88.0,9062,hgca_cma_refined
Wood_4D_M,bipop,25,1,510.7,30028,
Wood_4D_M,nbipop,25,1,470.0,26514,
Wood_4D_M,hgca_v67,26,1,2.0,50,direct_newton
Wood_4D_M,hgca_v54,26,1,2.0,50,direct_newton
Wood_4D_M,bipop,26,1,543.4,30013,
Wood_4D_M,nbipop,26,1,395.9,25578,
Wood_4D_M,hgca_v67,27,1,1.0,49,direct_newton
Wood_4D_M,hgca_v54,27,1,2.0,49,direct_newton
Wood_4D_M,bipop,27,1,486.1,30039,
Wood_4D_M,nbipop,27,1,427.3,26166,
Wood_4D_M,hgca_v67,28,1,74.0,7551,hgca_cma_refined
Wood_4D_M,hgca_v54,28,1,76.0,7551,hgca_cma_refined
Wood_4D_M,bipop,28,1,523.7,30147,
Wood_4D_M,nbipop,28,1,442.1,26166,
Wood_4D_M,hgca_v67,29,1,1.0,48,direct_newton
Wood_4D_M,hgca_v54,29,1,2.0,48,direct_newton
Wood_4D_M,bipop,29,1,541.0,30075,
Wood_4D_M,nbipop,29,1,410.2,25254,
