problem,solver,run,conv,time_ms,nit,stage
Beale_2D,v54,0,1,57.0,0,homotopy_direct
Beale_2D,v71,0,1,52.9,0,homotopy_direct
Beale_2D,v74a,0,1,154.0,0,homotopy_direct
Beale_2D,v74,0,1,158.0,0,homotopy_direct
Beale_2D,v54,1,1,54.0,0,homotopy_direct
Beale_2D,v71,1,1,59.0,0,homotopy_direct
Beale_2D,v74a,1,1,148.7,0,homotopy_direct
Beale_2D,v74,1,1,152.0,0,homotopy_direct
Beale_2D,v54,2,1,53.0,0,homotopy_direct
Beale_2D,v71,2,1,54.0,0,homotopy_direct
Beale_2D,v74a,2,1,161.5,0,homotopy_direct
Beale_2D,v74,2,1,150.5,0,homotopy_direct
Beale_2D,v54,3,1,56.0,0,homotopy_direct
Beale_2D,v71,3,1,56.0,0,homotopy_direct
Beale_2D,v74a,3,1,147.0,0,homotopy_direct
Beale_2D,v74,3,1,153.0,0,homotopy_direct
Beale_2D,v54,4,1,50.0,0,homotopy_direct
Beale_2D,v71,4,1,52.0,0,homotopy_direct
Beale_2D,v74a,4,1,150.7,0,homotopy_direct
Beale_2D,v74,4,1,142.0,0,homotopy_direct
Beale_2D,v54,5,1,46.0,0,homotopy_direct
Beale_2D,v71,5,1,47.0,0,homotopy_direct
Beale_2D,v74a,5,1,138.0,0,homotopy_direct
Beale_2D,v74,5,1,156.4,0,homotopy_direct
Beale_2D,v54,6,1,42.1,0,homotopy_direct
Beale_2D,v71,6,1,40.0,0,homotopy_direct
Beale_2D,v74a,6,1,133.0,0,homotopy_direct
Beale_2D,v74,6,1,137.0,0,homotopy_direct
Beale_2D,v54,7,1,48.0,0,homotopy_direct
Beale_2D,v71,7,1,50.0,0,homotopy_direct
Beale_2D,v74a,7,1,150.1,0,homotopy_direct
Beale_2D,v74,7,1,147.2,0,homotopy_direct
Beale_2D,v54,8,1,50.5,0,homotopy_direct
Beale_2D,v71,8,1,49.2,0,homotopy_direct
Beale_2D,v74a,8,1,148.2,0,homotopy_direct
Beale_2D,v74,8,1,148.6,0,homotopy_direct
Beale_2D,v54,9,1,51.0,0,homotopy_direct
Beale_2D,v71,9,1,48.0,0,homotopy_direct
Beale_2D,v74a,9,1,153.0,0,homotopy_direct
Beale_2D,v74,9,1,153.0,0,homotopy_direct
Beale_2D,v54,10,1,52.8,0,homotopy_direct
Beale_2D,v71,10,1,47.0,0,homotopy_direct
Beale_2D,v74a,10,1,142.0,0,homotopy_direct
Beale_2D,v74,10,1,143.5,0,homotopy_direct
Beale_2D,v54,11,1,48.0,0,homotopy_direct
Beale_2D,v71,11,1,48.1,0,homotopy_direct
Beale_2D,v74a,11,1,146.3,0,homotopy_direct
Beale_2D,v74,11,1,145.0,0,homotopy_direct
Beale_2D,v54,12,1,56.0,0,homotopy_direct
Beale_2D,v71,12,1,51.0,0,homotopy_direct
Beale_2D,v74a,12,1,157.0,0,homotopy_direct
Beale_2D,v74,12,1,147.1,0,homotopy_direct
Beale_2D,v54,13,1,59.9,0,homotopy_direct
Beale_2D,v71,13,1,55.0,0,homotopy_direct
Beale_2D,v74a,13,1,155.0,0,homotopy_direct
Beale_2D,v74,13,1,154.6,0,homotopy_direct
Beale_2D,v54,14,1,59.0,0,homotopy_direct
Beale_2D,v71,14,1,58.0,0,homotopy_direct
Beale_2D,v74a,14,1,168.8,0,homotopy_direct
Beale_2D,v74,14,1,157.0,0,homotopy_direct
Beale_2D,v54,15,1,42.0,0,homotopy_direct
Beale_2D,v71,15,1,43.0,0,homotopy_direct
Beale_2D,v74a,15,1,140.0,0,homotopy_direct
Beale_2D,v74,15,1,146.0,0,homotopy_direct
Beale_2D,v54,16,1,49.0,0,homotopy_direct
Beale_2D,v71,16,1,53.8,0,homotopy_direct
Beale_2D,v74a,16,1,145.0,0,homotopy_direct
Beale_2D,v74,16,1,148.2,0,homotopy_direct
Beale_2D,v54,17,1,63.0,0,homotopy_direct
Beale_2D,v71,17,1,62.0,0,homotopy_direct
Beale_2D,v74a,17,1,153.0,0,homotopy_direct
Beale_2D,v74,17,1,153.0,0,homotopy_direct
Beale_2D,v54,18,1,61.0,0,homotopy_direct
Beale_2D,v71,18,1,57.7,0,homotopy_direct
Beale_2D,v74a,18,1,152.0,0,homotopy_direct
Beale_2D,v74,18,1,152.1,0,homotopy_direct
Beale_2D,v54,19,1,53.9,0,homotopy_direct
Beale_2D,v71,19,1,55.1,0,homotopy_direct
Beale_2D,v74a,19,1,145.0,0,homotopy_direct
Beale_2D,v74,19,1,159.2,0,homotopy_direct
Beale_2D,v54,20,1,44.0,0,homotopy_direct
Beale_2D,v71,20,1,49.0,0,homotopy_direct
Beale_2D,v74a,20,1,141.1,0,homotopy_direct
Beale_2D,v74,20,1,139.0,0,homotopy_direct
Beale_2D,v54,21,1,60.0,0,homotopy_direct
Beale_2D,v71,21,1,56.0,0,homotopy_direct
Beale_2D,v74a,21,1,146.5,0,homotopy_direct
Beale_2D,v74,21,1,157.0,0,homotopy_direct
Beale_2D,v54,22,1,42.0,0,homotopy_direct
Beale_2D,v71,22,1,46.6,0,homotopy_direct
Beale_2D,v74a,22,1,136.0,0,homotopy_direct
Beale_2D,v74,22,1,145.3,0,homotopy_direct
Beale_2D,v54,23,1,45.9,0,homotopy_direct
Beale_2D,v71,23,1,41.0,0,homotopy_direct
Beale_2D,v74a,23,1,141.0,0,homotopy_direct
Beale_2D,v74,23,1,137.0,0,homotopy_direct
Beale_2D,v54,24,1,56.0,0,homotopy_direct
Beale_2D,v71,24,1,56.0,0,homotopy_direct
Beale_2D,v74a,24,1,150.0,0,homotopy_direct
Beale_2D,v74,24,1,150.0,0,homotopy_direct
Beale_2D,v54,25,1,1.0,24,direct_newton
Beale_2D,v71,25,1,1.0,24,direct_newton
Beale_2D,v74a,25,1,1.0,24,direct_newton
Beale_2D,v74,25,1,1.0,24,direct_newton
Beale_2D,v54,26,1,49.4,0,homotopy_direct
Beale_2D,v71,26,1,48.0,0,homotopy_direct
Beale_2D,v74a,26,1,145.0,0,homotopy_direct
Beale_2D,v74,26,1,141.1,0,homotopy_direct
Beale_2D,v54,27,1,55.0,0,homotopy_direct
Beale_2D,v71,27,1,54.0,0,homotopy_direct
Beale_2D,v74a,27,1,157.0,0,homotopy_direct
Beale_2D,v74,27,1,159.5,0,homotopy_direct
Beale_2D,v54,28,1,41.0,0,homotopy_direct
Beale_2D,v71,28,1,42.0,0,homotopy_direct
Beale_2D,v74a,28,1,137.0,0,homotopy_direct
Beale_2D,v74,28,1,139.0,0,homotopy_direct
Beale_2D,v54,29,1,37.0,0,homotopy_direct
Beale_2D,v71,29,1,33.0,0,homotopy_direct
Beale_2D,v74a,29,1,131.0,0,homotopy_direct
Beale_2D,v74,29,1,135.6,0,homotopy_direct
Beale_2D,v54,30,1,47.0,0,homotopy_direct
Beale_2D,v71,30,1,47.0,0,homotopy_direct
Beale_2D,v74a,30,1,140.0,0,homotopy_direct
Beale_2D,v74,30,1,146.0,0,homotopy_direct
Beale_2D,v54,31,1,47.0,0,homotopy_direct
Beale_2D,v71,31,1,47.0,0,homotopy_direct
Beale_2D,v74a,31,1,141.1,0,homotopy_direct
Beale_2D,v74,31,1,139.9,0,homotopy_direct
Beale_2D,v54,32,1,47.0,0,homotopy_direct
Beale_2D,v71,32,1,48.0,0,homotopy_direct
Beale_2D,v74a,32,1,137.1,0,homotopy_direct
Beale_2D,v74,32,1,136.9,0,homotopy_direct
Beale_2D,v54,33,1,45.0,0,homotopy_direct
Beale_2D,v71,33,1,46.0,0,homotopy_direct
Beale_2D,v74a,33,1,140.5,0,homotopy_direct
Beale_2D,v74,33,1,138.0,0,homotopy_direct
Beale_2D,v54,34,1,55.2,0,homotopy_direct
Beale_2D,v71,34,1,54.0,0,homotopy_direct
Beale_2D,v74a,34,1,149.0,0,homotopy_direct
Beale_2D,v74,34,1,153.0,0,homotopy_direct
Beale_2D,v54,35,1,49.1,0,homotopy_direct
Beale_2D,v71,35,1,47.9,0,homotopy_direct
Beale_2D,v74a,35,1,145.0,0,homotopy_direct
Beale_2D,v74,35,1,149.0,0,homotopy_direct
Beale_2D,v54,36,1,53.0,0,homotopy_direct
Beale_2D,v71,36,1,50.0,0,homotopy_direct
Beale_2D,v74a,36,1,147.5,0,homotopy_direct
Beale_2D,v74,36,1,146.5,0,homotopy_direct
Beale_2D,v54,37,1,50.0,0,homotopy_direct
Beale_2D,v71,37,1,48.0,0,homotopy_direct
Beale_2D,v74a,37,1,144.0,0,homotopy_direct
Beale_2D,v74,37,1,143.0,0,homotopy_direct
Beale_2D,v54,38,1,56.0,0,homotopy_direct
Beale_2D,v71,38,1,55.4,0,homotopy_direct
Beale_2D,v74a,38,1,156.0,0,homotopy_direct
Beale_2D,v74,38,1,150.0,0,homotopy_direct
Beale_2D,v54,39,1,47.0,0,homotopy_direct
Beale_2D,v71,39,1,48.0,0,homotopy_direct
Beale_2D,v74a,39,1,144.0,0,homotopy_direct
Beale_2D,v74,39,1,137.0,0,homotopy_direct
Beale_2D,v54,40,1,52.0,0,homotopy_direct
Beale_2D,v71,40,1,54.2,0,homotopy_direct
Beale_2D,v74a,40,1,152.0,0,homotopy_direct
Beale_2D,v74,40,1,145.0,0,homotopy_direct
Beale_2D,v54,41,1,47.1,0,homotopy_direct
Beale_2D,v71,41,1,48.9,0,homotopy_direct
Beale_2D,v74a,41,1,140.1,0,homotopy_direct
Beale_2D,v74,41,1,139.9,0,homotopy_direct
Beale_2D,v54,42,1,48.0,0,homotopy_direct
Beale_2D,v71,42,1,50.0,0,homotopy_direct
Beale_2D,v74a,42,1,148.0,0,homotopy_direct
Beale_2D,v74,42,1,149.0,0,homotopy_direct
Beale_2D,v54,43,1,55.0,0,homotopy_direct
Beale_2D,v71,43,1,58.0,0,homotopy_direct
Beale_2D,v74a,43,1,150.0,0,homotopy_direct
Beale_2D,v74,43,1,150.6,0,homotopy_direct
Beale_2D,v54,44,1,48.0,0,homotopy_direct
Beale_2D,v71,44,1,52.0,0,homotopy_direct
Beale_2D,v74a,44,1,143.0,0,homotopy_direct
Beale_2D,v74,44,1,142.0,0,homotopy_direct
Beale_2D,v54,45,1,1.0,18,direct_newton
Beale_2D,v71,45,1,1.0,18,direct_newton
Beale_2D,v74a,45,1,1.0,18,direct_newton
Beale_2D,v74,45,1,1.0,18,direct_newton
Beale_2D,v54,46,1,57.0,0,homotopy_direct
Beale_2D,v71,46,1,57.3,0,homotopy_direct
Beale_2D,v74a,46,1,150.1,0,homotopy_direct
Beale_2D,v74,46,1,150.0,0,homotopy_direct
Beale_2D,v54,47,1,48.0,0,homotopy_direct
Beale_2D,v71,47,1,49.0,0,homotopy_direct
Beale_2D,v74a,47,1,146.0,0,homotopy_direct
Beale_2D,v74,47,1,146.9,0,homotopy_direct
Beale_2D,v54,48,1,57.0,0,homotopy_direct
Beale_2D,v71,48,1,57.0,0,homotopy_direct
Beale_2D,v74a,48,1,150.0,0,homotopy_direct
Beale_2D,v74,48,1,151.0,0,homotopy_direct
Beale_2D,v54,49,1,57.0,0,homotopy_direct
Beale_2D,v71,49,1,55.0,0,homotopy_direct
Beale_2D,v74a,49,1,149.0,0,homotopy_direct
Beale_2D,v74,49,1,149.0,0,homotopy_direct
Beale_2D_C,v54,0,1,262.2,25888,hgca_cma_refined
Beale_2D_C,v71,0,1,260.4,25888,hgca_cma_refined
Beale_2D_C,v74a,0,1,415.1,25888,hgca_cma_refined
Beale_2D_C,v74,0,1,409.6,25888,hgca_cma_refined
Beale_2D_C,v54,1,1,189.9,18321,hgca_cma_refined
Beale_2D_C,v71,1,1,222.0,18321,hgca_cma_refined
Beale_2D_C,v74a,1,1,352.2,18321,hgca_cma_refined
Beale_2D_C,v74,1,1,346.6,18321,hgca_cma_refined
Beale_2D_C,v54,2,1,219.0,22688,hgca_cma_refined
Beale_2D_C,v71,2,1,215.0,22688,hgca_cma_refined
Beale_2D_C,v74a,2,1,387.0,22688,hgca_cma_refined
Beale_2D_C,v74,2,1,386.5,22688,hgca_cma_refined
Beale_2D_C,v54,3,1,182.0,17080,hgca_cma_refined
Beale_2D_C,v71,3,1,186.0,17080,hgca_cma_refined
Beale_2D_C,v74a,3,1,331.0,17080,hgca_cma_refined
Beale_2D_C,v74,3,1,330.2,17080,hgca_cma_refined
Beale_2D_C,v54,4,1,225.0,22936,hgca_cma_refined
Beale_2D_C,v71,4,1,225.0,22936,hgca_cma_refined
Beale_2D_C,v74a,4,1,382.0,22936,hgca_cma_refined
Beale_2D_C,v74,4,1,383.0,22936,hgca_cma_refined
Beale_2D_C,v54,5,1,192.6,17953,hgca_cma_refined
Beale_2D_C,v71,5,1,187.0,17953,hgca_cma_refined
Beale_2D_C,v74a,5,1,341.0,17953,hgca_cma_refined
Beale_2D_C,v74,5,1,345.0,17953,hgca_cma_refined
Beale_2D_C,v54,6,1,244.0,25768,hgca_cma_refined
Beale_2D_C,v71,6,1,254.1,25768,hgca_cma_refined
Beale_2D_C,v74a,6,1,412.0,25768,hgca_cma_refined
Beale_2D_C,v74,6,1,402.6,25768,hgca_cma_refined
Beale_2D_C,v54,7,1,230.6,23824,hgca_cma_refined
Beale_2D_C,v71,7,1,232.4,23824,hgca_cma_refined
Beale_2D_C,v74a,7,1,391.6,23824,hgca_cma_refined
Beale_2D_C,v74,7,1,402.5,23824,hgca_cma_refined
Beale_2D_C,v54,8,1,184.0,16560,hgca_cma_refined
Beale_2D_C,v71,8,1,179.6,16560,hgca_cma_refined
Beale_2D_C,v74a,8,1,347.5,16560,hgca_cma_refined
Beale_2D_C,v74,8,1,339.0,16560,hgca_cma_refined
Beale_2D_C,v54,9,1,225.0,22231,hgca_cma_refined
Beale_2D_C,v71,9,1,231.5,22231,hgca_cma_refined
Beale_2D_C,v74a,9,1,378.9,22231,hgca_cma_refined
Beale_2D_C,v74,9,1,371.3,22231,hgca_cma_refined
Beale_2D_C,v54,10,1,247.0,25816,hgca_cma_refined
Beale_2D_C,v71,10,1,251.0,25816,hgca_cma_refined
Beale_2D_C,v74a,10,1,392.0,25816,hgca_cma_refined
Beale_2D_C,v74,10,1,401.5,25816,hgca_cma_refined
Beale_2D_C,v54,11,1,225.0,22216,hgca_cma_refined
Beale_2D_C,v71,11,1,229.0,22216,hgca_cma_refined
Beale_2D_C,v74a,11,1,368.0,22216,hgca_cma_refined
Beale_2D_C,v74,11,1,366.6,22216,hgca_cma_refined
Beale_2D_C,v54,12,1,189.0,17913,hgca_cma_refined
Beale_2D_C,v71,12,1,182.0,17913,hgca_cma_refined
Beale_2D_C,v74a,12,1,334.1,17913,hgca_cma_refined
Beale_2D_C,v74,12,1,344.0,17913,hgca_cma_refined
Beale_2D_C,v54,13,1,240.4,24656,hgca_cma_refined
Beale_2D_C,v71,13,1,246.3,24656,hgca_cma_refined
Beale_2D_C,v74a,13,1,399.0,24656,hgca_cma_refined
Beale_2D_C,v74,13,1,401.0,24656,hgca_cma_refined
Beale_2D_C,v54,14,1,230.0,22991,hgca_cma_refined
Beale_2D_C,v71,14,1,233.6,22991,hgca_cma_refined
Beale_2D_C,v74a,14,1,375.0,22991,hgca_cma_refined
Beale_2D_C,v74,14,1,379.7,22991,hgca_cma_refined
Beale_2D_C,v54,15,1,199.0,18993,hgca_cma_refined
Beale_2D_C,v71,15,1,211.9,18993,hgca_cma_refined
Beale_2D_C,v74a,15,1,359.5,18993,hgca_cma_refined
Beale_2D_C,v74,15,1,363.0,18993,hgca_cma_refined
Beale_2D_C,v54,16,1,236.4,24528,hgca_cma_refined
Beale_2D_C,v71,16,1,246.0,24528,hgca_cma_refined
Beale_2D_C,v74a,16,1,408.5,24528,hgca_cma_refined
Beale_2D_C,v74,16,1,401.0,24528,hgca_cma_refined
Beale_2D_C,v54,17,1,235.1,25208,hgca_cma_refined
Beale_2D_C,v71,17,1,241.9,25208,hgca_cma_refined
Beale_2D_C,v74a,17,1,400.9,25208,hgca_cma_refined
Beale_2D_C,v74,17,1,411.0,25208,hgca_cma_refined
Beale_2D_C,v54,18,1,190.5,17401,hgca_cma_refined
Beale_2D_C,v71,18,1,186.0,17401,hgca_cma_refined
Beale_2D_C,v74a,18,1,358.0,17401,hgca_cma_refined
Beale_2D_C,v74,18,1,375.4,17401,hgca_cma_refined
Beale_2D_C,v54,19,1,234.0,21888,hgca_cma_refined
Beale_2D_C,v71,19,1,220.1,21888,hgca_cma_refined
Beale_2D_C,v74a,19,1,359.9,21888,hgca_cma_refined
Beale_2D_C,v74,19,1,358.4,21888,hgca_cma_refined
Beale_2D_C,v54,20,1,245.0,25984,hgca_cma_refined
Beale_2D_C,v71,20,1,253.6,25984,hgca_cma_refined
Beale_2D_C,v74a,20,1,416.0,25984,hgca_cma_refined
Beale_2D_C,v74,20,1,410.5,25984,hgca_cma_refined
Beale_2D_C,v54,21,1,194.0,18153,hgca_cma_refined
Beale_2D_C,v71,21,1,197.0,18153,hgca_cma_refined
Beale_2D_C,v74a,21,1,358.0,18153,hgca_cma_refined
Beale_2D_C,v74,21,1,372.0,18153,hgca_cma_refined
Beale_2D_C,v54,22,1,204.9,19897,hgca_cma_refined
Beale_2D_C,v71,22,1,200.9,19897,hgca_cma_refined
Beale_2D_C,v74a,22,1,358.0,19897,hgca_cma_refined
Beale_2D_C,v74,22,1,360.0,19897,hgca_cma_refined
Beale_2D_C,v54,23,1,198.1,18969,hgca_cma_refined
Beale_2D_C,v71,23,1,198.0,18969,hgca_cma_refined
Beale_2D_C,v74a,23,1,357.4,18969,hgca_cma_refined
Beale_2D_C,v74,23,1,371.5,18969,hgca_cma_refined
Beale_2D_C,v54,24,1,231.0,23296,hgca_cma_refined
Beale_2D_C,v71,24,1,230.0,23296,hgca_cma_refined
Beale_2D_C,v74a,24,1,378.6,23296,hgca_cma_refined
Beale_2D_C,v74,24,1,381.0,23296,hgca_cma_refined
Beale_2D_C,v54,25,1,205.0,20001,hgca_cma_refined
Beale_2D_C,v71,25,1,207.0,20001,hgca_cma_refined
Beale_2D_C,v74a,25,1,373.0,20001,hgca_cma_refined
Beale_2D_C,v74,25,1,380.7,20001,hgca_cma_refined
Beale_2D_C,v54,26,1,228.4,22760,hgca_cma_refined
Beale_2D_C,v71,26,1,231.0,22760,hgca_cma_refined
Beale_2D_C,v74a,26,1,369.0,22760,hgca_cma_refined
Beale_2D_C,v74,26,1,366.3,22760,hgca_cma_refined
Beale_2D_C,v54,27,1,190.0,18217,hgca_cma_refined
Beale_2D_C,v71,27,1,191.5,18217,hgca_cma_refined
Beale_2D_C,v74a,27,1,347.0,18217,hgca_cma_refined
Beale_2D_C,v74,27,1,348.0,18217,hgca_cma_refined
Beale_2D_C,v54,28,1,248.6,24759,hgca_cma_refined
Beale_2D_C,v71,28,1,249.0,24759,hgca_cma_refined
Beale_2D_C,v74a,28,1,393.0,24759,hgca_cma_refined
Beale_2D_C,v74,28,1,395.4,24759,hgca_cma_refined
Beale_2D_C,v54,29,1,206.4,19305,hgca_cma_refined
Beale_2D_C,v71,29,1,205.1,19305,hgca_cma_refined
Beale_2D_C,v74a,29,1,362.9,19305,hgca_cma_refined
Beale_2D_C,v74,29,1,365.6,19305,hgca_cma_refined
Beale_2D_C,v54,30,1,232.0,23384,hgca_cma_refined
Beale_2D_C,v71,30,1,230.4,23384,hgca_cma_refined
Beale_2D_C,v74a,30,1,396.0,23384,hgca_cma_refined
Beale_2D_C,v74,30,1,393.4,23384,hgca_cma_refined
Beale_2D_C,v54,31,1,232.0,23120,hgca_cma_refined
Beale_2D_C,v71,31,1,223.0,23120,hgca_cma_refined
Beale_2D_C,v74a,31,1,390.1,23120,hgca_cma_refined
Beale_2D_C,v74,31,1,382.1,23120,hgca_cma_refined
Beale_2D_C,v54,32,1,224.0,23848,hgca_cma_refined
Beale_2D_C,v71,32,1,229.1,23848,hgca_cma_refined
Beale_2D_C,v74a,32,1,395.5,23848,hgca_cma_refined
Beale_2D_C,v74,32,1,407.4,23848,hgca_cma_refined
Beale_2D_C,v54,33,1,210.7,20497,hgca_cma_refined
Beale_2D_C,v71,33,1,210.7,20497,hgca_cma_refined
Beale_2D_C,v74a,33,1,375.8,20497,hgca_cma_refined
Beale_2D_C,v74,33,1,384.5,20497,hgca_cma_refined
Beale_2D_C,v54,34,1,193.0,18784,hgca_cma_refined
Beale_2D_C,v71,34,1,193.0,18784,hgca_cma_refined
Beale_2D_C,v74a,34,1,325.9,18784,hgca_cma_refined
Beale_2D_C,v74,34,1,336.8,18784,hgca_cma_refined
Beale_2D_C,v54,35,1,224.0,23551,hgca_cma_refined
Beale_2D_C,v71,35,1,231.9,23551,hgca_cma_refined
Beale_2D_C,v74a,35,1,412.6,23551,hgca_cma_refined
Beale_2D_C,v74,35,1,398.6,23551,hgca_cma_refined
Beale_2D_C,v54,36,1,222.8,21736,hgca_cma_refined
Beale_2D_C,v71,36,1,220.0,21736,hgca_cma_refined
Beale_2D_C,v74a,36,1,370.0,21736,hgca_cma_refined
Beale_2D_C,v74,36,1,378.2,21736,hgca_cma_refined
Beale_2D_C,v54,37,1,239.5,25464,hgca_cma_refined
Beale_2D_C,v71,37,1,242.0,25464,hgca_cma_refined
Beale_2D_C,v74a,37,1,394.6,25464,hgca_cma_refined
Beale_2D_C,v74,37,1,403.0,25464,hgca_cma_refined
Beale_2D_C,v54,38,1,245.4,24768,hgca_cma_refined
Beale_2D_C,v71,38,1,240.5,24768,hgca_cma_refined
Beale_2D_C,v74a,38,1,403.0,24768,hgca_cma_refined
Beale_2D_C,v74,38,1,410.9,24768,hgca_cma_refined
Beale_2D_C,v54,39,1,225.0,22760,hgca_cma_refined
Beale_2D_C,v71,39,1,225.0,22760,hgca_cma_refined
Beale_2D_C,v74a,39,1,392.0,22760,hgca_cma_refined
Beale_2D_C,v74,39,1,391.5,22760,hgca_cma_refined
Beale_2D_C,v54,40,1,234.2,24312,hgca_cma_refined
Beale_2D_C,v71,40,1,243.6,24312,hgca_cma_refined
Beale_2D_C,v74a,40,1,452.5,24312,hgca_cma_refined
Beale_2D_C,v74,40,1,400.5,24312,hgca_cma_refined
Beale_2D_C,v54,41,1,237.0,23824,hgca_cma_refined
Beale_2D_C,v71,41,1,234.5,23824,hgca_cma_refined
Beale_2D_C,v74a,41,1,388.8,23824,hgca_cma_refined
Beale_2D_C,v74,41,1,380.5,23824,hgca_cma_refined
Beale_2D_C,v54,42,1,222.0,23168,hgca_cma_refined
Beale_2D_C,v71,42,1,222.9,23168,hgca_cma_refined
Beale_2D_C,v74a,42,1,390.1,23168,hgca_cma_refined
Beale_2D_C,v74,42,1,410.2,23168,hgca_cma_refined
Beale_2D_C,v54,43,1,240.0,24927,hgca_cma_refined
Beale_2D_C,v71,43,1,242.0,24927,hgca_cma_refined
Beale_2D_C,v74a,43,1,409.7,24927,hgca_cma_refined
Beale_2D_C,v74,43,1,393.0,24927,hgca_cma_refined
Beale_2D_C,v54,44,1,192.0,17873,hgca_cma_refined
Beale_2D_C,v71,44,1,187.5,17873,hgca_cma_refined
Beale_2D_C,v74a,44,1,334.0,17873,hgca_cma_refined
Beale_2D_C,v74,44,1,331.0,17873,hgca_cma_refined
Beale_2D_C,v54,45,1,199.7,19232,hgca_cma_refined
Beale_2D_C,v71,45,1,203.0,19232,hgca_cma_refined
Beale_2D_C,v74a,45,1,372.0,19232,hgca_cma_refined
Beale_2D_C,v74,45,1,364.1,19232,hgca_cma_refined
Beale_2D_C,v54,46,1,239.0,24080,hgca_cma_refined
Beale_2D_C,v71,46,1,236.0,24080,hgca_cma_refined
Beale_2D_C,v74a,46,1,406.1,24080,hgca_cma_refined
Beale_2D_C,v74,46,1,389.9,24080,hgca_cma_refined
Beale_2D_C,v54,47,1,197.4,18865,hgca_cma_refined
Beale_2D_C,v71,47,1,193.0,18865,hgca_cma_refined
Beale_2D_C,v74a,47,1,367.0,18865,hgca_cma_refined
Beale_2D_C,v74,47,1,376.5,18865,hgca_cma_refined
Beale_2D_C,v54,48,1,220.0,21728,hgca_cma_refined
Beale_2D_C,v71,48,1,220.0,21728,hgca_cma_refined
Beale_2D_C,v74a,48,1,377.0,21728,hgca_cma_refined
Beale_2D_C,v74,48,1,367.6,21728,hgca_cma_refined
Beale_2D_C,v54,49,1,200.0,19321,hgca_cma_refined
Beale_2D_C,v71,49,1,197.2,19321,hgca_cma_refined
Beale_2D_C,v74a,49,1,351.2,19321,hgca_cma_refined
Beale_2D_C,v74,49,1,347.5,19321,hgca_cma_refined
Beale_2D_E,v54,0,1,245.0,26361,hgca_cma_refined
Beale_2D_E,v71,0,1,252.0,26361,hgca_cma_refined
Beale_2D_E,v74a,0,1,459.0,26361,hgca_cma_refined
Beale_2D_E,v74,0,1,462.0,26361,hgca_cma_refined
Beale_2D_E,v54,1,1,206.0,20242,hgca_cma_refined
Beale_2D_E,v71,1,1,202.0,20242,hgca_cma_refined
Beale_2D_E,v74a,1,1,406.5,20242,hgca_cma_refined
Beale_2D_E,v74,1,1,393.5,20242,hgca_cma_refined
Beale_2D_E,v54,2,1,199.0,19578,hgca_cma_refined
Beale_2D_E,v71,2,1,196.0,19578,hgca_cma_refined
Beale_2D_E,v74a,2,1,391.0,19578,hgca_cma_refined
Beale_2D_E,v74,2,1,408.9,19578,hgca_cma_refined
Beale_2D_E,v54,3,1,236.0,23961,hgca_cma_refined
Beale_2D_E,v71,3,1,234.0,23961,hgca_cma_refined
Beale_2D_E,v74a,3,1,440.0,23961,hgca_cma_refined
Beale_2D_E,v74,3,1,440.7,23961,hgca_cma_refined
Beale_2D_E,v54,4,1,241.1,25233,hgca_cma_refined
Beale_2D_E,v71,4,1,240.0,25233,hgca_cma_refined
Beale_2D_E,v74a,4,1,440.0,25233,hgca_cma_refined
Beale_2D_E,v74,4,1,455.1,25233,hgca_cma_refined
Beale_2D_E,v54,5,1,264.1,27225,hgca_cma_refined
Beale_2D_E,v71,5,1,264.0,27225,hgca_cma_refined
Beale_2D_E,v74a,5,1,473.3,27225,hgca_cma_refined
Beale_2D_E,v74,5,1,478.0,27225,hgca_cma_refined
Beale_2D_E,v54,6,1,251.0,26033,hgca_cma_refined
Beale_2D_E,v71,6,1,247.1,26033,hgca_cma_refined
Beale_2D_E,v74a,6,1,449.3,26033,hgca_cma_refined
Beale_2D_E,v74,6,1,459.5,26033,hgca_cma_refined
Beale_2D_E,v54,7,1,262.0,27417,hgca_cma_refined
Beale_2D_E,v71,7,1,281.0,27417,hgca_cma_refined
Beale_2D_E,v74a,7,1,467.6,27417,hgca_cma_refined
Beale_2D_E,v74,7,1,462.2,27417,hgca_cma_refined
Beale_2D_E,v54,8,1,249.0,25505,hgca_cma_refined
Beale_2D_E,v71,8,1,239.0,25505,hgca_cma_refined
Beale_2D_E,v74a,8,1,440.6,25505,hgca_cma_refined
Beale_2D_E,v74,8,1,442.0,25505,hgca_cma_refined
Beale_2D_E,v54,9,1,248.0,24585,hgca_cma_refined
Beale_2D_E,v71,9,1,246.0,24585,hgca_cma_refined
Beale_2D_E,v74a,9,1,449.4,24585,hgca_cma_refined
Beale_2D_E,v74,9,1,456.0,24585,hgca_cma_refined
Beale_2D_E,v54,10,1,247.0,25305,hgca_cma_refined
Beale_2D_E,v71,10,1,245.0,25305,hgca_cma_refined
Beale_2D_E,v74a,10,1,436.2,25305,hgca_cma_refined
Beale_2D_E,v74,10,1,444.1,25305,hgca_cma_refined
Beale_2D_E,v54,11,1,242.9,25425,hgca_cma_refined
Beale_2D_E,v71,11,1,255.0,25425,hgca_cma_refined
Beale_2D_E,v74a,11,1,451.2,25425,hgca_cma_refined
Beale_2D_E,v74,11,1,432.0,25425,hgca_cma_refined
Beale_2D_E,v54,12,1,247.0,24977,hgca_cma_refined
Beale_2D_E,v71,12,1,251.6,24977,hgca_cma_refined
Beale_2D_E,v74a,12,1,440.4,24977,hgca_cma_refined
Beale_2D_E,v74,12,1,447.0,24977,hgca_cma_refined
Beale_2D_E,v54,13,1,258.0,26593,hgca_cma_refined
Beale_2D_E,v71,13,1,253.0,26593,hgca_cma_refined
Beale_2D_E,v74a,13,1,470.4,26593,hgca_cma_refined
Beale_2D_E,v74,13,1,455.0,26593,hgca_cma_refined
Beale_2D_E,v54,14,1,252.4,26769,hgca_cma_refined
Beale_2D_E,v71,14,1,252.1,26769,hgca_cma_refined
Beale_2D_E,v74a,14,1,467.0,26769,hgca_cma_refined
Beale_2D_E,v74,14,1,457.0,26769,hgca_cma_refined
Beale_2D_E,v54,15,1,252.0,26545,hgca_cma_refined
Beale_2D_E,v71,15,1,254.3,26545,hgca_cma_refined
Beale_2D_E,v74a,15,1,463.0,26545,hgca_cma_refined
Beale_2D_E,v74,15,1,460.4,26545,hgca_cma_refined
Beale_2D_E,v54,16,1,246.0,24425,hgca_cma_refined
Beale_2D_E,v71,16,1,241.6,24425,hgca_cma_refined
Beale_2D_E,v74a,16,1,468.2,24425,hgca_cma_refined
Beale_2D_E,v74,16,1,446.0,24425,hgca_cma_refined
Beale_2D_E,v54,17,1,239.1,25153,hgca_cma_refined
Beale_2D_E,v71,17,1,250.5,25153,hgca_cma_refined
Beale_2D_E,v74a,17,1,457.1,25153,hgca_cma_refined
Beale_2D_E,v74,17,1,487.5,25153,hgca_cma_refined
Beale_2D_E,v54,18,1,260.0,26809,hgca_cma_refined
Beale_2D_E,v71,18,1,259.6,26809,hgca_cma_refined
Beale_2D_E,v74a,18,1,490.3,26809,hgca_cma_refined
Beale_2D_E,v74,18,1,465.1,26809,hgca_cma_refined
Beale_2D_E,v54,19,1,217.6,23058,hgca_cma_refined
Beale_2D_E,v71,19,1,227.0,23058,hgca_cma_refined
Beale_2D_E,v74a,19,1,428.8,23058,hgca_cma_refined
Beale_2D_E,v74,19,1,441.0,23058,hgca_cma_refined
Beale_2D_E,v54,20,1,271.8,27281,hgca_cma_refined
Beale_2D_E,v71,20,1,267.0,27281,hgca_cma_refined
Beale_2D_E,v74a,20,1,481.8,27281,hgca_cma_refined
Beale_2D_E,v74,20,1,473.0,27281,hgca_cma_refined
Beale_2D_E,v54,21,1,231.3,23554,hgca_cma_refined
Beale_2D_E,v71,21,1,226.0,23554,hgca_cma_refined
Beale_2D_E,v74a,21,1,427.7,23554,hgca_cma_refined
Beale_2D_E,v74,21,1,462.9,23554,hgca_cma_refined
Beale_2D_E,v54,22,1,284.6,26441,hgca_cma_refined
Beale_2D_E,v71,22,1,269.8,26441,hgca_cma_refined
Beale_2D_E,v74a,22,1,460.0,26441,hgca_cma_refined
Beale_2D_E,v74,22,1,464.6,26441,hgca_cma_refined
Beale_2D_E,v54,23,1,253.3,25809,hgca_cma_refined
Beale_2D_E,v71,23,1,248.0,25809,hgca_cma_refined
Beale_2D_E,v74a,23,1,431.0,25809,hgca_cma_refined
Beale_2D_E,v74,23,1,451.9,25809,hgca_cma_refined
Beale_2D_E,v54,24,1,255.3,25409,hgca_cma_refined
Beale_2D_E,v71,24,1,258.0,25409,hgca_cma_refined
Beale_2D_E,v74a,24,1,459.8,25409,hgca_cma_refined
Beale_2D_E,v74,24,1,466.1,25409,hgca_cma_refined
Beale_2D_E,v54,25,1,247.2,24369,hgca_cma_refined
Beale_2D_E,v71,25,1,239.0,24369,hgca_cma_refined
Beale_2D_E,v74a,25,1,433.9,24369,hgca_cma_refined
Beale_2D_E,v74,25,1,432.5,24369,hgca_cma_refined
Beale_2D_E,v54,26,1,263.0,26793,hgca_cma_refined
Beale_2D_E,v71,26,1,265.0,26793,hgca_cma_refined
Beale_2D_E,v74a,26,1,480.0,26793,hgca_cma_refined
Beale_2D_E,v74,26,1,468.5,26793,hgca_cma_refined
Beale_2D_E,v54,27,1,264.0,27601,hgca_cma_refined
Beale_2D_E,v71,27,1,276.1,27601,hgca_cma_refined
Beale_2D_E,v74a,27,1,458.0,27601,hgca_cma_refined
Beale_2D_E,v74,27,1,467.8,27601,hgca_cma_refined
Beale_2D_E,v54,28,1,261.0,24849,hgca_cma_refined
Beale_2D_E,v71,28,1,256.5,24849,hgca_cma_refined
Beale_2D_E,v74a,28,1,445.2,24849,hgca_cma_refined
Beale_2D_E,v74,28,1,449.4,24849,hgca_cma_refined
Beale_2D_E,v54,29,1,259.9,27233,hgca_cma_refined
Beale_2D_E,v71,29,1,269.6,27233,hgca_cma_refined
Beale_2D_E,v74a,29,1,455.5,27233,hgca_cma_refined
Beale_2D_E,v74,29,1,447.4,27233,hgca_cma_refined
Beale_2D_E,v54,30,1,262.0,25689,hgca_cma_refined
Beale_2D_E,v71,30,1,256.6,25689,hgca_cma_refined
Beale_2D_E,v74a,30,1,455.6,25689,hgca_cma_refined
Beale_2D_E,v74,30,1,452.0,25689,hgca_cma_refined
Beale_2D_E,v54,31,1,259.0,25705,hgca_cma_refined
Beale_2D_E,v71,31,1,260.2,25705,hgca_cma_refined
Beale_2D_E,v74a,31,1,448.8,25705,hgca_cma_refined
Beale_2D_E,v74,31,1,437.1,25705,hgca_cma_refined
Beale_2D_E,v54,32,1,241.0,25800,hgca_cma_refined
Beale_2D_E,v71,32,1,252.0,25800,hgca_cma_refined
Beale_2D_E,v74a,32,1,461.5,25800,hgca_cma_refined
Beale_2D_E,v74,32,1,482.1,25800,hgca_cma_refined
Beale_2D_E,v54,33,1,270.0,28057,hgca_cma_refined
Beale_2D_E,v71,33,1,267.0,28057,hgca_cma_refined
Beale_2D_E,v74a,33,1,486.4,28057,hgca_cma_refined
Beale_2D_E,v74,33,1,461.5,28057,hgca_cma_refined
Beale_2D_E,v54,34,1,206.0,20657,hgca_cma_refined
Beale_2D_E,v71,34,1,210.1,20657,hgca_cma_refined
Beale_2D_E,v74a,34,1,421.6,20657,hgca_cma_refined
Beale_2D_E,v74,34,1,426.0,20657,hgca_cma_refined
Beale_2D_E,v54,35,1,285.5,28401,hgca_cma_refined
Beale_2D_E,v71,35,1,284.0,28401,hgca_cma_refined
Beale_2D_E,v74a,35,1,468.8,28401,hgca_cma_refined
Beale_2D_E,v74,35,1,453.1,28401,hgca_cma_refined
Beale_2D_E,v54,36,1,257.1,28033,hgca_cma_refined
Beale_2D_E,v71,36,1,258.0,28033,hgca_cma_refined
Beale_2D_E,v74a,36,1,465.8,28033,hgca_cma_refined
Beale_2D_E,v74,36,1,478.0,28033,hgca_cma_refined
Beale_2D_E,v54,37,1,263.5,25465,hgca_cma_refined
Beale_2D_E,v71,37,1,251.0,25465,hgca_cma_refined
Beale_2D_E,v74a,37,1,476.3,25465,hgca_cma_refined
Beale_2D_E,v74,37,1,452.0,25465,hgca_cma_refined
Beale_2D_E,v54,38,1,238.0,24833,hgca_cma_refined
Beale_2D_E,v71,38,1,240.9,24833,hgca_cma_refined
Beale_2D_E,v74a,38,1,444.0,24833,hgca_cma_refined
Beale_2D_E,v74,38,1,473.9,24833,hgca_cma_refined
Beale_2D_E,v54,39,1,283.0,29801,hgca_cma_refined
Beale_2D_E,v71,39,1,285.1,29801,hgca_cma_refined
Beale_2D_E,v74a,39,1,517.0,29801,hgca_cma_refined
Beale_2D_E,v74,39,1,504.0,29801,hgca_cma_refined
Beale_2D_E,v54,40,1,250.1,26865,hgca_cma_refined
Beale_2D_E,v71,40,1,250.1,26865,hgca_cma_refined
Beale_2D_E,v74a,40,1,465.9,26865,hgca_cma_refined
Beale_2D_E,v74,40,1,456.0,26865,hgca_cma_refined
Beale_2D_E,v54,41,1,254.5,26329,hgca_cma_refined
Beale_2D_E,v71,41,1,254.1,26329,hgca_cma_refined
Beale_2D_E,v74a,41,1,456.4,26329,hgca_cma_refined
Beale_2D_E,v74,41,1,467.1,26329,hgca_cma_refined
Beale_2D_E,v54,42,1,247.3,25513,hgca_cma_refined
Beale_2D_E,v71,42,1,245.0,25513,hgca_cma_refined
Beale_2D_E,v74a,42,1,448.0,25513,hgca_cma_refined
Beale_2D_E,v74,42,1,451.0,25513,hgca_cma_refined
Beale_2D_E,v54,43,1,236.1,24329,hgca_cma_refined
Beale_2D_E,v71,43,1,250.0,24329,hgca_cma_refined
Beale_2D_E,v74a,43,1,464.0,24329,hgca_cma_refined
Beale_2D_E,v74,43,1,464.4,24329,hgca_cma_refined
Beale_2D_E,v54,44,1,233.4,22850,hgca_cma_refined
Beale_2D_E,v71,44,1,220.0,22850,hgca_cma_refined
Beale_2D_E,v74a,44,1,426.5,22850,hgca_cma_refined
Beale_2D_E,v74,44,1,429.0,22850,hgca_cma_refined
Beale_2D_E,v54,45,1,257.6,25945,hgca_cma_refined
Beale_2D_E,v71,45,1,253.9,25945,hgca_cma_refined
Beale_2D_E,v74a,45,1,462.3,25945,hgca_cma_refined
Beale_2D_E,v74,45,1,471.4,25945,hgca_cma_refined
Beale_2D_E,v54,46,1,237.0,22626,hgca_cma_refined
Beale_2D_E,v71,46,1,227.1,22626,hgca_cma_refined
Beale_2D_E,v74a,46,1,432.9,22626,hgca_cma_refined
Beale_2D_E,v74,46,1,440.2,22626,hgca_cma_refined
Beale_2D_E,v54,47,1,242.4,24513,hgca_cma_refined
Beale_2D_E,v71,47,1,245.2,24513,hgca_cma_refined
Beale_2D_E,v74a,47,1,454.3,24513,hgca_cma_refined
Beale_2D_E,v74,47,1,456.5,24513,hgca_cma_refined
Beale_2D_E,v54,48,1,261.6,26593,hgca_cma_refined
Beale_2D_E,v71,48,1,260.7,26593,hgca_cma_refined
Beale_2D_E,v74a,48,1,464.2,26593,hgca_cma_refined
Beale_2D_E,v74,48,1,464.5,26593,hgca_cma_refined
Beale_2D_E,v54,49,1,239.0,24233,hgca_cma_refined
Beale_2D_E,v71,49,1,252.0,24233,hgca_cma_refined
Beale_2D_E,v74a,49,1,443.5,24233,hgca_cma_refined
Beale_2D_E,v74,49,1,441.0,24233,hgca_cma_refined
Beale_2D_H,v54,0,1,97.0,5598,hgca_cma_refined
Beale_2D_H,v71,0,1,94.3,5598,hgca_cma_refined
Beale_2D_H,v74a,0,1,221.0,5598,hgca_cma_refined
Beale_2D_H,v74,0,1,216.7,5598,hgca_cma_refined
Beale_2D_H,v54,1,1,55.1,0,homotopy_direct
Beale_2D_H,v71,1,1,57.6,0,homotopy_direct
Beale_2D_H,v74a,1,1,170.0,0,homotopy_direct
Beale_2D_H,v74,1,1,172.0,0,homotopy_direct
Beale_2D_H,v54,2,1,85.0,4356,hgca_cma_refined
Beale_2D_H,v71,2,1,88.4,4356,hgca_cma_refined
Beale_2D_H,v74a,2,1,200.0,4356,hgca_cma_refined
Beale_2D_H,v74,2,1,199.8,4356,hgca_cma_refined
Beale_2D_H,v54,3,1,54.0,0,homotopy_direct
Beale_2D_H,v71,3,1,57.2,0,homotopy_direct
Beale_2D_H,v74a,3,1,175.1,0,homotopy_direct
Beale_2D_H,v74,3,1,176.0,0,homotopy_direct
Beale_2D_H,v54,4,1,94.1,5438,hgca_cma_refined
Beale_2D_H,v71,4,1,100.9,5438,hgca_cma_refined
Beale_2D_H,v74a,4,1,216.4,5438,hgca_cma_refined
Beale_2D_H,v74,4,1,214.7,5438,hgca_cma_refined
Beale_2D_H,v54,5,1,92.0,4709,hgca_cma_refined
Beale_2D_H,v71,5,1,89.2,4709,hgca_cma_refined
Beale_2D_H,v74a,5,1,212.0,4709,hgca_cma_refined
Beale_2D_H,v74,5,1,211.0,4709,hgca_cma_refined
Beale_2D_H,v54,6,1,57.0,0,homotopy_direct
Beale_2D_H,v71,6,1,59.0,0,homotopy_direct
Beale_2D_H,v74a,6,1,171.2,0,homotopy_direct
Beale_2D_H,v74,6,1,171.2,0,homotopy_direct
Beale_2D_H,v54,7,1,84.0,5654,hgca_cma_refined
Beale_2D_H,v71,7,1,80.8,5654,hgca_cma_refined
Beale_2D_H,v74a,7,1,202.5,5654,hgca_cma_refined
Beale_2D_H,v74,7,1,197.0,5654,hgca_cma_refined
Beale_2D_H,v54,8,1,24.0,3114,hgca_cma_refined
Beale_2D_H,v71,8,1,24.0,3114,hgca_cma_refined
Beale_2D_H,v74a,8,1,142.0,3114,hgca_cma_refined
Beale_2D_H,v74,8,1,142.1,3114,hgca_cma_refined
Beale_2D_H,v54,9,1,88.9,4581,hgca_cma_refined
Beale_2D_H,v71,9,1,89.1,4581,hgca_cma_refined
Beale_2D_H,v74a,9,1,206.9,4581,hgca_cma_refined
Beale_2D_H,v74,9,1,213.6,4581,hgca_cma_refined
Beale_2D_H,v54,10,1,89.5,5005,hgca_cma_refined
Beale_2D_H,v71,10,1,97.0,5005,hgca_cma_refined
Beale_2D_H,v74a,10,1,213.7,5005,hgca_cma_refined
Beale_2D_H,v74,10,1,215.4,5005,hgca_cma_refined
Beale_2D_H,v54,11,1,87.0,4220,hgca_cma_refined
Beale_2D_H,v71,11,1,90.0,4220,hgca_cma_refined
Beale_2D_H,v74a,11,1,207.3,4220,hgca_cma_refined
Beale_2D_H,v74,11,1,216.0,4220,hgca_cma_refined
Beale_2D_H,v54,12,1,24.0,3091,hgca_cma_refined
Beale_2D_H,v71,12,1,24.0,3091,hgca_cma_refined
Beale_2D_H,v74a,12,1,150.1,3091,hgca_cma_refined
Beale_2D_H,v74,12,1,144.9,3091,hgca_cma_refined
Beale_2D_H,v54,13,1,90.0,4797,hgca_cma_refined
Beale_2D_H,v71,13,1,91.0,4797,hgca_cma_refined
Beale_2D_H,v74a,13,1,205.0,4797,hgca_cma_refined
Beale_2D_H,v74,13,1,203.6,4797,hgca_cma_refined
Beale_2D_H,v54,14,1,93.0,5470,hgca_cma_refined
Beale_2D_H,v71,14,1,94.0,5470,hgca_cma_refined
Beale_2D_H,v74a,14,1,211.1,5470,hgca_cma_refined
Beale_2D_H,v74,14,1,216.4,5470,hgca_cma_refined
Beale_2D_H,v54,15,1,92.0,4693,hgca_cma_refined
Beale_2D_H,v71,15,1,90.1,4693,hgca_cma_refined
Beale_2D_H,v74a,15,1,209.9,4693,hgca_cma_refined
Beale_2D_H,v74,15,1,219.0,4693,hgca_cma_refined
Beale_2D_H,v54,16,1,57.0,0,homotopy_direct
Beale_2D_H,v71,16,1,61.1,0,homotopy_direct
Beale_2D_H,v74a,16,1,175.0,0,homotopy_direct
Beale_2D_H,v74,16,1,172.9,0,homotopy_direct
Beale_2D_H,v54,17,1,30.9,3130,hgca_cma_refined
Beale_2D_H,v71,17,1,28.0,3130,hgca_cma_refined
Beale_2D_H,v74a,17,1,143.0,3130,hgca_cma_refined
Beale_2D_H,v74,17,1,148.1,3130,hgca_cma_refined
Beale_2D_H,v54,18,1,57.5,0,homotopy_direct
Beale_2D_H,v71,18,1,58.1,0,homotopy_direct
Beale_2D_H,v74a,18,1,176.3,0,homotopy_direct
Beale_2D_H,v74,18,1,171.0,0,homotopy_direct
Beale_2D_H,v54,19,1,53.0,0,homotopy_direct
Beale_2D_H,v71,19,1,54.0,0,homotopy_direct
Beale_2D_H,v74a,19,1,157.0,0,homotopy_direct
Beale_2D_H,v74,19,1,159.5,0,homotopy_direct
Beale_2D_H,v54,20,1,22.1,3066,hgca_cma_refined
Beale_2D_H,v71,20,1,21.9,3066,hgca_cma_refined
Beale_2D_H,v74a,20,1,140.5,3066,hgca_cma_refined
Beale_2D_H,v74,20,1,140.4,3066,hgca_cma_refined
Beale_2D_H,v54,21,1,92.9,5622,hgca_cma_refined
Beale_2D_H,v71,21,1,95.0,5622,hgca_cma_refined
Beale_2D_H,v74a,21,1,221.0,5622,hgca_cma_refined
Beale_2D_H,v74,21,1,213.0,5622,hgca_cma_refined
Beale_2D_H,v54,22,1,83.0,5782,hgca_cma_refined
Beale_2D_H,v71,22,1,82.4,5782,hgca_cma_refined
Beale_2D_H,v74a,22,1,197.4,5782,hgca_cma_refined
Beale_2D_H,v74,22,1,192.0,5782,hgca_cma_refined
Beale_2D_H,v54,23,1,77.0,5382,hgca_cma_refined
Beale_2D_H,v71,23,1,79.0,5382,hgca_cma_refined
Beale_2D_H,v74a,23,1,190.1,5382,hgca_cma_refined
Beale_2D_H,v74,23,1,192.4,5382,hgca_cma_refined
Beale_2D_H,v54,24,1,79.0,5198,hgca_cma_refined
Beale_2D_H,v71,24,1,89.0,5198,hgca_cma_refined
Beale_2D_H,v74a,24,1,194.0,5198,hgca_cma_refined
Beale_2D_H,v74,24,1,203.0,5198,hgca_cma_refined
Beale_2D_H,v54,25,1,90.0,5077,hgca_cma_refined
Beale_2D_H,v71,25,1,92.0,5077,hgca_cma_refined
Beale_2D_H,v74a,25,1,203.0,5077,hgca_cma_refined
Beale_2D_H,v74,25,1,214.6,5077,hgca_cma_refined
Beale_2D_H,v54,26,1,59.9,0,homotopy_direct
Beale_2D_H,v71,26,1,59.0,0,homotopy_direct
Beale_2D_H,v74a,26,1,172.1,0,homotopy_direct
Beale_2D_H,v74,26,1,179.0,0,homotopy_direct
Beale_2D_H,v54,27,1,105.9,5726,hgca_cma_refined
Beale_2D_H,v71,27,1,97.5,5726,hgca_cma_refined
Beale_2D_H,v74a,27,1,222.0,5726,hgca_cma_refined
Beale_2D_H,v74,27,1,222.1,5726,hgca_cma_refined
Beale_2D_H,v54,28,1,89.0,4452,hgca_cma_refined
Beale_2D_H,v71,28,1,90.5,4452,hgca_cma_refined
Beale_2D_H,v74a,28,1,216.0,4452,hgca_cma_refined
Beale_2D_H,v74,28,1,210.0,4452,hgca_cma_refined
Beale_2D_H,v54,29,1,93.0,4797,hgca_cma_refined
Beale_2D_H,v71,29,1,94.0,4797,hgca_cma_refined
Beale_2D_H,v74a,29,1,215.0,4797,hgca_cma_refined
Beale_2D_H,v74,29,1,207.0,4797,hgca_cma_refined
Beale_2D_H,v54,30,1,81.0,5550,hgca_cma_refined
Beale_2D_H,v71,30,1,83.0,5550,hgca_cma_refined
Beale_2D_H,v74a,30,1,209.7,5550,hgca_cma_refined
Beale_2D_H,v74,30,1,190.0,5550,hgca_cma_refined
Beale_2D_H,v54,31,1,82.0,5606,hgca_cma_refined
Beale_2D_H,v71,31,1,87.5,5606,hgca_cma_refined
Beale_2D_H,v74a,31,1,215.0,5606,hgca_cma_refined
Beale_2D_H,v74,31,1,209.0,5606,hgca_cma_refined
Beale_2D_H,v54,32,1,89.0,4364,hgca_cma_refined
Beale_2D_H,v71,32,1,92.0,4364,hgca_cma_refined
Beale_2D_H,v74a,32,1,205.0,4364,hgca_cma_refined
Beale_2D_H,v74,32,1,210.3,4364,hgca_cma_refined
Beale_2D_H,v54,33,1,58.0,0,homotopy_direct
Beale_2D_H,v71,33,1,59.0,0,homotopy_direct
Beale_2D_H,v74a,33,1,182.0,0,homotopy_direct
Beale_2D_H,v74,33,1,172.0,0,homotopy_direct
Beale_2D_H,v54,34,1,93.0,5270,hgca_cma_refined
Beale_2D_H,v71,34,1,95.0,5270,hgca_cma_refined
Beale_2D_H,v74a,34,1,228.1,5270,hgca_cma_refined
Beale_2D_H,v74,34,1,219.9,5270,hgca_cma_refined
Beale_2D_H,v54,35,1,58.0,0,homotopy_direct
Beale_2D_H,v71,35,1,57.0,0,homotopy_direct
Beale_2D_H,v74a,35,1,169.7,0,homotopy_direct
Beale_2D_H,v74,35,1,168.2,0,homotopy_direct
Beale_2D_H,v54,36,1,91.0,4973,hgca_cma_refined
Beale_2D_H,v71,36,1,94.0,4973,hgca_cma_refined
Beale_2D_H,v74a,36,1,210.0,4973,hgca_cma_refined
Beale_2D_H,v74,36,1,210.0,4973,hgca_cma_refined
Beale_2D_H,v54,37,1,83.0,3419,hgca_cma_refined
Beale_2D_H,v71,37,1,81.0,3419,hgca_cma_refined
Beale_2D_H,v74a,37,1,198.0,3419,hgca_cma_refined
Beale_2D_H,v74,37,1,216.6,3419,hgca_cma_refined
Beale_2D_H,v54,38,1,60.0,0,homotopy_direct
Beale_2D_H,v71,38,1,59.0,0,homotopy_direct
Beale_2D_H,v74a,38,1,175.0,0,homotopy_direct
Beale_2D_H,v74,38,1,169.0,0,homotopy_direct
Beale_2D_H,v54,39,1,95.0,4861,hgca_cma_refined
Beale_2D_H,v71,39,1,94.0,4861,hgca_cma_refined
Beale_2D_H,v74a,39,1,215.0,4861,hgca_cma_refined
Beale_2D_H,v74,39,1,207.0,4861,hgca_cma_refined
Beale_2D_H,v54,40,1,56.0,0,homotopy_direct
Beale_2D_H,v71,40,1,68.0,0,homotopy_direct
Beale_2D_H,v74a,40,1,177.5,0,homotopy_direct
Beale_2D_H,v74,40,1,169.0,0,homotopy_direct
Beale_2D_H,v54,41,1,55.1,0,homotopy_direct
Beale_2D_H,v71,41,1,57.0,0,homotopy_direct
Beale_2D_H,v74a,41,1,175.0,0,homotopy_direct
Beale_2D_H,v74,41,1,166.9,0,homotopy_direct
Beale_2D_H,v54,42,1,94.0,5277,hgca_cma_refined
Beale_2D_H,v71,42,1,94.1,5277,hgca_cma_refined
Beale_2D_H,v74a,42,1,207.9,5277,hgca_cma_refined
Beale_2D_H,v74,42,1,220.5,5277,hgca_cma_refined
Beale_2D_H,v54,43,1,95.0,5438,hgca_cma_refined
Beale_2D_H,v71,43,1,96.0,5438,hgca_cma_refined
Beale_2D_H,v74a,43,1,214.1,5438,hgca_cma_refined
Beale_2D_H,v74,43,1,217.0,5438,hgca_cma_refined
Beale_2D_H,v54,44,1,85.9,3707,hgca_cma_refined
Beale_2D_H,v71,44,1,84.0,3707,hgca_cma_refined
Beale_2D_H,v74a,44,1,211.0,3707,hgca_cma_refined
Beale_2D_H,v74,44,1,198.5,3707,hgca_cma_refined
Beale_2D_H,v54,45,1,85.0,4397,hgca_cma_refined
Beale_2D_H,v71,45,1,86.0,4397,hgca_cma_refined
Beale_2D_H,v74a,45,1,202.0,4397,hgca_cma_refined
Beale_2D_H,v74,45,1,211.8,4397,hgca_cma_refined
Beale_2D_H,v54,46,1,92.0,5053,hgca_cma_refined
Beale_2D_H,v71,46,1,91.0,5053,hgca_cma_refined
Beale_2D_H,v74a,46,1,211.0,5053,hgca_cma_refined
Beale_2D_H,v74,46,1,204.0,5053,hgca_cma_refined
Beale_2D_H,v54,47,1,88.0,4573,hgca_cma_refined
Beale_2D_H,v71,47,1,89.0,4573,hgca_cma_refined
Beale_2D_H,v74a,47,1,203.7,4573,hgca_cma_refined
Beale_2D_H,v74,47,1,212.0,4573,hgca_cma_refined
Beale_2D_H,v54,48,1,97.0,5518,hgca_cma_refined
Beale_2D_H,v71,48,1,95.0,5518,hgca_cma_refined
Beale_2D_H,v74a,48,1,213.0,5518,hgca_cma_refined
Beale_2D_H,v74,48,1,221.0,5518,hgca_cma_refined
Beale_2D_H,v54,49,1,55.0,0,homotopy_direct
Beale_2D_H,v71,49,1,61.0,0,homotopy_direct
Beale_2D_H,v74a,49,1,179.0,0,homotopy_direct
Beale_2D_H,v74,49,1,174.3,0,homotopy_direct
Beale_2D_M,v54,0,1,0.0,11,direct_newton
Beale_2D_M,v71,0,1,1.0,11,direct_newton
Beale_2D_M,v74a,0,1,0.0,11,direct_newton
Beale_2D_M,v74,0,1,1.0,11,direct_newton
Beale_2D_M,v54,1,1,0.0,11,direct_newton
Beale_2D_M,v71,1,1,1.0,11,direct_newton
Beale_2D_M,v74a,1,1,0.0,11,direct_newton
Beale_2D_M,v74,1,1,1.0,11,direct_newton
Beale_2D_M,v54,2,1,0.0,11,direct_newton
Beale_2D_M,v71,2,1,1.0,11,direct_newton
Beale_2D_M,v74a,2,1,0.0,11,direct_newton
Beale_2D_M,v74,2,1,1.0,11,direct_newton
Beale_2D_M,v54,3,1,0.0,11,direct_newton
Beale_2D_M,v71,3,1,1.0,11,direct_newton
Beale_2D_M,v74a,3,1,0.0,11,direct_newton
Beale_2D_M,v74,3,1,1.0,11,direct_newton
Beale_2D_M,v54,4,1,0.0,11,direct_newton
Beale_2D_M,v71,4,1,1.0,11,direct_newton
Beale_2D_M,v74a,4,1,0.0,11,direct_newton
Beale_2D_M,v74,4,1,0.0,11,direct_newton
Beale_2D_M,v54,5,1,1.1,11,direct_newton
Beale_2D_M,v71,5,1,0.0,11,direct_newton
Beale_2D_M,v74a,5,1,1.0,11,direct_newton
Beale_2D_M,v74,5,1,0.0,11,direct_newton
Beale_2D_M,v54,6,1,0.9,11,direct_newton
Beale_2D_M,v71,6,1,0.0,11,direct_newton
Beale_2D_M,v74a,6,1,1.0,11,direct_newton
Beale_2D_M,v74,6,1,0.0,11,direct_newton
Beale_2D_M,v54,7,1,1.0,11,direct_newton
Beale_2D_M,v71,7,1,0.0,11,direct_newton
Beale_2D_M,v74a,7,1,1.0,11,direct_newton
Beale_2D_M,v74,7,1,0.0,11,direct_newton
Beale_2D_M,v54,8,1,1.0,11,direct_newton
Beale_2D_M,v71,8,1,0.0,11,direct_newton
Beale_2D_M,v74a,8,1,1.0,11,direct_newton
Beale_2D_M,v74,8,1,0.0,11,direct_newton
Beale_2D_M,v54,9,1,1.0,11,direct_newton
Beale_2D_M,v71,9,1,0.0,11,direct_newton
Beale_2D_M,v74a,9,1,0.0,11,direct_newton
Beale_2D_M,v74,9,1,1.0,11,direct_newton
Beale_2D_M,v54,10,1,0.0,11,direct_newton
Beale_2D_M,v71,10,1,1.0,11,direct_newton
Beale_2D_M,v74a,10,1,0.0,11,direct_newton
Beale_2D_M,v74,10,1,1.0,11,direct_newton
Beale_2D_M,v54,11,1,1.0,11,direct_newton
Beale_2D_M,v71,11,1,0.0,11,direct_newton
Beale_2D_M,v74a,11,1,1.0,11,direct_newton
Beale_2D_M,v74,11,1,0.0,11,direct_newton
Beale_2D_M,v54,12,1,1.0,11,direct_newton
Beale_2D_M,v71,12,1,0.0,11,direct_newton
Beale_2D_M,v74a,12,1,1.0,11,direct_newton
Beale_2D_M,v74,12,1,0.0,11,direct_newton
Beale_2D_M,v54,13,1,1.0,11,direct_newton
Beale_2D_M,v71,13,1,0.0,11,direct_newton
Beale_2D_M,v74a,13,1,1.0,11,direct_newton
Beale_2D_M,v74,13,1,0.0,11,direct_newton
Beale_2D_M,v54,14,1,1.0,11,direct_newton
Beale_2D_M,v71,14,1,1.0,11,direct_newton
Beale_2D_M,v74a,14,1,0.0,11,direct_newton
Beale_2D_M,v74,14,1,1.0,11,direct_newton
Beale_2D_M,v54,15,1,0.0,11,direct_newton
Beale_2D_M,v71,15,1,1.0,11,direct_newton
Beale_2D_M,v74a,15,1,0.0,11,direct_newton
Beale_2D_M,v74,15,1,0.0,11,direct_newton
Beale_2D_M,v54,16,1,0.0,11,direct_newton
Beale_2D_M,v71,16,1,1.0,11,direct_newton
Beale_2D_M,v74a,16,1,0.0,11,direct_newton
Beale_2D_M,v74,16,1,1.0,11,direct_newton
Beale_2D_M,v54,17,1,0.0,11,direct_newton
Beale_2D_M,v71,17,1,1.0,11,direct_newton
Beale_2D_M,v74a,17,1,0.0,11,direct_newton
Beale_2D_M,v74,17,1,1.0,11,direct_newton
Beale_2D_M,v54,18,1,0.0,11,direct_newton
Beale_2D_M,v71,18,1,1.0,11,direct_newton
Beale_2D_M,v74a,18,1,0.0,11,direct_newton
Beale_2D_M,v74,18,1,0.0,11,direct_newton
Beale_2D_M,v54,19,1,0.0,11,direct_newton
Beale_2D_M,v71,19,1,1.0,11,direct_newton
Beale_2D_M,v74a,19,1,0.0,11,direct_newton
Beale_2D_M,v74,19,1,0.0,11,direct_newton
Beale_2D_M,v54,20,1,0.0,11,direct_newton
Beale_2D_M,v71,20,1,0.0,11,direct_newton
Beale_2D_M,v74a,20,1,1.0,11,direct_newton
Beale_2D_M,v74,20,1,0.0,11,direct_newton
Beale_2D_M,v54,21,1,0.0,11,direct_newton
Beale_2D_M,v71,21,1,0.0,11,direct_newton
Beale_2D_M,v74a,21,1,1.0,11,direct_newton
Beale_2D_M,v74,21,1,0.0,11,direct_newton
Beale_2D_M,v54,22,1,1.0,11,direct_newton
Beale_2D_M,v71,22,1,0.0,11,direct_newton
Beale_2D_M,v74a,22,1,1.0,11,direct_newton
Beale_2D_M,v74,22,1,0.0,11,direct_newton
Beale_2D_M,v54,23,1,0.0,11,direct_newton
Beale_2D_M,v71,23,1,0.0,11,direct_newton
Beale_2D_M,v74a,23,1,1.0,11,direct_newton
Beale_2D_M,v74,23,1,0.0,11,direct_newton
Beale_2D_M,v54,24,1,0.0,11,direct_newton
Beale_2D_M,v71,24,1,0.0,11,direct_newton
Beale_2D_M,v74a,24,1,1.0,11,direct_newton
Beale_2D_M,v74,24,1,0.0,11,direct_newton
Beale_2D_M,v54,25,1,0.0,11,direct_newton
Beale_2D_M,v71,25,1,0.0,11,direct_newton
Beale_2D_M,v74a,25,1,1.0,11,direct_newton
Beale_2D_M,v74,25,1,0.0,11,direct_newton
Beale_2D_M,v54,26,1,0.0,11,direct_newton
Beale_2D_M,v71,26,1,1.0,11,direct_newton
Beale_2D_M,v74a,26,1,0.0,11,direct_newton
Beale_2D_M,v74,26,1,0.0,11,direct_newton
Beale_2D_M,v54,27,1,0.0,11,direct_newton
Beale_2D_M,v71,27,1,1.0,11,direct_newton
Beale_2D_M,v74a,27,1,0.0,11,direct_newton
Beale_2D_M,v74,27,1,1.0,11,direct_newton
Beale_2D_M,v54,28,1,0.0,11,direct_newton
Beale_2D_M,v71,28,1,1.0,11,direct_newton
Beale_2D_M,v74a,28,1,0.0,11,direct_newton
Beale_2D_M,v74,28,1,1.0,11,direct_newton
Beale_2D_M,v54,29,1,0.0,11,direct_newton
Beale_2D_M,v71,29,1,1.0,11,direct_newton
Beale_2D_M,v74a,29,1,0.0,11,direct_newton
Beale_2D_M,v74,29,1,1.0,11,direct_newton
Beale_2D_M,v54,30,1,0.0,11,direct_newton
Beale_2D_M,v71,30,1,1.0,11,direct_newton
Beale_2D_M,v74a,30,1,0.0,11,direct_newton
Beale_2D_M,v74,30,1,1.0,11,direct_newton
Beale_2D_M,v54,31,1,0.0,11,direct_newton
Beale_2D_M,v71,31,1,1.0,11,direct_newton
Beale_2D_M,v74a,31,1,0.0,11,direct_newton
Beale_2D_M,v74,31,1,1.0,11,direct_newton
Beale_2D_M,v54,32,1,0.0,11,direct_newton
Beale_2D_M,v71,32,1,1.0,11,direct_newton
Beale_2D_M,v74a,32,1,0.0,11,direct_newton
Beale_2D_M,v74,32,1,1.0,11,direct_newton
Beale_2D_M,v54,33,1,0.0,11,direct_newton
Beale_2D_M,v71,33,1,1.0,11,direct_newton
Beale_2D_M,v74a,33,1,0.0,11,direct_newton
Beale_2D_M,v74,33,1,1.0,11,direct_newton
Beale_2D_M,v54,34,1,0.0,11,direct_newton
Beale_2D_M,v71,34,1,1.0,11,direct_newton
Beale_2D_M,v74a,34,1,1.0,11,direct_newton
Beale_2D_M,v74,34,1,1.0,11,direct_newton
Beale_2D_M,v54,35,1,0.0,11,direct_newton
Beale_2D_M,v71,35,1,1.0,11,direct_newton
Beale_2D_M,v74a,35,1,0.0,11,direct_newton
Beale_2D_M,v74,35,1,1.0,11,direct_newton
Beale_2D_M,v54,36,1,0.0,11,direct_newton
Beale_2D_M,v71,36,1,1.0,11,direct_newton
Beale_2D_M,v74a,36,1,1.0,11,direct_newton
Beale_2D_M,v74,36,1,0.0,11,direct_newton
Beale_2D_M,v54,37,1,1.0,11,direct_newton
Beale_2D_M,v71,37,1,0.0,11,direct_newton
Beale_2D_M,v74a,37,1,1.0,11,direct_newton
Beale_2D_M,v74,37,1,0.0,11,direct_newton
Beale_2D_M,v54,38,1,1.0,11,direct_newton
Beale_2D_M,v71,38,1,0.0,11,direct_newton
Beale_2D_M,v74a,38,1,1.0,11,direct_newton
Beale_2D_M,v74,38,1,0.0,11,direct_newton
Beale_2D_M,v54,39,1,1.0,11,direct_newton
Beale_2D_M,v71,39,1,0.0,11,direct_newton
Beale_2D_M,v74a,39,1,1.1,11,direct_newton
Beale_2D_M,v74,39,1,0.0,11,direct_newton
Beale_2D_M,v54,40,1,1.0,11,direct_newton
Beale_2D_M,v71,40,1,0.0,11,direct_newton
Beale_2D_M,v74a,40,1,0.9,11,direct_newton
Beale_2D_M,v74,40,1,0.0,11,direct_newton
Beale_2D_M,v54,41,1,1.1,11,direct_newton
Beale_2D_M,v71,41,1,0.0,11,direct_newton
Beale_2D_M,v74a,41,1,0.0,11,direct_newton
Beale_2D_M,v74,41,1,1.0,11,direct_newton
Beale_2D_M,v54,42,1,0.0,11,direct_newton
Beale_2D_M,v71,42,1,1.0,11,direct_newton
Beale_2D_M,v74a,42,1,0.0,11,direct_newton
Beale_2D_M,v74,42,1,0.9,11,direct_newton
Beale_2D_M,v54,43,1,0.0,11,direct_newton
Beale_2D_M,v71,43,1,1.0,11,direct_newton
Beale_2D_M,v74a,43,1,0.0,11,direct_newton
Beale_2D_M,v74,43,1,1.1,11,direct_newton
Beale_2D_M,v54,44,1,0.0,11,direct_newton
Beale_2D_M,v71,44,1,1.0,11,direct_newton
Beale_2D_M,v74a,44,1,0.0,11,direct_newton
Beale_2D_M,v74,44,1,0.9,11,direct_newton
Beale_2D_M,v54,45,1,0.0,11,direct_newton
Beale_2D_M,v71,45,1,1.0,11,direct_newton
Beale_2D_M,v74a,45,1,0.0,11,direct_newton
Beale_2D_M,v74,45,1,1.0,11,direct_newton
Beale_2D_M,v54,46,1,0.0,11,direct_newton
Beale_2D_M,v71,46,1,1.1,11,direct_newton
Beale_2D_M,v74a,46,1,0.0,11,direct_newton
Beale_2D_M,v74,46,1,0.9,11,direct_newton
Beale_2D_M,v54,47,1,0.0,11,direct_newton
Beale_2D_M,v71,47,1,1.0,11,direct_newton
Beale_2D_M,v74a,47,1,0.0,11,direct_newton
Beale_2D_M,v74,47,1,1.0,11,direct_newton
Beale_2D_M,v54,48,1,0.0,11,direct_newton
Beale_2D_M,v71,48,1,1.0,11,direct_newton
Beale_2D_M,v74a,48,1,0.0,11,direct_newton
Beale_2D_M,v74,48,1,1.0,11,direct_newton
Beale_2D_M,v54,49,1,0.0,11,direct_newton
Beale_2D_M,v71,49,1,1.0,11,direct_newton
Beale_2D_M,v74a,49,1,0.0,11,direct_newton
Beale_2D_M,v74,49,1,1.0,11,direct_newton
Beale_2D_XE,v54,0,1,305.0,31130,hgca_cma_refined
Beale_2D_XE,v71,0,1,303.0,31130,hgca_cma_refined
Beale_2D_XE,v74a,0,1,588.1,31130,hgca_cma_refined
Beale_2D_XE,v74,0,1,616.4,31130,hgca_cma_refined
Beale_2D_XE,v54,1,1,277.6,28450,hgca_cma_refined
Beale_2D_XE,v71,1,1,274.0,28450,hgca_cma_refined
Beale_2D_XE,v74a,1,1,580.6,28450,hgca_cma_refined
Beale_2D_XE,v74,1,1,569.0,28450,hgca_cma_refined
Beale_2D_XE,v54,2,1,289.0,31298,hgca_cma_refined
Beale_2D_XE,v71,2,1,286.9,31298,hgca_cma_refined
Beale_2D_XE,v74a,2,1,618.5,31298,hgca_cma_refined
Beale_2D_XE,v74,2,1,606.4,31298,hgca_cma_refined
Beale_2D_XE,v54,3,1,285.4,29322,hgca_cma_refined
Beale_2D_XE,v71,3,1,291.0,29322,hgca_cma_refined
Beale_2D_XE,v74a,3,1,590.4,29322,hgca_cma_refined
Beale_2D_XE,v74,3,1,585.3,29322,hgca_cma_refined
Beale_2D_XE,v54,4,1,273.0,29570,hgca_cma_refined
Beale_2D_XE,v71,4,1,280.5,29570,hgca_cma_refined
Beale_2D_XE,v74a,4,1,598.0,29570,hgca_cma_refined
Beale_2D_XE,v74,4,1,602.4,29570,hgca_cma_refined
Beale_2D_XE,v54,5,1,295.1,30442,hgca_cma_refined
Beale_2D_XE,v71,5,1,288.9,30442,hgca_cma_refined
Beale_2D_XE,v74a,5,1,595.8,30442,hgca_cma_refined
Beale_2D_XE,v74,5,1,574.0,30442,hgca_cma_refined
Beale_2D_XE,v54,6,1,287.4,28666,hgca_cma_refined
Beale_2D_XE,v71,6,1,278.0,28666,hgca_cma_refined
Beale_2D_XE,v74a,6,1,580.3,28666,hgca_cma_refined
Beale_2D_XE,v74,6,1,586.8,28666,hgca_cma_refined
Beale_2D_XE,v54,7,1,273.0,29482,hgca_cma_refined
Beale_2D_XE,v71,7,1,277.1,29482,hgca_cma_refined
Beale_2D_XE,v74a,7,1,591.0,29482,hgca_cma_refined
Beale_2D_XE,v74,7,1,609.6,29482,hgca_cma_refined
Beale_2D_XE,v54,8,1,282.0,29034,hgca_cma_refined
Beale_2D_XE,v71,8,1,282.0,29034,hgca_cma_refined
Beale_2D_XE,v74a,8,1,562.4,29034,hgca_cma_refined
Beale_2D_XE,v74,8,1,585.0,29034,hgca_cma_refined
Beale_2D_XE,v54,9,1,273.1,29618,hgca_cma_refined
Beale_2D_XE,v71,9,1,269.0,29618,hgca_cma_refined
Beale_2D_XE,v74a,9,1,560.4,29618,hgca_cma_refined
Beale_2D_XE,v74,9,1,592.6,29618,hgca_cma_refined
Beale_2D_XE,v54,10,1,282.1,29881,hgca_cma_refined
Beale_2D_XE,v71,10,1,283.4,29881,hgca_cma_refined
Beale_2D_XE,v74a,10,1,565.8,29881,hgca_cma_refined
Beale_2D_XE,v74,10,1,553.4,29881,hgca_cma_refined
Beale_2D_XE,v54,11,1,308.0,33202,hgca_cma_refined
Beale_2D_XE,v71,11,1,307.5,33202,hgca_cma_refined
Beale_2D_XE,v74a,11,1,610.5,33202,hgca_cma_refined
Beale_2D_XE,v74,11,1,599.0,33202,hgca_cma_refined
Beale_2D_XE,v54,12,1,262.1,28378,hgca_cma_refined
Beale_2D_XE,v71,12,1,263.0,28378,hgca_cma_refined
Beale_2D_XE,v74a,12,1,534.8,28378,hgca_cma_refined
Beale_2D_XE,v74,12,1,549.0,28378,hgca_cma_refined
Beale_2D_XE,v54,13,1,280.3,31146,hgca_cma_refined
Beale_2D_XE,v71,13,1,286.2,31146,hgca_cma_refined
Beale_2D_XE,v74a,13,1,564.0,31146,hgca_cma_refined
Beale_2D_XE,v74,13,1,571.2,31146,hgca_cma_refined
Beale_2D_XE,v54,14,1,257.0,26930,hgca_cma_refined
Beale_2D_XE,v71,14,1,250.0,26930,hgca_cma_refined
Beale_2D_XE,v74a,14,1,522.3,26930,hgca_cma_refined
Beale_2D_XE,v74,14,1,586.2,26930,hgca_cma_refined
Beale_2D_XE,v54,15,1,289.0,30754,hgca_cma_refined
Beale_2D_XE,v71,15,1,281.0,30754,hgca_cma_refined
Beale_2D_XE,v74a,15,1,584.5,30754,hgca_cma_refined
Beale_2D_XE,v74,15,1,564.9,30754,hgca_cma_refined
Beale_2D_XE,v54,16,1,268.0,30450,hgca_cma_refined
Beale_2D_XE,v71,16,1,274.9,30450,hgca_cma_refined
Beale_2D_XE,v74a,16,1,559.8,30450,hgca_cma_refined
Beale_2D_XE,v74,16,1,572.0,30450,hgca_cma_refined
Beale_2D_XE,v54,17,1,282.0,30034,hgca_cma_refined
Beale_2D_XE,v71,17,1,278.0,30034,hgca_cma_refined
Beale_2D_XE,v74a,17,1,579.2,30034,hgca_cma_refined
Beale_2D_XE,v74,17,1,564.0,30034,hgca_cma_refined
Beale_2D_XE,v54,18,1,267.1,29426,hgca_cma_refined
Beale_2D_XE,v71,18,1,268.0,29426,hgca_cma_refined
Beale_2D_XE,v74a,18,1,556.9,29426,hgca_cma_refined
Beale_2D_XE,v74,18,1,562.5,29426,hgca_cma_refined
Beale_2D_XE,v54,19,1,288.0,32146,hgca_cma_refined
Beale_2D_XE,v71,19,1,285.0,32146,hgca_cma_refined
Beale_2D_XE,v74a,19,1,572.1,32146,hgca_cma_refined
Beale_2D_XE,v74,19,1,573.8,32146,hgca_cma_refined
Beale_2D_XE,v54,20,1,264.9,29626,hgca_cma_refined
Beale_2D_XE,v71,20,1,274.9,29626,hgca_cma_refined
Beale_2D_XE,v74a,20,1,573.6,29626,hgca_cma_refined
Beale_2D_XE,v74,20,1,573.0,29626,hgca_cma_refined
Beale_2D_XE,v54,21,1,284.0,29642,hgca_cma_refined
Beale_2D_XE,v71,21,1,272.1,29642,hgca_cma_refined
Beale_2D_XE,v74a,21,1,547.5,29642,hgca_cma_refined
Beale_2D_XE,v74,21,1,553.0,29642,hgca_cma_refined
Beale_2D_XE,v54,22,1,287.3,30458,hgca_cma_refined
Beale_2D_XE,v71,22,1,284.4,30458,hgca_cma_refined
Beale_2D_XE,v74a,22,1,583.0,30458,hgca_cma_refined
Beale_2D_XE,v74,22,1,585.5,30458,hgca_cma_refined
Beale_2D_XE,v54,23,1,293.0,32010,hgca_cma_refined
Beale_2D_XE,v71,23,1,284.0,32010,hgca_cma_refined
Beale_2D_XE,v74a,23,1,557.0,32010,hgca_cma_refined
Beale_2D_XE,v74,23,1,583.4,32010,hgca_cma_refined
Beale_2D_XE,v54,24,1,280.0,29986,hgca_cma_refined
Beale_2D_XE,v71,24,1,280.0,29986,hgca_cma_refined
Beale_2D_XE,v74a,24,1,569.6,29986,hgca_cma_refined
Beale_2D_XE,v74,24,1,555.0,29986,hgca_cma_refined
Beale_2D_XE,v54,25,1,239.9,26402,hgca_cma_refined
Beale_2D_XE,v71,25,1,246.1,26402,hgca_cma_refined
Beale_2D_XE,v74a,25,1,536.5,26402,hgca_cma_refined
Beale_2D_XE,v74,25,1,542.0,26402,hgca_cma_refined
Beale_2D_XE,v54,26,1,278.0,29658,hgca_cma_refined
Beale_2D_XE,v71,26,1,274.6,29658,hgca_cma_refined
Beale_2D_XE,v74a,26,1,687.9,29658,hgca_cma_refined
Beale_2D_XE,v74,26,1,561.0,29658,hgca_cma_refined
Beale_2D_XE,v54,27,1,290.6,30322,hgca_cma_refined
Beale_2D_XE,v71,27,1,291.0,30322,hgca_cma_refined
Beale_2D_XE,v74a,27,1,569.1,30322,hgca_cma_refined
Beale_2D_XE,v74,27,1,600.5,30322,hgca_cma_refined
Beale_2D_XE,v54,28,1,286.9,30674,hgca_cma_refined
Beale_2D_XE,v71,28,1,276.1,30674,hgca_cma_refined
Beale_2D_XE,v74a,28,1,597.4,30674,hgca_cma_refined
Beale_2D_XE,v74,28,1,636.8,30674,hgca_cma_refined
Beale_2D_XE,v54,29,1,302.5,30098,hgca_cma_refined
Beale_2D_XE,v71,29,1,302.5,30098,hgca_cma_refined
Beale_2D_XE,v74a,29,1,610.4,30098,hgca_cma_refined
Beale_2D_XE,v74,29,1,601.3,30098,hgca_cma_refined
Beale_2D_XE,v54,30,1,257.1,27562,hgca_cma_refined
Beale_2D_XE,v71,30,1,257.9,27562,hgca_cma_refined
Beale_2D_XE,v74a,30,1,527.2,27562,hgca_cma_refined
Beale_2D_XE,v74,30,1,537.0,27562,hgca_cma_refined
Beale_2D_XE,v54,31,1,292.6,29962,hgca_cma_refined
Beale_2D_XE,v71,31,1,366.1,29962,hgca_cma_refined
Beale_2D_XE,v74a,31,1,602.2,29962,hgca_cma_refined
Beale_2D_XE,v74,31,1,585.5,29962,hgca_cma_refined
Beale_2D_XE,v54,32,1,250.5,28562,hgca_cma_refined
Beale_2D_XE,v71,32,1,259.0,28562,hgca_cma_refined
Beale_2D_XE,v74a,32,1,555.6,28562,hgca_cma_refined
Beale_2D_XE,v74,32,1,549.5,28562,hgca_cma_refined
Beale_2D_XE,v54,33,1,288.5,29778,hgca_cma_refined
Beale_2D_XE,v71,33,1,274.6,29778,hgca_cma_refined
Beale_2D_XE,v74a,33,1,560.1,29778,hgca_cma_refined
Beale_2D_XE,v74,33,1,553.6,29778,hgca_cma_refined
Beale_2D_XE,v54,34,1,274.3,28802,hgca_cma_refined
Beale_2D_XE,v71,34,1,292.0,28802,hgca_cma_refined
Beale_2D_XE,v74a,34,1,577.4,28802,hgca_cma_refined
Beale_2D_XE,v74,34,1,574.6,28802,hgca_cma_refined
Beale_2D_XE,v54,35,1,284.2,30170,hgca_cma_refined
Beale_2D_XE,v71,35,1,289.0,30170,hgca_cma_refined
Beale_2D_XE,v74a,35,1,564.1,30170,hgca_cma_refined
Beale_2D_XE,v74,35,1,564.9,30170,hgca_cma_refined
Beale_2D_XE,v54,36,1,291.0,32274,hgca_cma_refined
Beale_2D_XE,v71,36,1,334.8,32274,hgca_cma_refined
Beale_2D_XE,v74a,36,1,599.5,32274,hgca_cma_refined
Beale_2D_XE,v74,36,1,616.3,32274,hgca_cma_refined
Beale_2D_XE,v54,37,1,274.5,30098,hgca_cma_refined
Beale_2D_XE,v71,37,1,275.6,30098,hgca_cma_refined
Beale_2D_XE,v74a,37,1,559.0,30098,hgca_cma_refined
Beale_2D_XE,v74,37,1,591.6,30098,hgca_cma_refined
Beale_2D_XE,v54,38,1,274.1,27594,hgca_cma_refined
Beale_2D_XE,v71,38,1,281.0,27594,hgca_cma_refined
Beale_2D_XE,v74a,38,1,557.0,27594,hgca_cma_refined
Beale_2D_XE,v74,38,1,548.4,27594,hgca_cma_refined
Beale_2D_XE,v54,39,1,269.3,29361,hgca_cma_refined
Beale_2D_XE,v71,39,1,263.8,29361,hgca_cma_refined
Beale_2D_XE,v74a,39,1,558.8,29361,hgca_cma_refined
Beale_2D_XE,v74,39,1,569.6,29361,hgca_cma_refined
Beale_2D_XE,v54,40,1,288.0,30458,hgca_cma_refined
Beale_2D_XE,v71,40,1,292.0,30458,hgca_cma_refined
Beale_2D_XE,v74a,40,1,571.9,30458,hgca_cma_refined
Beale_2D_XE,v74,40,1,575.9,30458,hgca_cma_refined
Beale_2D_XE,v54,41,1,277.1,30882,hgca_cma_refined
Beale_2D_XE,v71,41,1,292.6,30882,hgca_cma_refined
Beale_2D_XE,v74a,41,1,575.0,30882,hgca_cma_refined
Beale_2D_XE,v74,41,1,591.0,30882,hgca_cma_refined
Beale_2D_XE,v54,42,1,275.1,28986,hgca_cma_refined
Beale_2D_XE,v71,42,1,285.5,28986,hgca_cma_refined
Beale_2D_XE,v74a,42,1,562.1,28986,hgca_cma_refined
Beale_2D_XE,v74,42,1,562.7,28986,hgca_cma_refined
Beale_2D_XE,v54,43,1,276.1,28602,hgca_cma_refined
Beale_2D_XE,v71,43,1,269.0,28602,hgca_cma_refined
Beale_2D_XE,v74a,43,1,576.1,28602,hgca_cma_refined
Beale_2D_XE,v74,43,1,575.0,28602,hgca_cma_refined
Beale_2D_XE,v54,44,1,282.4,30722,hgca_cma_refined
Beale_2D_XE,v71,44,1,277.0,30722,hgca_cma_refined
Beale_2D_XE,v74a,44,1,570.5,30722,hgca_cma_refined
Beale_2D_XE,v74,44,1,599.1,30722,hgca_cma_refined
Beale_2D_XE,v54,45,1,303.0,32074,hgca_cma_refined
Beale_2D_XE,v71,45,1,295.9,32074,hgca_cma_refined
Beale_2D_XE,v74a,45,1,593.4,32074,hgca_cma_refined
Beale_2D_XE,v74,45,1,583.0,32074,hgca_cma_refined
Beale_2D_XE,v54,46,1,299.7,32826,hgca_cma_refined
Beale_2D_XE,v71,46,1,292.9,32826,hgca_cma_refined
Beale_2D_XE,v74a,46,1,595.0,32826,hgca_cma_refined
Beale_2D_XE,v74,46,1,607.5,32826,hgca_cma_refined
Beale_2D_XE,v54,47,1,282.0,30538,hgca_cma_refined
Beale_2D_XE,v71,47,1,283.1,30538,hgca_cma_refined
Beale_2D_XE,v74a,47,1,568.8,30538,hgca_cma_refined
Beale_2D_XE,v74,47,1,568.9,30538,hgca_cma_refined
Beale_2D_XE,v54,48,1,279.9,31010,hgca_cma_refined
Beale_2D_XE,v71,48,1,285.0,31010,hgca_cma_refined
Beale_2D_XE,v74a,48,1,583.9,31010,hgca_cma_refined
Beale_2D_XE,v74,48,1,577.6,31010,hgca_cma_refined
Beale_2D_XE,v54,49,1,276.7,29714,hgca_cma_refined
Beale_2D_XE,v71,49,1,271.9,29714,hgca_cma_refined
Beale_2D_XE,v74a,49,1,543.1,29714,hgca_cma_refined
Beale_2D_XE,v74,49,1,553.8,29714,hgca_cma_refined
Griewank_20D,v54,0,1,1099.0,76836,hgca_cma_refined
Griewank_20D,v71,0,1,665.0,76836,hgca_cma_refined
Griewank_20D,v74a,0,1,42260.3,76836,hgca_cma_refined
Griewank_20D,v74,0,1,41471.3,76836,hgca_cma_refined
Griewank_20D,v54,1,1,2.0,11,direct_newton
Griewank_20D,v71,1,1,1.0,11,direct_newton
Griewank_20D,v74a,1,1,2.0,11,direct_newton
Griewank_20D,v74,1,1,2.0,11,direct_newton
Griewank_20D,v54,2,1,709.8,76840,hgca_cma_refined
Griewank_20D,v71,2,1,709.6,76840,hgca_cma_refined
Griewank_20D,v74a,2,1,37268.4,76840,hgca_cma_refined
Griewank_20D,v74,2,1,37257.3,76840,hgca_cma_refined
Griewank_20D,v54,3,1,672.0,76838,hgca_cma_refined
Griewank_20D,v71,3,1,703.9,76838,hgca_cma_refined
Griewank_20D,v74a,3,1,44547.8,76838,hgca_cma_refined
Griewank_20D,v74,3,1,45947.3,76838,hgca_cma_refined
Griewank_20D,v54,4,1,705.6,76838,hgca_cma_refined
Griewank_20D,v71,4,1,716.3,76838,hgca_cma_refined
Griewank_20D,v74a,4,1,40004.9,76838,hgca_cma_refined
Griewank_20D,v74,4,1,39974.7,76838,hgca_cma_refined
Griewank_20D,v54,5,1,634.4,76844,hgca_cma_refined
Griewank_20D,v71,5,1,633.0,76844,hgca_cma_refined
Griewank_20D,v74a,5,1,40210.9,76844,hgca_cma_refined
Griewank_20D,v74,5,1,40664.5,76844,hgca_cma_refined
Griewank_20D,v54,6,1,733.6,79536,hgca_cma_refined
Griewank_20D,v71,6,1,720.3,79536,hgca_cma_refined
Griewank_20D,v74a,6,1,54885.3,79536,hgca_cma_refined
Griewank_20D,v74,6,1,54694.2,79536,hgca_cma_refined
Griewank_20D,v54,7,1,765.7,76839,hgca_cma_refined
Griewank_20D,v71,7,1,736.0,76839,hgca_cma_refined
Griewank_20D,v74a,7,1,35403.6,76839,hgca_cma_refined
Griewank_20D,v74,7,1,34881.8,76839,hgca_cma_refined
Griewank_20D,v54,8,1,677.0,76838,hgca_cma_refined
Griewank_20D,v71,8,1,668.0,76838,hgca_cma_refined
Griewank_20D,v74a,8,1,38269.1,76838,hgca_cma_refined
Griewank_20D,v74,8,1,38905.5,76838,hgca_cma_refined
Griewank_20D,v54,9,1,728.0,76843,hgca_cma_refined
Griewank_20D,v71,9,1,699.2,76843,hgca_cma_refined
Griewank_20D,v74a,9,1,36570.6,76843,hgca_cma_refined
Griewank_20D,v74,9,1,36260.2,76843,hgca_cma_refined
Griewank_20D,v54,10,1,2.0,12,direct_newton
Griewank_20D,v71,10,1,1.0,12,direct_newton
Griewank_20D,v74a,10,1,3.0,12,direct_newton
Griewank_20D,v74,10,1,2.0,12,direct_newton
Griewank_20D,v54,11,1,679.4,76836,hgca_cma_refined
Griewank_20D,v71,11,1,678.0,76836,hgca_cma_refined
Griewank_20D,v74a,11,1,36046.5,76836,hgca_cma_refined
Griewank_20D,v74,11,1,36273.7,76836,hgca_cma_refined
Griewank_20D,v54,12,1,785.0,79240,hgca_cma_refined
Griewank_20D,v71,12,1,767.5,79240,hgca_cma_refined
Griewank_20D,v74a,12,1,37017.2,79240,hgca_cma_refined
Griewank_20D,v74,12,1,36824.7,79240,hgca_cma_refined
Griewank_20D,v54,13,1,708.2,76839,hgca_cma_refined
Griewank_20D,v71,13,1,692.0,76839,hgca_cma_refined
Griewank_20D,v74a,13,1,47329.5,76839,hgca_cma_refined
Griewank_20D,v74,13,1,46480.6,76839,hgca_cma_refined
Griewank_20D,v54,14,1,711.6,76837,hgca_cma_refined
Griewank_20D,v71,14,1,713.4,76837,hgca_cma_refined
Griewank_20D,v74a,14,1,35996.1,76837,hgca_cma_refined
Griewank_20D,v74,14,1,36553.2,76837,hgca_cma_refined
Griewank_20D,v54,15,1,653.1,76840,hgca_cma_refined
Griewank_20D,v71,15,1,668.9,76840,hgca_cma_refined
Griewank_20D,v74a,15,1,57874.1,76840,hgca_cma_refined
Griewank_20D,v74,15,1,58038.3,76840,hgca_cma_refined
Griewank_20D,v54,16,1,683.7,76839,hgca_cma_refined
Griewank_20D,v71,16,1,723.2,76839,hgca_cma_refined
Griewank_20D,v74a,16,1,70828.0,76839,hgca_cma_refined
Griewank_20D,v74,16,1,41977.3,76839,hgca_cma_refined
Griewank_20D,v54,17,1,737.4,76838,hgca_cma_refined
Griewank_20D,v71,17,1,742.8,76838,hgca_cma_refined
Griewank_20D,v74a,17,1,50629.1,76838,hgca_cma_refined
Griewank_20D,v74,17,1,50768.7,76838,hgca_cma_refined
Griewank_20D,v54,18,1,690.3,76836,hgca_cma_refined
Griewank_20D,v71,18,1,692.0,76836,hgca_cma_refined
Griewank_20D,v74a,18,1,38536.7,76836,hgca_cma_refined
Griewank_20D,v74,18,1,38023.8,76836,hgca_cma_refined
Griewank_20D,v54,19,1,737.5,76840,hgca_cma_refined
Griewank_20D,v71,19,1,722.2,76840,hgca_cma_refined
Griewank_20D,v74a,19,1,38386.6,76840,hgca_cma_refined
Griewank_20D,v74,19,1,38435.7,76840,hgca_cma_refined
Griewank_20D,v54,20,1,669.9,76841,hgca_cma_refined
Griewank_20D,v71,20,1,678.4,76841,hgca_cma_refined
Griewank_20D,v74a,20,1,41846.7,76841,hgca_cma_refined
Griewank_20D,v74,20,1,42320.3,76841,hgca_cma_refined
Griewank_20D,v54,21,1,731.0,76836,hgca_cma_refined
Griewank_20D,v71,21,1,683.0,76836,hgca_cma_refined
Griewank_20D,v74a,21,1,42147.5,76836,hgca_cma_refined
Griewank_20D,v74,21,1,42115.6,76836,hgca_cma_refined
Griewank_20D,v54,22,1,2.0,11,direct_newton
Griewank_20D,v71,22,1,1.0,11,direct_newton
Griewank_20D,v74a,22,1,2.0,11,direct_newton
Griewank_20D,v74,22,1,2.0,11,direct_newton
Griewank_20D,v54,23,1,40.0,0,homotopy_direct
Griewank_20D,v71,23,1,39.8,0,homotopy_direct
Griewank_20D,v74a,23,1,42007.1,0,homotopy_direct
Griewank_20D,v74,23,1,42343.6,0,homotopy_direct
Griewank_20D,v54,24,1,708.7,76840,hgca_cma_refined
Griewank_20D,v71,24,1,686.0,76840,hgca_cma_refined
Griewank_20D,v74a,24,1,8282.9,76840,hgca_cma_refined
Griewank_20D,v74,24,1,8258.8,76840,hgca_cma_refined
Griewank_20D,v54,25,1,676.1,76836,hgca_cma_refined
Griewank_20D,v71,25,1,668.4,76836,hgca_cma_refined
Griewank_20D,v74a,25,1,42217.6,76836,hgca_cma_refined
Griewank_20D,v74,25,1,42046.8,76836,hgca_cma_refined
Griewank_20D,v54,26,1,2.1,11,direct_newton
Griewank_20D,v71,26,1,2.0,11,direct_newton
Griewank_20D,v74a,26,1,2.0,11,direct_newton
Griewank_20D,v74,26,1,2.0,11,direct_newton
Griewank_20D,v54,27,1,0.9,11,direct_newton
Griewank_20D,v71,27,1,2.1,11,direct_newton
Griewank_20D,v74a,27,1,2.0,11,direct_newton
Griewank_20D,v74,27,1,1.9,11,direct_newton
Griewank_20D,v54,28,1,725.9,76840,hgca_cma_refined
Griewank_20D,v71,28,1,719.8,76840,hgca_cma_refined
Griewank_20D,v74a,28,1,60640.0,76840,hgca_cma_refined
Griewank_20D,v74,28,1,60341.2,76840,hgca_cma_refined
Griewank_20D,v54,29,1,708.3,76839,hgca_cma_refined
Griewank_20D,v71,29,1,745.0,76839,hgca_cma_refined
Griewank_20D,v74a,29,1,42939.9,76839,hgca_cma_refined
Griewank_20D,v74,29,1,57460.9,76839,hgca_cma_refined
Griewank_20D,v54,30,1,751.5,76840,hgca_cma_refined
Griewank_20D,v71,30,1,777.0,76840,hgca_cma_refined
Griewank_20D,v74a,30,1,8531.1,76840,hgca_cma_refined
Griewank_20D,v74,30,1,8548.5,76840,hgca_cma_refined
Griewank_20D,v54,31,1,681.0,76840,hgca_cma_refined
Griewank_20D,v71,31,1,678.0,76840,hgca_cma_refined
Griewank_20D,v74a,31,1,37351.4,76840,hgca_cma_refined
Griewank_20D,v74,31,1,44388.5,76840,hgca_cma_refined
Griewank_20D,v54,32,1,1.0,11,direct_newton
Griewank_20D,v71,32,1,2.0,11,direct_newton
Griewank_20D,v74a,32,1,2.0,11,direct_newton
Griewank_20D,v74,32,1,2.0,11,direct_newton
Griewank_20D,v54,33,1,703.1,76843,hgca_cma_refined
Griewank_20D,v71,33,1,673.8,76843,hgca_cma_refined
Griewank_20D,v74a,33,1,43169.6,76843,hgca_cma_refined
Griewank_20D,v74,33,1,44282.9,76843,hgca_cma_refined
Griewank_20D,v54,34,1,2.0,11,direct_newton
Griewank_20D,v71,34,1,2.0,11,direct_newton
Griewank_20D,v74a,34,1,1.0,11,direct_newton
Griewank_20D,v74,34,1,2.0,11,direct_newton
Griewank_20D,v54,35,1,831.7,79245,hgca_cma_refined
Griewank_20D,v71,35,1,814.6,79245,hgca_cma_refined
Griewank_20D,v74a,35,1,45262.8,79245,hgca_cma_refined
Griewank_20D,v74,35,1,44821.2,79245,hgca_cma_refined
Griewank_20D,v54,36,1,687.0,76836,hgca_cma_refined
Griewank_20D,v71,36,1,683.9,76836,hgca_cma_refined
Griewank_20D,v74a,36,1,38885.7,76836,hgca_cma_refined
Griewank_20D,v74,36,1,38918.4,76836,hgca_cma_refined
Griewank_20D,v54,37,1,2.0,11,direct_newton
Griewank_20D,v71,37,1,1.0,11,direct_newton
Griewank_20D,v74a,37,1,2.0,11,direct_newton
Griewank_20D,v74,37,1,2.0,11,direct_newton
Griewank_20D,v54,38,1,2.0,11,direct_newton
Griewank_20D,v71,38,1,1.0,11,direct_newton
Griewank_20D,v74a,38,1,2.0,11,direct_newton
Griewank_20D,v74,38,1,2.0,11,direct_newton
Griewank_20D,v54,39,1,698.5,76839,hgca_cma_refined
Griewank_20D,v71,39,1,663.3,76839,hgca_cma_refined
Griewank_20D,v74a,39,1,59578.9,76839,hgca_cma_refined
Griewank_20D,v74,39,1,60367.4,76839,hgca_cma_refined
Griewank_20D,v54,40,1,706.0,76840,hgca_cma_refined
Griewank_20D,v71,40,1,695.4,76840,hgca_cma_refined
Griewank_20D,v74a,40,1,41385.3,76840,hgca_cma_refined
Griewank_20D,v74,40,1,45837.2,76840,hgca_cma_refined
Griewank_20D,v54,41,1,720.4,76836,hgca_cma_refined
Griewank_20D,v71,41,1,720.0,76836,hgca_cma_refined
Griewank_20D,v74a,41,1,43100.1,76836,hgca_cma_refined
Griewank_20D,v74,41,1,42997.8,76836,hgca_cma_refined
Griewank_20D,v54,42,1,756.7,76840,hgca_cma_refined
Griewank_20D,v71,42,1,774.0,76840,hgca_cma_refined
Griewank_20D,v74a,42,1,57970.6,76840,hgca_cma_refined
Griewank_20D,v74,42,1,56442.8,76840,hgca_cma_refined
Griewank_20D,v54,43,1,792.5,76840,hgca_cma_refined
Griewank_20D,v71,43,1,815.5,76840,hgca_cma_refined
Griewank_20D,v74a,43,1,42489.7,76840,hgca_cma_refined
Griewank_20D,v74,43,1,42276.5,76840,hgca_cma_refined
Griewank_20D,v54,44,1,766.0,76839,hgca_cma_refined
Griewank_20D,v71,44,1,762.4,76839,hgca_cma_refined
Griewank_20D,v74a,44,1,8478.0,76839,hgca_cma_refined
Griewank_20D,v74,44,1,8598.9,76839,hgca_cma_refined
Griewank_20D,v54,45,1,797.4,76836,hgca_cma_refined
Griewank_20D,v71,45,1,816.0,76836,hgca_cma_refined
Griewank_20D,v74a,45,1,44354.1,76836,hgca_cma_refined
Griewank_20D,v74,45,1,44400.8,76836,hgca_cma_refined
Griewank_20D,v54,46,1,3.0,11,direct_newton
Griewank_20D,v71,46,1,1.0,11,direct_newton
Griewank_20D,v74a,46,1,2.0,11,direct_newton
Griewank_20D,v74,46,1,3.0,11,direct_newton
Griewank_20D,v54,47,1,711.0,76840,hgca_cma_refined
Griewank_20D,v71,47,1,744.0,76840,hgca_cma_refined
Griewank_20D,v74a,47,1,46263.3,76840,hgca_cma_refined
Griewank_20D,v74,47,1,44774.6,76840,hgca_cma_refined
Griewank_20D,v54,48,1,846.0,76840,hgca_cma_refined
Griewank_20D,v71,48,1,844.4,76840,hgca_cma_refined
Griewank_20D,v74a,48,1,9069.4,76840,hgca_cma_refined
Griewank_20D,v74,48,1,8410.6,76840,hgca_cma_refined
Griewank_20D,v54,49,1,2.0,11,direct_newton
Griewank_20D,v71,49,1,2.0,11,direct_newton
Griewank_20D,v74a,49,1,1.0,11,direct_newton
Griewank_20D,v74,49,1,2.0,11,direct_newton
Michalewicz_10D_XE,v54,0,1,350.1,30380,hgca_cma_refined
Michalewicz_10D_XE,v71,0,1,307.3,30380,hgca_cma_refined
Michalewicz_10D_XE,v74a,0,1,3041.5,30380,hgca_cma_refined
Michalewicz_10D_XE,v74,0,1,3070.4,30380,hgca_cma_refined
Michalewicz_10D_XE,v54,1,1,195.1,24731,hgca_cma_refined
Michalewicz_10D_XE,v71,1,1,201.0,24731,hgca_cma_refined
Michalewicz_10D_XE,v74a,1,1,920.2,24731,hgca_cma_refined
Michalewicz_10D_XE,v74,1,1,929.6,24731,hgca_cma_refined
Michalewicz_10D_XE,v54,2,1,235.5,23676,hgca_cma_refined
Michalewicz_10D_XE,v71,2,1,237.6,23676,hgca_cma_refined
Michalewicz_10D_XE,v74a,2,1,3439.0,23676,hgca_cma_refined
Michalewicz_10D_XE,v74,2,1,3475.3,23676,hgca_cma_refined
Michalewicz_10D_XE,v54,3,1,218.0,28159,hgca_cma_refined
Michalewicz_10D_XE,v71,3,1,221.0,28159,hgca_cma_refined
Michalewicz_10D_XE,v74a,3,1,2273.5,28159,hgca_cma_refined
Michalewicz_10D_XE,v74,3,1,2372.8,28159,hgca_cma_refined
Michalewicz_10D_XE,v54,4,1,248.9,24602,hgca_cma_refined
Michalewicz_10D_XE,v71,4,1,192.0,24602,hgca_cma_refined
Michalewicz_10D_XE,v74a,4,1,1539.1,24602,hgca_cma_refined
Michalewicz_10D_XE,v74,4,1,1527.6,24602,hgca_cma_refined
Michalewicz_10D_XE,v54,5,1,389.8,31867,hgca_cma_refined
Michalewicz_10D_XE,v71,5,1,398.4,31867,hgca_cma_refined
Michalewicz_10D_XE,v74a,5,1,5139.4,31867,hgca_cma_refined
Michalewicz_10D_XE,v74,5,1,5293.5,31867,hgca_cma_refined
Michalewicz_10D_XE,v54,6,1,408.0,34194,hgca_cma_refined
Michalewicz_10D_XE,v71,6,1,404.0,34194,hgca_cma_refined
Michalewicz_10D_XE,v74a,6,1,1549.0,34194,hgca_cma_refined
Michalewicz_10D_XE,v74,6,1,1558.1,34194,hgca_cma_refined
Michalewicz_10D_XE,v54,7,1,433.9,26584,hgca_cma_refined
Michalewicz_10D_XE,v71,7,1,428.9,26584,hgca_cma_refined
Michalewicz_10D_XE,v74a,7,1,2462.8,26584,hgca_cma_refined
Michalewicz_10D_XE,v74,7,1,2356.9,26584,hgca_cma_refined
Michalewicz_10D_XE,v54,8,1,203.0,27037,hgca_cma_refined
Michalewicz_10D_XE,v71,8,1,208.6,27037,hgca_cma_refined
Michalewicz_10D_XE,v74a,8,1,1399.9,27037,hgca_cma_refined
Michalewicz_10D_XE,v74,8,1,1340.2,27037,hgca_cma_refined
Michalewicz_10D_XE,v54,9,1,3.0,0,homotopy_direct
Michalewicz_10D_XE,v71,9,1,2.0,0,homotopy_direct
Michalewicz_10D_XE,v74a,9,1,4737.3,0,homotopy_direct
Michalewicz_10D_XE,v74,9,1,4764.6,0,homotopy_direct
Michalewicz_10D_XE,v54,10,1,263.6,33285,hgca_cma_refined
Michalewicz_10D_XE,v71,10,1,250.0,33285,hgca_cma_refined
Michalewicz_10D_XE,v74a,10,1,1531.1,33285,hgca_cma_refined
Michalewicz_10D_XE,v74,10,1,1511.5,33285,hgca_cma_refined
Michalewicz_10D_XE,v54,11,1,2.0,0,homotopy_direct
Michalewicz_10D_XE,v71,11,1,2.0,0,homotopy_direct
Michalewicz_10D_XE,v74a,11,1,2530.3,0,homotopy_direct
Michalewicz_10D_XE,v74,11,1,2495.2,0,homotopy_direct
Michalewicz_10D_XE,v54,12,1,457.0,28454,hgca_cma_refined
Michalewicz_10D_XE,v71,12,1,453.5,28454,hgca_cma_refined
Michalewicz_10D_XE,v74a,12,1,3427.8,28454,hgca_cma_refined
Michalewicz_10D_XE,v74,12,1,3335.1,28454,hgca_cma_refined
Michalewicz_10D_XE,v54,13,1,219.4,28815,hgca_cma_refined
Michalewicz_10D_XE,v71,13,1,226.0,28815,hgca_cma_refined
Michalewicz_10D_XE,v74a,13,1,5094.3,28815,hgca_cma_refined
Michalewicz_10D_XE,v74,13,1,5000.2,28815,hgca_cma_refined
Michalewicz_10D_XE,v54,14,1,251.0,25104,hgca_cma_refined
Michalewicz_10D_XE,v71,14,1,243.5,25104,hgca_cma_refined
Michalewicz_10D_XE,v74a,14,1,3013.2,25104,hgca_cma_refined
Michalewicz_10D_XE,v74,14,1,2986.5,25104,hgca_cma_refined
Michalewicz_10D_XE,v54,15,1,323.0,28242,hgca_cma_refined
Michalewicz_10D_XE,v71,15,1,289.0,28242,hgca_cma_refined
Michalewicz_10D_XE,v74a,15,1,1962.4,28242,hgca_cma_refined
Michalewicz_10D_XE,v74,15,1,2001.3,28242,hgca_cma_refined
Michalewicz_10D_XE,v54,16,1,223.0,28705,hgca_cma_refined
Michalewicz_10D_XE,v71,16,1,217.5,28705,hgca_cma_refined
Michalewicz_10D_XE,v74a,16,1,3033.2,28705,hgca_cma_refined
Michalewicz_10D_XE,v74,16,1,3057.0,28705,hgca_cma_refined
Michalewicz_10D_XE,v54,17,1,208.4,28095,hgca_cma_refined
Michalewicz_10D_XE,v71,17,1,206.0,28095,hgca_cma_refined
Michalewicz_10D_XE,v74a,17,1,2562.2,28095,hgca_cma_refined
Michalewicz_10D_XE,v74,17,1,2679.0,28095,hgca_cma_refined
Michalewicz_10D_XE,v54,18,1,376.0,28781,hgca_cma_refined
Michalewicz_10D_XE,v71,18,1,376.5,28781,hgca_cma_refined
Michalewicz_10D_XE,v74a,18,1,4569.3,28781,hgca_cma_refined
Michalewicz_10D_XE,v74,18,1,4705.5,28781,hgca_cma_refined
Michalewicz_10D_XE,v54,19,1,196.0,24348,hgca_cma_refined
Michalewicz_10D_XE,v71,19,1,189.3,24348,hgca_cma_refined
Michalewicz_10D_XE,v74a,19,1,2973.4,24348,hgca_cma_refined
Michalewicz_10D_XE,v74,19,1,2895.8,24348,hgca_cma_refined
Michalewicz_10D_XE,v54,20,1,220.0,26136,hgca_cma_refined
Michalewicz_10D_XE,v71,20,1,221.1,26136,hgca_cma_refined
Michalewicz_10D_XE,v74a,20,1,3182.9,26136,hgca_cma_refined
Michalewicz_10D_XE,v74,20,1,3177.8,26136,hgca_cma_refined
Michalewicz_10D_XE,v54,21,1,401.5,29119,hgca_cma_refined
Michalewicz_10D_XE,v71,21,1,404.7,29119,hgca_cma_refined
Michalewicz_10D_XE,v74a,21,1,2160.0,29119,hgca_cma_refined
Michalewicz_10D_XE,v74,21,1,2267.1,29119,hgca_cma_refined
Michalewicz_10D_XE,v54,22,1,146.4,18167,hgca_cma_best
Michalewicz_10D_XE,v71,22,1,144.0,18167,hgca_cma_best
Michalewicz_10D_XE,v74a,22,1,3592.9,18167,hgca_cma_best
Michalewicz_10D_XE,v74,22,1,3582.4,18167,hgca_cma_best
Michalewicz_10D_XE,v54,23,1,389.7,31271,hgca_cma_refined
Michalewicz_10D_XE,v71,23,1,403.0,31271,hgca_cma_refined
Michalewicz_10D_XE,v74a,23,1,1139.6,31271,hgca_cma_refined
Michalewicz_10D_XE,v74,23,1,1115.8,31271,hgca_cma_refined
Michalewicz_10D_XE,v54,24,1,240.0,30245,hgca_cma_refined
Michalewicz_10D_XE,v71,24,1,237.0,30245,hgca_cma_refined
Michalewicz_10D_XE,v74a,24,1,4759.9,30245,hgca_cma_refined
Michalewicz_10D_XE,v74,24,1,4948.9,30245,hgca_cma_refined
Michalewicz_10D_XE,v54,25,1,237.0,28574,hgca_cma_refined
Michalewicz_10D_XE,v71,25,1,213.0,28574,hgca_cma_refined
Michalewicz_10D_XE,v74a,25,1,2951.1,28574,hgca_cma_refined
Michalewicz_10D_XE,v74,25,1,2924.0,28574,hgca_cma_refined
Michalewicz_10D_XE,v54,26,1,211.0,29165,hgca_cma_refined
Michalewicz_10D_XE,v71,26,1,210.0,29165,hgca_cma_refined
Michalewicz_10D_XE,v74a,26,1,923.0,29165,hgca_cma_refined
Michalewicz_10D_XE,v74,26,1,907.2,29165,hgca_cma_refined
Michalewicz_10D_XE,v54,27,1,405.5,25145,hgca_cma_refined
Michalewicz_10D_XE,v71,27,1,400.0,25145,hgca_cma_refined
Michalewicz_10D_XE,v74a,27,1,3019.7,25145,hgca_cma_refined
Michalewicz_10D_XE,v74,27,1,3016.5,25145,hgca_cma_refined
Michalewicz_10D_XE,v54,28,1,370.6,31227,hgca_cma_refined
Michalewicz_10D_XE,v71,28,1,369.0,31227,hgca_cma_refined
Michalewicz_10D_XE,v74a,28,1,2655.0,31227,hgca_cma_refined
Michalewicz_10D_XE,v74,28,1,2656.7,31227,hgca_cma_refined
Michalewicz_10D_XE,v54,29,1,223.0,29536,hgca_cma_refined
Michalewicz_10D_XE,v71,29,1,220.0,29536,hgca_cma_refined
Michalewicz_10D_XE,v74a,29,1,2299.1,29536,hgca_cma_refined
Michalewicz_10D_XE,v74,29,1,2272.7,29536,hgca_cma_refined
Michalewicz_10D_XE,v54,30,1,2.0,0,homotopy_direct
Michalewicz_10D_XE,v71,30,1,2.0,0,homotopy_direct
Michalewicz_10D_XE,v74a,30,1,1204.0,0,homotopy_direct
Michalewicz_10D_XE,v74,30,1,1213.6,0,homotopy_direct
Michalewicz_10D_XE,v54,31,1,208.9,28255,hgca_cma_refined
Michalewicz_10D_XE,v71,31,1,208.0,28255,hgca_cma_refined
Michalewicz_10D_XE,v74a,31,1,2022.5,28255,hgca_cma_refined
Michalewicz_10D_XE,v74,31,1,2031.6,28255,hgca_cma_refined
Michalewicz_10D_XE,v54,32,1,208.0,28349,hgca_cma_refined
Michalewicz_10D_XE,v71,32,1,210.0,28349,hgca_cma_refined
Michalewicz_10D_XE,v74a,32,1,4464.9,28349,hgca_cma_refined
Michalewicz_10D_XE,v74,32,1,4423.2,28349,hgca_cma_refined
Michalewicz_10D_XE,v54,33,1,171.1,22868,hgca_cma_refined
Michalewicz_10D_XE,v71,33,1,170.0,22868,hgca_cma_refined
Michalewicz_10D_XE,v74a,33,1,2685.5,22868,hgca_cma_refined
Michalewicz_10D_XE,v74,33,1,2801.4,22868,hgca_cma_refined
Michalewicz_10D_XE,v54,34,1,354.5,29181,hgca_cma_refined
Michalewicz_10D_XE,v71,34,1,356.0,29181,hgca_cma_refined
Michalewicz_10D_XE,v74a,34,1,2882.9,29181,hgca_cma_refined
Michalewicz_10D_XE,v74,34,1,2861.2,29181,hgca_cma_refined
Michalewicz_10D_XE,v54,35,1,257.1,33945,hgca_cma_refined
Michalewicz_10D_XE,v71,35,1,248.9,33945,hgca_cma_refined
Michalewicz_10D_XE,v74a,35,1,989.5,33945,hgca_cma_refined
Michalewicz_10D_XE,v74,35,1,932.0,33945,hgca_cma_refined
Michalewicz_10D_XE,v54,36,1,186.6,24243,hgca_cma_refined
Michalewicz_10D_XE,v71,36,1,180.7,24243,hgca_cma_refined
Michalewicz_10D_XE,v74a,36,1,1319.0,24243,hgca_cma_refined
Michalewicz_10D_XE,v74,36,1,1307.5,24243,hgca_cma_refined
Michalewicz_10D_XE,v54,37,1,190.4,26146,hgca_cma_refined
Michalewicz_10D_XE,v71,37,1,185.0,26146,hgca_cma_refined
Michalewicz_10D_XE,v74a,37,1,2661.5,26146,hgca_cma_refined
Michalewicz_10D_XE,v74,37,1,2673.8,26146,hgca_cma_refined
Michalewicz_10D_XE,v54,38,1,203.0,26155,hgca_cma_refined
Michalewicz_10D_XE,v71,38,1,197.0,26155,hgca_cma_refined
Michalewicz_10D_XE,v74a,38,1,4566.4,26155,hgca_cma_refined
Michalewicz_10D_XE,v74,38,1,4543.1,26155,hgca_cma_refined
Michalewicz_10D_XE,v54,39,1,2.0,0,homotopy_direct
Michalewicz_10D_XE,v71,39,1,3.0,0,homotopy_direct
Michalewicz_10D_XE,v74a,39,1,3398.6,0,homotopy_direct
Michalewicz_10D_XE,v74,39,1,3347.4,0,homotopy_direct
Michalewicz_10D_XE,v54,40,1,242.4,32687,hgca_cma_refined
Michalewicz_10D_XE,v71,40,1,248.6,32687,hgca_cma_refined
Michalewicz_10D_XE,v74a,40,1,2726.0,32687,hgca_cma_refined
Michalewicz_10D_XE,v74,40,1,2724.7,32687,hgca_cma_refined
Michalewicz_10D_XE,v54,41,1,224.0,29037,hgca_cma_refined
Michalewicz_10D_XE,v71,41,1,223.0,29037,hgca_cma_refined
Michalewicz_10D_XE,v74a,41,1,2151.3,29037,hgca_cma_refined
Michalewicz_10D_XE,v74,41,1,2115.5,29037,hgca_cma_refined
Michalewicz_10D_XE,v54,42,1,247.1,29119,hgca_cma_refined
Michalewicz_10D_XE,v71,42,1,249.9,29119,hgca_cma_refined
Michalewicz_10D_XE,v74a,42,1,1269.5,29119,hgca_cma_refined
Michalewicz_10D_XE,v74,42,1,1335.5,29119,hgca_cma_refined
Michalewicz_10D_XE,v54,43,1,411.0,32637,hgca_cma_refined
Michalewicz_10D_XE,v71,43,1,399.5,32637,hgca_cma_refined
Michalewicz_10D_XE,v74a,43,1,3488.5,32637,hgca_cma_refined
Michalewicz_10D_XE,v74,43,1,3491.8,32637,hgca_cma_refined
Michalewicz_10D_XE,v54,44,1,213.9,26504,hgca_cma_refined
Michalewicz_10D_XE,v71,44,1,204.0,26504,hgca_cma_refined
Michalewicz_10D_XE,v74a,44,1,3153.2,26504,hgca_cma_refined
Michalewicz_10D_XE,v74,44,1,3211.5,26504,hgca_cma_refined
Michalewicz_10D_XE,v54,45,1,226.6,29803,hgca_cma_refined
Michalewicz_10D_XE,v71,45,1,230.0,29803,hgca_cma_refined
Michalewicz_10D_XE,v74a,45,1,2027.4,29803,hgca_cma_refined
Michalewicz_10D_XE,v74,45,1,2067.3,29803,hgca_cma_refined
Michalewicz_10D_XE,v54,46,1,237.0,26931,hgca_cma_refined
Michalewicz_10D_XE,v71,46,1,238.1,26931,hgca_cma_refined
Michalewicz_10D_XE,v74a,46,1,2796.3,26931,hgca_cma_refined
Michalewicz_10D_XE,v74,46,1,2787.5,26931,hgca_cma_refined
Michalewicz_10D_XE,v54,47,1,369.0,29581,hgca_cma_refined
Michalewicz_10D_XE,v71,47,1,378.4,29581,hgca_cma_refined
Michalewicz_10D_XE,v74a,47,1,3362.5,29581,hgca_cma_refined
Michalewicz_10D_XE,v74,47,1,3290.5,29581,hgca_cma_refined
Michalewicz_10D_XE,v54,48,1,203.0,27075,hgca_cma_refined
Michalewicz_10D_XE,v71,48,1,211.5,27075,hgca_cma_refined
Michalewicz_10D_XE,v74a,48,1,2664.2,27075,hgca_cma_refined
Michalewicz_10D_XE,v74,48,1,2743.5,27075,hgca_cma_refined
Michalewicz_10D_XE,v54,49,1,404.3,31391,hgca_cma_refined
Michalewicz_10D_XE,v71,49,1,382.1,31391,hgca_cma_refined
Michalewicz_10D_XE,v74a,49,1,1699.2,31391,hgca_cma_refined
Michalewicz_10D_XE,v74,49,1,1719.6,31391,hgca_cma_refined
Powell_4D,v54,0,1,2.0,26,direct_newton
Powell_4D,v71,0,1,0.0,26,direct_newton
Powell_4D,v74a,0,1,1.0,26,direct_newton
Powell_4D,v74,0,1,1.0,26,direct_newton
Powell_4D,v54,1,1,1.0,26,direct_newton
Powell_4D,v71,1,1,1.0,26,direct_newton
Powell_4D,v74a,1,1,1.0,26,direct_newton
Powell_4D,v74,1,1,1.0,26,direct_newton
Powell_4D,v54,2,1,1.0,26,direct_newton
Powell_4D,v71,2,1,1.0,26,direct_newton
Powell_4D,v74a,2,1,1.0,26,direct_newton
Powell_4D,v74,2,1,1.0,26,direct_newton
Powell_4D,v54,3,1,1.0,26,direct_newton
Powell_4D,v71,3,1,1.0,26,direct_newton
Powell_4D,v74a,3,1,0.0,26,direct_newton
Powell_4D,v74,3,1,1.0,26,direct_newton
Powell_4D,v54,4,1,1.0,25,direct_newton
Powell_4D,v71,4,1,1.0,25,direct_newton
Powell_4D,v74a,4,1,1.0,25,direct_newton
Powell_4D,v74,4,1,1.0,25,direct_newton
Powell_4D,v54,5,1,1.0,26,direct_newton
Powell_4D,v71,5,1,1.0,26,direct_newton
Powell_4D,v74a,5,1,1.0,26,direct_newton
Powell_4D,v74,5,1,1.0,26,direct_newton
Powell_4D,v54,6,1,1.0,26,direct_newton
Powell_4D,v71,6,1,1.0,26,direct_newton
Powell_4D,v74a,6,1,1.0,26,direct_newton
Powell_4D,v74,6,1,1.0,26,direct_newton
Powell_4D,v54,7,1,1.0,25,direct_newton
Powell_4D,v71,7,1,1.0,25,direct_newton
Powell_4D,v74a,7,1,1.0,25,direct_newton
Powell_4D,v74,7,1,1.0,25,direct_newton
Powell_4D,v54,8,1,1.0,26,direct_newton
Powell_4D,v71,8,1,0.0,26,direct_newton
Powell_4D,v74a,8,1,1.0,26,direct_newton
Powell_4D,v74,8,1,1.0,26,direct_newton
Powell_4D,v54,9,1,1.0,26,direct_newton
Powell_4D,v71,9,1,1.0,26,direct_newton
Powell_4D,v74a,9,1,1.0,26,direct_newton
Powell_4D,v74,9,1,1.0,26,direct_newton
Powell_4D,v54,10,1,1.0,26,direct_newton
Powell_4D,v71,10,1,1.0,26,direct_newton
Powell_4D,v74a,10,1,1.0,26,direct_newton
Powell_4D,v74,10,1,1.0,26,direct_newton
Powell_4D,v54,11,1,1.0,26,direct_newton
Powell_4D,v71,11,1,1.0,26,direct_newton
Powell_4D,v74a,11,1,0.0,26,direct_newton
Powell_4D,v74,11,1,1.0,26,direct_newton
Powell_4D,v54,12,1,1.0,24,direct_newton
Powell_4D,v71,12,1,1.0,24,direct_newton
Powell_4D,v74a,12,1,1.0,24,direct_newton
Powell_4D,v74,12,1,1.0,24,direct_newton
Powell_4D,v54,13,1,1.0,25,direct_newton
Powell_4D,v71,13,1,1.0,25,direct_newton
Powell_4D,v74a,13,1,1.0,25,direct_newton
Powell_4D,v74,13,1,1.0,25,direct_newton
Powell_4D,v54,14,1,1.0,26,direct_newton
Powell_4D,v71,14,1,1.0,26,direct_newton
Powell_4D,v74a,14,1,1.0,26,direct_newton
Powell_4D,v74,14,1,1.0,26,direct_newton
Powell_4D,v54,15,1,1.0,26,direct_newton
Powell_4D,v71,15,1,1.0,26,direct_newton
Powell_4D,v74a,15,1,1.0,26,direct_newton
Powell_4D,v74,15,1,1.0,26,direct_newton
Powell_4D,v54,16,1,1.0,25,direct_newton
Powell_4D,v71,16,1,0.0,25,direct_newton
Powell_4D,v74a,16,1,1.0,25,direct_newton
Powell_4D,v74,16,1,2.0,25,direct_newton
Powell_4D,v54,17,1,1.0,26,direct_newton
Powell_4D,v71,17,1,1.0,26,direct_newton
Powell_4D,v74a,17,1,1.0,26,direct_newton
Powell_4D,v74,17,1,0.0,26,direct_newton
Powell_4D,v54,18,1,0.0,26,direct_newton
Powell_4D,v71,18,1,1.0,26,direct_newton
Powell_4D,v74a,18,1,1.0,26,direct_newton
Powell_4D,v74,18,1,1.0,26,direct_newton
Powell_4D,v54,19,1,1.0,27,direct_newton
Powell_4D,v71,19,1,1.0,27,direct_newton
Powell_4D,v74a,19,1,1.0,27,direct_newton
Powell_4D,v74,19,1,1.0,27,direct_newton
Powell_4D,v54,20,1,1.0,26,direct_newton
Powell_4D,v71,20,1,1.0,26,direct_newton
Powell_4D,v74a,20,1,1.0,26,direct_newton
Powell_4D,v74,20,1,1.0,26,direct_newton
Powell_4D,v54,21,1,1.0,26,direct_newton
Powell_4D,v71,21,1,1.0,26,direct_newton
Powell_4D,v74a,21,1,1.0,26,direct_newton
Powell_4D,v74,21,1,1.0,26,direct_newton
Powell_4D,v54,22,1,1.0,25,direct_newton
Powell_4D,v71,22,1,1.0,25,direct_newton
Powell_4D,v74a,22,1,1.0,25,direct_newton
Powell_4D,v74,22,1,1.0,25,direct_newton
Powell_4D,v54,23,1,1.0,26,direct_newton
Powell_4D,v71,23,1,0.0,26,direct_newton
Powell_4D,v74a,23,1,1.0,26,direct_newton
Powell_4D,v74,23,1,1.0,26,direct_newton
Powell_4D,v54,24,1,1.0,26,direct_newton
Powell_4D,v71,24,1,1.0,26,direct_newton
Powell_4D,v74a,24,1,1.0,26,direct_newton
Powell_4D,v74,24,1,1.0,26,direct_newton
Powell_4D,v54,25,1,1.0,26,direct_newton
Powell_4D,v71,25,1,1.0,26,direct_newton
Powell_4D,v74a,25,1,1.0,26,direct_newton
Powell_4D,v74,25,1,1.0,26,direct_newton
Powell_4D,v54,26,1,1.0,25,direct_newton
Powell_4D,v71,26,1,1.0,25,direct_newton
Powell_4D,v74a,26,1,1.0,25,direct_newton
Powell_4D,v74,26,1,1.0,25,direct_newton
Powell_4D,v54,27,1,1.0,26,direct_newton
Powell_4D,v71,27,1,1.0,26,direct_newton
Powell_4D,v74a,27,1,1.0,26,direct_newton
Powell_4D,v74,27,1,0.0,26,direct_newton
Powell_4D,v54,28,1,1.0,26,direct_newton
Powell_4D,v71,28,1,0.0,26,direct_newton
Powell_4D,v74a,28,1,1.0,26,direct_newton
Powell_4D,v74,28,1,1.0,26,direct_newton
Powell_4D,v54,29,1,1.0,26,direct_newton
Powell_4D,v71,29,1,1.0,26,direct_newton
Powell_4D,v74a,29,1,1.0,26,direct_newton
Powell_4D,v74,29,1,1.0,26,direct_newton
Powell_4D,v54,30,1,1.0,26,direct_newton
Powell_4D,v71,30,1,1.0,26,direct_newton
Powell_4D,v74a,30,1,1.0,26,direct_newton
Powell_4D,v74,30,1,1.0,26,direct_newton
Powell_4D,v54,31,1,1.0,26,direct_newton
Powell_4D,v71,31,1,1.0,26,direct_newton
Powell_4D,v74a,31,1,1.0,26,direct_newton
Powell_4D,v74,31,1,1.0,26,direct_newton
Powell_4D,v54,32,1,1.0,26,direct_newton
Powell_4D,v71,32,1,1.0,26,direct_newton
Powell_4D,v74a,32,1,1.0,26,direct_newton
Powell_4D,v74,32,1,1.0,26,direct_newton
Powell_4D,v54,33,1,1.0,25,direct_newton
Powell_4D,v71,33,1,1.0,25,direct_newton
Powell_4D,v74a,33,1,1.0,25,direct_newton
Powell_4D,v74,33,1,0.0,25,direct_newton
Powell_4D,v54,34,1,0.0,26,direct_newton
Powell_4D,v71,34,1,1.0,26,direct_newton
Powell_4D,v74a,34,1,1.0,26,direct_newton
Powell_4D,v74,34,1,1.0,26,direct_newton
Powell_4D,v54,35,1,1.0,26,direct_newton
Powell_4D,v71,35,1,1.0,26,direct_newton
Powell_4D,v74a,35,1,1.0,26,direct_newton
Powell_4D,v74,35,1,0.0,26,direct_newton
Powell_4D,v54,36,1,1.0,26,direct_newton
Powell_4D,v71,36,1,0.0,26,direct_newton
Powell_4D,v74a,36,1,1.0,26,direct_newton
Powell_4D,v74,36,1,1.0,26,direct_newton
Powell_4D,v54,37,1,1.0,26,direct_newton
Powell_4D,v71,37,1,1.0,26,direct_newton
Powell_4D,v74a,37,1,1.0,26,direct_newton
Powell_4D,v74,37,1,1.0,26,direct_newton
Powell_4D,v54,38,1,1.0,25,direct_newton
Powell_4D,v71,38,1,1.0,25,direct_newton
Powell_4D,v74a,38,1,1.0,25,direct_newton
Powell_4D,v74,38,1,1.0,25,direct_newton
Powell_4D,v54,39,1,1.0,25,direct_newton
Powell_4D,v71,39,1,1.0,25,direct_newton
Powell_4D,v74a,39,1,1.0,25,direct_newton
Powell_4D,v74,39,1,1.0,25,direct_newton
Powell_4D,v54,40,1,1.0,26,direct_newton
Powell_4D,v71,40,1,1.0,26,direct_newton
Powell_4D,v74a,40,1,1.0,26,direct_newton
Powell_4D,v74,40,1,0.0,26,direct_newton
Powell_4D,v54,41,1,0.0,26,direct_newton
Powell_4D,v71,41,1,1.0,26,direct_newton
Powell_4D,v74a,41,1,1.0,26,direct_newton
Powell_4D,v74,41,1,1.0,26,direct_newton
Powell_4D,v54,42,1,1.0,26,direct_newton
Powell_4D,v71,42,1,2.0,26,direct_newton
Powell_4D,v74a,42,1,1.0,26,direct_newton
Powell_4D,v74,42,1,1.0,26,direct_newton
Powell_4D,v54,43,1,1.0,26,direct_newton
Powell_4D,v71,43,1,1.0,26,direct_newton
Powell_4D,v74a,43,1,1.0,26,direct_newton
Powell_4D,v74,43,1,1.0,26,direct_newton
Powell_4D,v54,44,1,1.0,26,direct_newton
Powell_4D,v71,44,1,1.0,26,direct_newton
Powell_4D,v74a,44,1,1.0,26,direct_newton
Powell_4D,v74,44,1,1.0,26,direct_newton
Powell_4D,v54,45,1,1.0,25,direct_newton
Powell_4D,v71,45,1,1.0,25,direct_newton
Powell_4D,v74a,45,1,0.0,25,direct_newton
Powell_4D,v74,45,1,1.0,25,direct_newton
Powell_4D,v54,46,1,1.0,26,direct_newton
Powell_4D,v71,46,1,1.0,26,direct_newton
Powell_4D,v74a,46,1,1.0,26,direct_newton
Powell_4D,v74,46,1,1.0,26,direct_newton
Powell_4D,v54,47,1,1.0,26,direct_newton
Powell_4D,v71,47,1,1.0,26,direct_newton
Powell_4D,v74a,47,1,1.0,26,direct_newton
Powell_4D,v74,47,1,1.0,26,direct_newton
Powell_4D,v54,48,1,1.0,25,direct_newton
Powell_4D,v71,48,1,1.0,25,direct_newton
Powell_4D,v74a,48,1,0.0,25,direct_newton
Powell_4D,v74,48,1,1.0,25,direct_newton
Powell_4D,v54,49,1,1.0,26,direct_newton
Powell_4D,v71,49,1,1.0,26,direct_newton
Powell_4D,v74a,49,1,1.0,26,direct_newton
Powell_4D,v74,49,1,1.0,26,direct_newton
Powell_4D_C,v54,0,1,1.0,34,direct_newton
Powell_4D_C,v71,0,1,1.0,34,direct_newton
Powell_4D_C,v74a,0,1,1.0,34,direct_newton
Powell_4D_C,v74,0,1,1.0,34,direct_newton
Powell_4D_C,v54,1,1,1.0,34,direct_newton
Powell_4D_C,v71,1,1,2.0,34,direct_newton
Powell_4D_C,v74a,1,1,1.0,34,direct_newton
Powell_4D_C,v74,1,1,1.0,34,direct_newton
Powell_4D_C,v54,2,1,1.0,34,direct_newton
Powell_4D_C,v71,2,1,1.0,34,direct_newton
Powell_4D_C,v74a,2,1,2.0,34,direct_newton
Powell_4D_C,v74,2,1,1.0,34,direct_newton
Powell_4D_C,v54,3,1,1.0,34,direct_newton
Powell_4D_C,v71,3,1,1.0,34,direct_newton
Powell_4D_C,v74a,3,1,2.0,34,direct_newton
Powell_4D_C,v74,3,1,1.0,34,direct_newton
Powell_4D_C,v54,4,1,1.0,34,direct_newton
Powell_4D_C,v71,4,1,1.0,34,direct_newton
Powell_4D_C,v74a,4,1,1.0,34,direct_newton
Powell_4D_C,v74,4,1,2.0,34,direct_newton
Powell_4D_C,v54,5,1,1.0,34,direct_newton
Powell_4D_C,v71,5,1,1.0,34,direct_newton
Powell_4D_C,v74a,5,1,1.0,34,direct_newton
Powell_4D_C,v74,5,1,1.0,34,direct_newton
Powell_4D_C,v54,6,1,1.0,34,direct_newton
Powell_4D_C,v71,6,1,1.0,34,direct_newton
Powell_4D_C,v74a,6,1,1.0,34,direct_newton
Powell_4D_C,v74,6,1,1.0,34,direct_newton
Powell_4D_C,v54,7,1,1.0,34,direct_newton
Powell_4D_C,v71,7,1,2.0,34,direct_newton
Powell_4D_C,v74a,7,1,1.0,34,direct_newton
Powell_4D_C,v74,7,1,1.0,34,direct_newton
Powell_4D_C,v54,8,1,1.0,34,direct_newton
Powell_4D_C,v71,8,1,1.0,34,direct_newton
Powell_4D_C,v74a,8,1,2.0,34,direct_newton
Powell_4D_C,v74,8,1,1.0,34,direct_newton
Powell_4D_C,v54,9,1,1.0,34,direct_newton
Powell_4D_C,v71,9,1,1.0,34,direct_newton
Powell_4D_C,v74a,9,1,2.0,34,direct_newton
Powell_4D_C,v74,9,1,1.0,34,direct_newton
Powell_4D_C,v54,10,1,1.0,34,direct_newton
Powell_4D_C,v71,10,1,1.0,34,direct_newton
Powell_4D_C,v74a,10,1,1.0,34,direct_newton
Powell_4D_C,v74,10,1,2.0,34,direct_newton
Powell_4D_C,v54,11,1,1.0,34,direct_newton
Powell_4D_C,v71,11,1,1.0,34,direct_newton
Powell_4D_C,v74a,11,1,1.0,34,direct_newton
Powell_4D_C,v74,11,1,2.0,34,direct_newton
Powell_4D_C,v54,12,1,1.0,34,direct_newton
Powell_4D_C,v71,12,1,1.0,34,direct_newton
Powell_4D_C,v74a,12,1,1.0,34,direct_newton
Powell_4D_C,v74,12,1,2.0,34,direct_newton
Powell_4D_C,v54,13,1,1.0,34,direct_newton
Powell_4D_C,v71,13,1,1.0,34,direct_newton
Powell_4D_C,v74a,13,1,1.0,34,direct_newton
Powell_4D_C,v74,13,1,1.0,34,direct_newton
Powell_4D_C,v54,14,1,1.0,34,direct_newton
Powell_4D_C,v71,14,1,2.0,34,direct_newton
Powell_4D_C,v74a,14,1,1.0,34,direct_newton
Powell_4D_C,v74,14,1,1.0,34,direct_newton
Powell_4D_C,v54,15,1,1.0,34,direct_newton
Powell_4D_C,v71,15,1,1.0,34,direct_newton
Powell_4D_C,v74a,15,1,1.0,34,direct_newton
Powell_4D_C,v74,15,1,2.0,34,direct_newton
Powell_4D_C,v54,16,1,1.0,34,direct_newton
Powell_4D_C,v71,16,1,1.0,34,direct_newton
Powell_4D_C,v74a,16,1,1.0,34,direct_newton
Powell_4D_C,v74,16,1,1.0,34,direct_newton
Powell_4D_C,v54,17,1,2.0,34,direct_newton
Powell_4D_C,v71,17,1,1.0,34,direct_newton
Powell_4D_C,v74a,17,1,1.0,34,direct_newton
Powell_4D_C,v74,17,1,1.0,34,direct_newton
Powell_4D_C,v54,18,1,1.0,34,direct_newton
Powell_4D_C,v71,18,1,2.0,34,direct_newton
Powell_4D_C,v74a,18,1,1.0,34,direct_newton
Powell_4D_C,v74,18,1,1.0,34,direct_newton
Powell_4D_C,v54,19,1,2.0,34,direct_newton
Powell_4D_C,v71,19,1,1.0,34,direct_newton
Powell_4D_C,v74a,19,1,1.0,34,direct_newton
Powell_4D_C,v74,19,1,1.0,34,direct_newton
Powell_4D_C,v54,20,1,2.0,34,direct_newton
Powell_4D_C,v71,20,1,1.0,34,direct_newton
Powell_4D_C,v74a,20,1,1.0,34,direct_newton
Powell_4D_C,v74,20,1,1.0,34,direct_newton
Powell_4D_C,v54,21,1,2.0,34,direct_newton
Powell_4D_C,v71,21,1,1.0,34,direct_newton
Powell_4D_C,v74a,21,1,1.0,34,direct_newton
Powell_4D_C,v74,21,1,1.0,34,direct_newton
Powell_4D_C,v54,22,1,1.0,34,direct_newton
Powell_4D_C,v71,22,1,1.0,34,direct_newton
Powell_4D_C,v74a,22,1,1.0,34,direct_newton
Powell_4D_C,v74,22,1,1.0,34,direct_newton
Powell_4D_C,v54,23,1,2.0,34,direct_newton
Powell_4D_C,v71,23,1,1.0,34,direct_newton
Powell_4D_C,v74a,23,1,1.0,34,direct_newton
Powell_4D_C,v74,23,1,1.0,34,direct_newton
Powell_4D_C,v54,24,1,1.0,34,direct_newton
Powell_4D_C,v71,24,1,2.0,34,direct_newton
Powell_4D_C,v74a,24,1,1.0,34,direct_newton
Powell_4D_C,v74,24,1,2.5,34,direct_newton
Powell_4D_C,v54,25,1,2.0,34,direct_newton
Powell_4D_C,v71,25,1,1.0,34,direct_newton
Powell_4D_C,v74a,25,1,1.0,34,direct_newton
Powell_4D_C,v74,25,1,1.0,34,direct_newton
Powell_4D_C,v54,26,1,1.0,34,direct_newton
Powell_4D_C,v71,26,1,2.0,34,direct_newton
Powell_4D_C,v74a,26,1,1.0,34,direct_newton
Powell_4D_C,v74,26,1,1.0,34,direct_newton
Powell_4D_C,v54,27,1,1.0,34,direct_newton
Powell_4D_C,v71,27,1,1.0,34,direct_newton
Powell_4D_C,v74a,27,1,1.0,34,direct_newton
Powell_4D_C,v74,27,1,2.0,34,direct_newton
Powell_4D_C,v54,28,1,1.0,34,direct_newton
Powell_4D_C,v71,28,1,1.0,34,direct_newton
Powell_4D_C,v74a,28,1,1.0,34,direct_newton
Powell_4D_C,v74,28,1,2.0,34,direct_newton
Powell_4D_C,v54,29,1,1.0,34,direct_newton
Powell_4D_C,v71,29,1,1.0,34,direct_newton
Powell_4D_C,v74a,29,1,1.0,34,direct_newton
Powell_4D_C,v74,29,1,1.0,34,direct_newton
Powell_4D_C,v54,30,1,2.0,34,direct_newton
Powell_4D_C,v71,30,1,1.0,34,direct_newton
Powell_4D_C,v74a,30,1,1.0,34,direct_newton
Powell_4D_C,v74,30,1,1.0,34,direct_newton
Powell_4D_C,v54,31,1,2.0,34,direct_newton
Powell_4D_C,v71,31,1,1.0,34,direct_newton
Powell_4D_C,v74a,31,1,1.0,34,direct_newton
Powell_4D_C,v74,31,1,2.0,34,direct_newton
Powell_4D_C,v54,32,1,1.0,34,direct_newton
Powell_4D_C,v71,32,1,1.0,34,direct_newton
Powell_4D_C,v74a,32,1,1.0,34,direct_newton
Powell_4D_C,v74,32,1,1.0,34,direct_newton
Powell_4D_C,v54,33,1,1.0,34,direct_newton
Powell_4D_C,v71,33,1,2.0,34,direct_newton
Powell_4D_C,v74a,33,1,1.0,34,direct_newton
Powell_4D_C,v74,33,1,1.0,34,direct_newton
Powell_4D_C,v54,34,1,1.0,34,direct_newton
Powell_4D_C,v71,34,1,1.0,34,direct_newton
Powell_4D_C,v74a,34,1,1.0,34,direct_newton
Powell_4D_C,v74,34,1,2.0,34,direct_newton
Powell_4D_C,v54,35,1,1.0,34,direct_newton
Powell_4D_C,v71,35,1,1.0,34,direct_newton
Powell_4D_C,v74a,35,1,1.0,34,direct_newton
Powell_4D_C,v74,35,1,1.0,34,direct_newton
Powell_4D_C,v54,36,1,1.0,34,direct_newton
Powell_4D_C,v71,36,1,1.0,34,direct_newton
Powell_4D_C,v74a,36,1,1.0,34,direct_newton
Powell_4D_C,v74,36,1,1.0,34,direct_newton
Powell_4D_C,v54,37,1,2.0,34,direct_newton
Powell_4D_C,v71,37,1,1.0,34,direct_newton
Powell_4D_C,v74a,37,1,1.0,34,direct_newton
Powell_4D_C,v74,37,1,1.0,34,direct_newton
Powell_4D_C,v54,38,1,2.0,34,direct_newton
Powell_4D_C,v71,38,1,1.0,34,direct_newton
Powell_4D_C,v74a,38,1,1.0,34,direct_newton
Powell_4D_C,v74,38,1,1.0,34,direct_newton
Powell_4D_C,v54,39,1,1.0,34,direct_newton
Powell_4D_C,v71,39,1,1.0,34,direct_newton
Powell_4D_C,v74a,39,1,2.0,34,direct_newton
Powell_4D_C,v74,39,1,1.0,34,direct_newton
Powell_4D_C,v54,40,1,1.0,34,direct_newton
Powell_4D_C,v71,40,1,2.0,34,direct_newton
Powell_4D_C,v74a,40,1,2.0,34,direct_newton
Powell_4D_C,v74,40,1,2.0,34,direct_newton
Powell_4D_C,v54,41,1,1.0,34,direct_newton
Powell_4D_C,v71,41,1,1.0,34,direct_newton
Powell_4D_C,v74a,41,1,2.0,34,direct_newton
Powell_4D_C,v74,41,1,1.0,34,direct_newton
Powell_4D_C,v54,42,1,1.0,34,direct_newton
Powell_4D_C,v71,42,1,1.0,34,direct_newton
Powell_4D_C,v74a,42,1,1.0,34,direct_newton
Powell_4D_C,v74,42,1,2.0,34,direct_newton
Powell_4D_C,v54,43,1,1.0,34,direct_newton
Powell_4D_C,v71,43,1,1.0,34,direct_newton
Powell_4D_C,v74a,43,1,1.0,34,direct_newton
Powell_4D_C,v74,43,1,1.0,34,direct_newton
Powell_4D_C,v54,44,1,2.0,34,direct_newton
Powell_4D_C,v71,44,1,1.0,34,direct_newton
Powell_4D_C,v74a,44,1,1.0,34,direct_newton
Powell_4D_C,v74,44,1,1.0,34,direct_newton
Powell_4D_C,v54,45,1,2.0,34,direct_newton
Powell_4D_C,v71,45,1,1.0,34,direct_newton
Powell_4D_C,v74a,45,1,1.0,34,direct_newton
Powell_4D_C,v74,45,1,2.0,34,direct_newton
Powell_4D_C,v54,46,1,1.0,34,direct_newton
Powell_4D_C,v71,46,1,1.0,34,direct_newton
Powell_4D_C,v74a,46,1,1.0,34,direct_newton
Powell_4D_C,v74,46,1,1.0,34,direct_newton
Powell_4D_C,v54,47,1,2.0,34,direct_newton
Powell_4D_C,v71,47,1,1.0,34,direct_newton
Powell_4D_C,v74a,47,1,1.0,34,direct_newton
Powell_4D_C,v74,47,1,1.0,34,direct_newton
Powell_4D_C,v54,48,1,2.0,34,direct_newton
Powell_4D_C,v71,48,1,1.0,34,direct_newton
Powell_4D_C,v74a,48,1,1.0,34,direct_newton
Powell_4D_C,v74,48,1,1.0,34,direct_newton
Powell_4D_C,v54,49,1,1.0,34,direct_newton
Powell_4D_C,v71,49,1,2.0,34,direct_newton
Powell_4D_C,v74a,49,1,1.0,34,direct_newton
Powell_4D_C,v74,49,1,1.0,34,direct_newton
Powell_4D_E,v54,0,1,1.0,35,direct_newton
Powell_4D_E,v71,0,1,2.0,35,direct_newton
Powell_4D_E,v74a,0,1,1.0,35,direct_newton
Powell_4D_E,v74,0,1,1.0,35,direct_newton
Powell_4D_E,v54,1,1,1.0,35,direct_newton
Powell_4D_E,v71,1,1,2.0,35,direct_newton
Powell_4D_E,v74a,1,1,1.0,35,direct_newton
Powell_4D_E,v74,1,1,1.0,35,direct_newton
Powell_4D_E,v54,2,1,1.0,35,direct_newton
Powell_4D_E,v71,2,1,1.0,35,direct_newton
Powell_4D_E,v74a,2,1,1.0,35,direct_newton
Powell_4D_E,v74,2,1,2.0,35,direct_newton
Powell_4D_E,v54,3,1,1.0,35,direct_newton
Powell_4D_E,v71,3,1,1.0,35,direct_newton
Powell_4D_E,v74a,3,1,1.0,35,direct_newton
Powell_4D_E,v74,3,1,1.0,35,direct_newton
Powell_4D_E,v54,4,1,2.0,35,direct_newton
Powell_4D_E,v71,4,1,1.0,35,direct_newton
Powell_4D_E,v74a,4,1,1.0,35,direct_newton
Powell_4D_E,v74,4,1,1.0,35,direct_newton
Powell_4D_E,v54,5,1,2.0,35,direct_newton
Powell_4D_E,v71,5,1,1.0,35,direct_newton
Powell_4D_E,v74a,5,1,3.0,35,direct_newton
Powell_4D_E,v74,5,1,2.0,35,direct_newton
Powell_4D_E,v54,6,1,2.0,35,direct_newton
Powell_4D_E,v71,6,1,2.0,35,direct_newton
Powell_4D_E,v74a,6,1,2.0,35,direct_newton
Powell_4D_E,v74,6,1,2.0,35,direct_newton
Powell_4D_E,v54,7,1,1.0,35,direct_newton
Powell_4D_E,v71,7,1,1.0,35,direct_newton
Powell_4D_E,v74a,7,1,2.0,35,direct_newton
Powell_4D_E,v74,7,1,1.0,35,direct_newton
Powell_4D_E,v54,8,1,1.0,35,direct_newton
Powell_4D_E,v71,8,1,2.0,35,direct_newton
Powell_4D_E,v74a,8,1,1.0,35,direct_newton
Powell_4D_E,v74,8,1,1.0,35,direct_newton
Powell_4D_E,v54,9,1,1.0,35,direct_newton
Powell_4D_E,v71,9,1,1.0,35,direct_newton
Powell_4D_E,v74a,9,1,2.0,35,direct_newton
Powell_4D_E,v74,9,1,1.0,35,direct_newton
Powell_4D_E,v54,10,1,1.0,35,direct_newton
Powell_4D_E,v71,10,1,1.0,35,direct_newton
Powell_4D_E,v74a,10,1,1.0,35,direct_newton
Powell_4D_E,v74,10,1,2.0,35,direct_newton
Powell_4D_E,v54,11,1,1.0,35,direct_newton
Powell_4D_E,v71,11,1,2.0,35,direct_newton
Powell_4D_E,v74a,11,1,1.0,35,direct_newton
Powell_4D_E,v74,11,1,1.0,35,direct_newton
Powell_4D_E,v54,12,1,1.0,35,direct_newton
Powell_4D_E,v71,12,1,2.0,35,direct_newton
Powell_4D_E,v74a,12,1,1.0,35,direct_newton
Powell_4D_E,v74,12,1,1.0,35,direct_newton
Powell_4D_E,v54,13,1,1.0,35,direct_newton
Powell_4D_E,v71,13,1,1.0,35,direct_newton
Powell_4D_E,v74a,13,1,1.0,35,direct_newton
Powell_4D_E,v74,13,1,2.0,35,direct_newton
Powell_4D_E,v54,14,1,1.0,35,direct_newton
Powell_4D_E,v71,14,1,1.0,35,direct_newton
Powell_4D_E,v74a,14,1,2.0,35,direct_newton
Powell_4D_E,v74,14,1,1.0,35,direct_newton
Powell_4D_E,v54,15,1,1.0,35,direct_newton
Powell_4D_E,v71,15,1,1.0,35,direct_newton
Powell_4D_E,v74a,15,1,2.0,35,direct_newton
Powell_4D_E,v74,15,1,1.0,35,direct_newton
Powell_4D_E,v54,16,1,1.0,35,direct_newton
Powell_4D_E,v71,16,1,1.0,35,direct_newton
Powell_4D_E,v74a,16,1,1.0,35,direct_newton
Powell_4D_E,v74,16,1,2.0,35,direct_newton
Powell_4D_E,v54,17,1,1.0,35,direct_newton
Powell_4D_E,v71,17,1,2.0,35,direct_newton
Powell_4D_E,v74a,17,1,1.0,35,direct_newton
Powell_4D_E,v74,17,1,1.0,35,direct_newton
Powell_4D_E,v54,18,1,1.0,35,direct_newton
Powell_4D_E,v71,18,1,2.0,35,direct_newton
Powell_4D_E,v74a,18,1,1.0,35,direct_newton
Powell_4D_E,v74,18,1,1.0,35,direct_newton
Powell_4D_E,v54,19,1,1.0,35,direct_newton
Powell_4D_E,v71,19,1,1.0,35,direct_newton
Powell_4D_E,v74a,19,1,1.0,35,direct_newton
Powell_4D_E,v74,19,1,2.0,35,direct_newton
Powell_4D_E,v54,20,1,1.0,35,direct_newton
Powell_4D_E,v71,20,1,1.0,35,direct_newton
Powell_4D_E,v74a,20,1,2.0,35,direct_newton
Powell_4D_E,v74,20,1,1.0,35,direct_newton
Powell_4D_E,v54,21,1,2.0,35,direct_newton
Powell_4D_E,v71,21,1,1.0,35,direct_newton
Powell_4D_E,v74a,21,1,1.0,35,direct_newton
Powell_4D_E,v74,21,1,2.0,35,direct_newton
Powell_4D_E,v54,22,1,1.0,35,direct_newton
Powell_4D_E,v71,22,1,1.0,35,direct_newton
Powell_4D_E,v74a,22,1,1.0,35,direct_newton
Powell_4D_E,v74,22,1,2.0,35,direct_newton
Powell_4D_E,v54,23,1,1.0,35,direct_newton
Powell_4D_E,v71,23,1,1.0,35,direct_newton
Powell_4D_E,v74a,23,1,2.0,35,direct_newton
Powell_4D_E,v74,23,1,1.0,35,direct_newton
Powell_4D_E,v54,24,1,1.0,35,direct_newton
Powell_4D_E,v71,24,1,1.0,35,direct_newton
Powell_4D_E,v74a,24,1,1.0,35,direct_newton
Powell_4D_E,v74,24,1,1.0,35,direct_newton
Powell_4D_E,v54,25,1,1.0,36,direct_newton
Powell_4D_E,v71,25,1,1.0,36,direct_newton
Powell_4D_E,v74a,25,1,1.0,36,direct_newton
Powell_4D_E,v74,25,1,1.0,36,direct_newton
Powell_4D_E,v54,26,1,1.0,35,direct_newton
Powell_4D_E,v71,26,1,1.0,35,direct_newton
Powell_4D_E,v74a,26,1,2.0,35,direct_newton
Powell_4D_E,v74,26,1,2.0,35,direct_newton
Powell_4D_E,v54,27,1,1.0,35,direct_newton
Powell_4D_E,v71,27,1,1.0,35,direct_newton
Powell_4D_E,v74a,27,1,1.0,35,direct_newton
Powell_4D_E,v74,27,1,2.0,35,direct_newton
Powell_4D_E,v54,28,1,1.0,35,direct_newton
Powell_4D_E,v71,28,1,1.0,35,direct_newton
Powell_4D_E,v74a,28,1,1.0,35,direct_newton
Powell_4D_E,v74,28,1,2.0,35,direct_newton
Powell_4D_E,v54,29,1,1.0,35,direct_newton
Powell_4D_E,v71,29,1,1.0,35,direct_newton
Powell_4D_E,v74a,29,1,2.0,35,direct_newton
Powell_4D_E,v74,29,1,1.0,35,direct_newton
Powell_4D_E,v54,30,1,1.0,35,direct_newton
Powell_4D_E,v71,30,1,2.0,35,direct_newton
Powell_4D_E,v74a,30,1,1.0,35,direct_newton
Powell_4D_E,v74,30,1,1.0,35,direct_newton
Powell_4D_E,v54,31,1,1.0,35,direct_newton
Powell_4D_E,v71,31,1,2.0,35,direct_newton
Powell_4D_E,v74a,31,1,1.0,35,direct_newton
Powell_4D_E,v74,31,1,1.0,35,direct_newton
Powell_4D_E,v54,32,1,1.0,35,direct_newton
Powell_4D_E,v71,32,1,2.0,35,direct_newton
Powell_4D_E,v74a,32,1,1.0,35,direct_newton
Powell_4D_E,v74,32,1,1.0,35,direct_newton
Powell_4D_E,v54,33,1,1.0,35,direct_newton
Powell_4D_E,v71,33,1,2.0,35,direct_newton
Powell_4D_E,v74a,33,1,1.0,35,direct_newton
Powell_4D_E,v74,33,1,1.0,35,direct_newton
Powell_4D_E,v54,34,1,1.0,36,direct_newton
Powell_4D_E,v71,34,1,1.0,36,direct_newton
Powell_4D_E,v74a,34,1,1.0,36,direct_newton
Powell_4D_E,v74,34,1,2.0,36,direct_newton
Powell_4D_E,v54,35,1,1.0,35,direct_newton
Powell_4D_E,v71,35,1,1.0,35,direct_newton
Powell_4D_E,v74a,35,1,1.0,35,direct_newton
Powell_4D_E,v74,35,1,1.0,35,direct_newton
Powell_4D_E,v54,36,1,1.0,35,direct_newton
Powell_4D_E,v71,36,1,1.0,35,direct_newton
Powell_4D_E,v74a,36,1,1.0,35,direct_newton
Powell_4D_E,v74,36,1,2.0,35,direct_newton
Powell_4D_E,v54,37,1,1.0,35,direct_newton
Powell_4D_E,v71,37,1,1.0,35,direct_newton
Powell_4D_E,v74a,37,1,1.0,35,direct_newton
Powell_4D_E,v74,37,1,1.0,35,direct_newton
Powell_4D_E,v54,38,1,1.0,35,direct_newton
Powell_4D_E,v71,38,1,2.0,35,direct_newton
Powell_4D_E,v74a,38,1,1.0,35,direct_newton
Powell_4D_E,v74,38,1,1.0,35,direct_newton
Powell_4D_E,v54,39,1,1.0,35,direct_newton
Powell_4D_E,v71,39,1,1.0,35,direct_newton
Powell_4D_E,v74a,39,1,1.0,35,direct_newton
Powell_4D_E,v74,39,1,2.0,35,direct_newton
Powell_4D_E,v54,40,1,1.0,35,direct_newton
Powell_4D_E,v71,40,1,1.0,35,direct_newton
Powell_4D_E,v74a,40,1,1.0,35,direct_newton
Powell_4D_E,v74,40,1,1.0,35,direct_newton
Powell_4D_E,v54,41,1,1.0,35,direct_newton
Powell_4D_E,v71,41,1,1.9,35,direct_newton
Powell_4D_E,v74a,41,1,1.1,35,direct_newton
Powell_4D_E,v74,41,1,1.0,35,direct_newton
Powell_4D_E,v54,42,1,1.0,35,direct_newton
Powell_4D_E,v71,42,1,1.0,35,direct_newton
Powell_4D_E,v74a,42,1,0.9,35,direct_newton
Powell_4D_E,v74,42,1,2.1,35,direct_newton
Powell_4D_E,v54,43,1,1.0,35,direct_newton
Powell_4D_E,v71,43,1,1.0,35,direct_newton
Powell_4D_E,v74a,43,1,1.0,35,direct_newton
Powell_4D_E,v74,43,1,1.9,35,direct_newton
Powell_4D_E,v54,44,1,1.1,35,direct_newton
Powell_4D_E,v71,44,1,1.0,35,direct_newton
Powell_4D_E,v74a,44,1,1.0,35,direct_newton
Powell_4D_E,v74,44,1,1.0,35,direct_newton
Powell_4D_E,v54,45,1,0.9,35,direct_newton
Powell_4D_E,v71,45,1,2.1,35,direct_newton
Powell_4D_E,v74a,45,1,1.0,35,direct_newton
Powell_4D_E,v74,45,1,1.0,35,direct_newton
Powell_4D_E,v54,46,1,1.0,35,direct_newton
Powell_4D_E,v71,46,1,0.9,35,direct_newton
Powell_4D_E,v74a,46,1,1.0,35,direct_newton
Powell_4D_E,v74,46,1,1.1,35,direct_newton
Powell_4D_E,v54,47,1,2.0,35,direct_newton
Powell_4D_E,v71,47,1,1.0,35,direct_newton
Powell_4D_E,v74a,47,1,0.9,35,direct_newton
Powell_4D_E,v74,47,1,1.0,35,direct_newton
Powell_4D_E,v54,48,1,2.1,35,direct_newton
Powell_4D_E,v71,48,1,1.0,35,direct_newton
Powell_4D_E,v74a,48,1,1.0,35,direct_newton
Powell_4D_E,v74,48,1,0.9,35,direct_newton
Powell_4D_E,v54,49,1,1.1,35,direct_newton
Powell_4D_E,v71,49,1,1.0,35,direct_newton
Powell_4D_E,v74a,49,1,2.0,35,direct_newton
Powell_4D_E,v74,49,1,1.0,35,direct_newton
Powell_4D_H,v54,0,1,2.0,32,direct_newton
Powell_4D_H,v71,0,1,1.0,32,direct_newton
Powell_4D_H,v74a,0,1,1.0,32,direct_newton
Powell_4D_H,v74,0,1,1.0,32,direct_newton
Powell_4D_H,v54,1,1,1.0,32,direct_newton
Powell_4D_H,v71,1,1,1.0,32,direct_newton
Powell_4D_H,v74a,1,1,1.0,32,direct_newton
Powell_4D_H,v74,1,1,1.0,32,direct_newton
Powell_4D_H,v54,2,1,1.1,32,direct_newton
Powell_4D_H,v71,2,1,1.0,32,direct_newton
Powell_4D_H,v74a,2,1,1.9,32,direct_newton
Powell_4D_H,v74,2,1,1.0,32,direct_newton
Powell_4D_H,v54,3,1,1.0,32,direct_newton
Powell_4D_H,v71,3,1,1.0,32,direct_newton
Powell_4D_H,v74a,3,1,1.1,32,direct_newton
Powell_4D_H,v74,3,1,1.0,32,direct_newton
Powell_4D_H,v54,4,1,1.0,32,direct_newton
Powell_4D_H,v71,4,1,1.0,32,direct_newton
Powell_4D_H,v74a,4,1,1.0,32,direct_newton
Powell_4D_H,v74,4,1,1.0,32,direct_newton
Powell_4D_H,v54,5,1,1.0,32,direct_newton
Powell_4D_H,v71,5,1,1.9,32,direct_newton
Powell_4D_H,v74a,5,1,1.0,32,direct_newton
Powell_4D_H,v74,5,1,1.1,32,direct_newton
Powell_4D_H,v54,6,1,1.0,33,direct_newton
Powell_4D_H,v71,6,1,1.0,33,direct_newton
Powell_4D_H,v74a,6,1,0.9,33,direct_newton
Powell_4D_H,v74,6,1,1.0,33,direct_newton
Powell_4D_H,v54,7,1,1.0,32,direct_newton
Powell_4D_H,v71,7,1,1.0,32,direct_newton
Powell_4D_H,v74a,7,1,1.0,32,direct_newton
Powell_4D_H,v74,7,1,1.0,32,direct_newton
Powell_4D_H,v54,8,1,1.0,32,direct_newton
Powell_4D_H,v71,8,1,1.0,32,direct_newton
Powell_4D_H,v74a,8,1,1.0,32,direct_newton
Powell_4D_H,v74,8,1,1.5,32,direct_newton
Powell_4D_H,v54,9,1,1.0,32,direct_newton
Powell_4D_H,v71,9,1,1.0,32,direct_newton
Powell_4D_H,v74a,9,1,1.0,32,direct_newton
Powell_4D_H,v74,9,1,1.1,32,direct_newton
Powell_4D_H,v54,10,1,1.0,32,direct_newton
Powell_4D_H,v71,10,1,1.9,32,direct_newton
Powell_4D_H,v74a,10,1,1.0,32,direct_newton
Powell_4D_H,v74,10,1,1.0,32,direct_newton
Powell_4D_H,v54,11,1,1.0,32,direct_newton
Powell_4D_H,v71,11,1,1.0,32,direct_newton
Powell_4D_H,v74a,11,1,1.0,32,direct_newton
Powell_4D_H,v74,11,1,1.0,32,direct_newton
Powell_4D_H,v54,12,1,2.1,32,direct_newton
Powell_4D_H,v71,12,1,1.0,32,direct_newton
Powell_4D_H,v74a,12,1,1.0,32,direct_newton
Powell_4D_H,v74,12,1,0.9,32,direct_newton
Powell_4D_H,v54,13,1,1.0,32,direct_newton
Powell_4D_H,v71,13,1,1.1,32,direct_newton
Powell_4D_H,v74a,13,1,1.0,32,direct_newton
Powell_4D_H,v74,13,1,1.0,32,direct_newton
Powell_4D_H,v54,14,1,1.9,32,direct_newton
Powell_4D_H,v71,14,1,1.0,32,direct_newton
Powell_4D_H,v74a,14,1,1.0,32,direct_newton
Powell_4D_H,v74,14,1,1.0,32,direct_newton
Powell_4D_H,v54,15,1,1.0,32,direct_newton
Powell_4D_H,v71,15,1,1.0,32,direct_newton
Powell_4D_H,v74a,15,1,0.9,32,direct_newton
Powell_4D_H,v74,15,1,1.0,32,direct_newton
Powell_4D_H,v54,16,1,2.0,32,direct_newton
Powell_4D_H,v71,16,1,0.0,32,direct_newton
Powell_4D_H,v74a,16,1,1.1,32,direct_newton
Powell_4D_H,v74,16,1,0.9,32,direct_newton
Powell_4D_H,v54,17,1,1.0,32,direct_newton
Powell_4D_H,v71,17,1,1.0,32,direct_newton
Powell_4D_H,v74a,17,1,1.0,32,direct_newton
Powell_4D_H,v74,17,1,1.0,32,direct_newton
Powell_4D_H,v54,18,1,2.0,32,direct_newton
Powell_4D_H,v71,18,1,1.0,32,direct_newton
Powell_4D_H,v74a,18,1,1.0,32,direct_newton
Powell_4D_H,v74,18,1,1.0,32,direct_newton
Powell_4D_H,v54,19,1,2.0,32,direct_newton
Powell_4D_H,v71,19,1,1.0,32,direct_newton
Powell_4D_H,v74a,19,1,1.0,32,direct_newton
Powell_4D_H,v74,19,1,1.0,32,direct_newton
Powell_4D_H,v54,20,1,1.0,33,direct_newton
Powell_4D_H,v71,20,1,1.0,33,direct_newton
Powell_4D_H,v74a,20,1,1.0,33,direct_newton
Powell_4D_H,v74,20,1,1.0,33,direct_newton
Powell_4D_H,v54,21,1,1.0,32,direct_newton
Powell_4D_H,v71,21,1,1.0,32,direct_newton
Powell_4D_H,v74a,21,1,1.0,32,direct_newton
Powell_4D_H,v74,21,1,1.0,32,direct_newton
Powell_4D_H,v54,22,1,1.0,32,direct_newton
Powell_4D_H,v71,22,1,1.0,32,direct_newton
Powell_4D_H,v74a,22,1,1.0,32,direct_newton
Powell_4D_H,v74,22,1,1.0,32,direct_newton
Powell_4D_H,v54,23,1,1.0,33,direct_newton
Powell_4D_H,v71,23,1,1.0,33,direct_newton
Powell_4D_H,v74a,23,1,1.0,33,direct_newton
Powell_4D_H,v74,23,1,1.0,33,direct_newton
Powell_4D_H,v54,24,1,1.0,32,direct_newton
Powell_4D_H,v71,24,1,1.0,32,direct_newton
Powell_4D_H,v74a,24,1,2.0,32,direct_newton
Powell_4D_H,v74,24,1,1.0,32,direct_newton
Powell_4D_H,v54,25,1,1.0,32,direct_newton
Powell_4D_H,v71,25,1,2.0,32,direct_newton
Powell_4D_H,v74a,25,1,1.0,32,direct_newton
Powell_4D_H,v74,25,1,1.0,32,direct_newton
Powell_4D_H,v54,26,1,1.0,32,direct_newton
Powell_4D_H,v71,26,1,1.0,32,direct_newton
Powell_4D_H,v74a,26,1,1.0,32,direct_newton
Powell_4D_H,v74,26,1,1.0,32,direct_newton
Powell_4D_H,v54,27,1,1.0,32,direct_newton
Powell_4D_H,v71,27,1,1.0,32,direct_newton
Powell_4D_H,v74a,27,1,2.0,32,direct_newton
Powell_4D_H,v74,27,1,1.0,32,direct_newton
Powell_4D_H,v54,28,1,1.0,32,direct_newton
Powell_4D_H,v71,28,1,1.0,32,direct_newton
Powell_4D_H,v74a,28,1,1.0,32,direct_newton
Powell_4D_H,v74,28,1,2.0,32,direct_newton
Powell_4D_H,v54,29,1,1.0,32,direct_newton
Powell_4D_H,v71,29,1,1.0,32,direct_newton
Powell_4D_H,v74a,29,1,1.0,32,direct_newton
Powell_4D_H,v74,29,1,2.0,32,direct_newton
Powell_4D_H,v54,30,1,1.0,32,direct_newton
Powell_4D_H,v71,30,1,1.0,32,direct_newton
Powell_4D_H,v74a,30,1,1.0,32,direct_newton
Powell_4D_H,v74,30,1,1.0,32,direct_newton
Powell_4D_H,v54,31,1,2.0,33,direct_newton
Powell_4D_H,v71,31,1,1.0,33,direct_newton
Powell_4D_H,v74a,31,1,1.0,33,direct_newton
Powell_4D_H,v74,31,1,2.0,33,direct_newton
Powell_4D_H,v54,32,1,1.1,32,direct_newton
Powell_4D_H,v71,32,1,1.0,32,direct_newton
Powell_4D_H,v74a,32,1,1.0,32,direct_newton
Powell_4D_H,v74,32,1,0.9,32,direct_newton
Powell_4D_H,v54,33,1,1.0,32,direct_newton
Powell_4D_H,v71,33,1,2.0,32,direct_newton
Powell_4D_H,v74a,33,1,1.0,32,direct_newton
Powell_4D_H,v74,33,1,1.0,32,direct_newton
Powell_4D_H,v54,34,1,1.0,32,direct_newton
Powell_4D_H,v71,34,1,1.0,32,direct_newton
Powell_4D_H,v74a,34,1,1.0,32,direct_newton
Powell_4D_H,v74,34,1,1.0,32,direct_newton
Powell_4D_H,v54,35,1,1.0,33,direct_newton
Powell_4D_H,v71,35,1,2.0,33,direct_newton
Powell_4D_H,v74a,35,1,1.0,33,direct_newton
Powell_4D_H,v74,35,1,1.0,33,direct_newton
Powell_4D_H,v54,36,1,1.0,32,direct_newton
Powell_4D_H,v71,36,1,1.0,32,direct_newton
Powell_4D_H,v74a,36,1,1.0,32,direct_newton
Powell_4D_H,v74,36,1,2.0,32,direct_newton
Powell_4D_H,v54,37,1,1.0,32,direct_newton
Powell_4D_H,v71,37,1,1.0,32,direct_newton
Powell_4D_H,v74a,37,1,1.0,32,direct_newton
Powell_4D_H,v74,37,1,1.0,32,direct_newton
Powell_4D_H,v54,38,1,2.0,33,direct_newton
Powell_4D_H,v71,38,1,1.0,33,direct_newton
Powell_4D_H,v74a,38,1,1.0,33,direct_newton
Powell_4D_H,v74,38,1,1.0,33,direct_newton
Powell_4D_H,v54,39,1,2.0,32,direct_newton
Powell_4D_H,v71,39,1,1.0,32,direct_newton
Powell_4D_H,v74a,39,1,1.0,32,direct_newton
Powell_4D_H,v74,39,1,1.0,32,direct_newton
Powell_4D_H,v54,40,1,1.0,32,direct_newton
Powell_4D_H,v71,40,1,1.0,32,direct_newton
Powell_4D_H,v74a,40,1,2.0,32,direct_newton
Powell_4D_H,v74,40,1,1.0,32,direct_newton
Powell_4D_H,v54,41,1,1.0,33,direct_newton
Powell_4D_H,v71,41,1,1.0,33,direct_newton
Powell_4D_H,v74a,41,1,1.0,33,direct_newton
Powell_4D_H,v74,41,1,1.0,33,direct_newton
Powell_4D_H,v54,42,1,2.0,32,direct_newton
Powell_4D_H,v71,42,1,2.0,32,direct_newton
Powell_4D_H,v74a,42,1,2.0,32,direct_newton
Powell_4D_H,v74,42,1,1.0,32,direct_newton
Powell_4D_H,v54,43,1,1.0,32,direct_newton
Powell_4D_H,v71,43,1,1.0,32,direct_newton
Powell_4D_H,v74a,43,1,1.0,32,direct_newton
Powell_4D_H,v74,43,1,1.0,32,direct_newton
Powell_4D_H,v54,44,1,1.0,32,direct_newton
Powell_4D_H,v71,44,1,1.0,32,direct_newton
Powell_4D_H,v74a,44,1,1.0,32,direct_newton
Powell_4D_H,v74,44,1,2.0,32,direct_newton
Powell_4D_H,v54,45,1,1.0,32,direct_newton
Powell_4D_H,v71,45,1,1.0,32,direct_newton
Powell_4D_H,v74a,45,1,1.0,32,direct_newton
Powell_4D_H,v74,45,1,2.0,32,direct_newton
Powell_4D_H,v54,46,1,1.0,32,direct_newton
Powell_4D_H,v71,46,1,1.0,32,direct_newton
Powell_4D_H,v74a,46,1,1.0,32,direct_newton
Powell_4D_H,v74,46,1,1.0,32,direct_newton
Powell_4D_H,v54,47,1,1.0,32,direct_newton
Powell_4D_H,v71,47,1,2.0,32,direct_newton
Powell_4D_H,v74a,47,1,1.0,32,direct_newton
Powell_4D_H,v74,47,1,1.0,32,direct_newton
Powell_4D_H,v54,48,1,2.0,33,direct_newton
Powell_4D_H,v71,48,1,3.0,33,direct_newton
Powell_4D_H,v74a,48,1,2.0,33,direct_newton
Powell_4D_H,v74,48,1,2.0,33,direct_newton
Powell_4D_H,v54,49,1,3.0,32,direct_newton
Powell_4D_H,v71,49,1,2.0,32,direct_newton
Powell_4D_H,v74a,49,1,2.0,32,direct_newton
Powell_4D_H,v74,49,1,1.0,32,direct_newton
Powell_4D_M,v54,0,1,1.0,30,direct_newton
Powell_4D_M,v71,0,1,2.0,30,direct_newton
Powell_4D_M,v74a,0,1,1.0,30,direct_newton
Powell_4D_M,v74,0,1,1.0,30,direct_newton
Powell_4D_M,v54,1,1,1.0,30,direct_newton
Powell_4D_M,v71,1,1,1.0,30,direct_newton
Powell_4D_M,v74a,1,1,1.0,30,direct_newton
Powell_4D_M,v74,1,1,1.0,30,direct_newton
Powell_4D_M,v54,2,1,1.2,29,direct_newton
Powell_4D_M,v71,2,1,1.0,29,direct_newton
Powell_4D_M,v74a,2,1,1.0,29,direct_newton
Powell_4D_M,v74,2,1,1.0,29,direct_newton
Powell_4D_M,v54,3,1,1.0,30,direct_newton
Powell_4D_M,v71,3,1,1.0,30,direct_newton
Powell_4D_M,v74a,3,1,1.0,30,direct_newton
Powell_4D_M,v74,3,1,1.0,30,direct_newton
Powell_4D_M,v54,4,1,1.0,30,direct_newton
Powell_4D_M,v71,4,1,1.0,30,direct_newton
Powell_4D_M,v74a,4,1,1.0,30,direct_newton
Powell_4D_M,v74,4,1,1.0,30,direct_newton
Powell_4D_M,v54,5,1,1.0,30,direct_newton
Powell_4D_M,v71,5,1,1.0,30,direct_newton
Powell_4D_M,v74a,5,1,1.0,30,direct_newton
Powell_4D_M,v74,5,1,1.0,30,direct_newton
Powell_4D_M,v54,6,1,1.0,29,direct_newton
Powell_4D_M,v71,6,1,1.0,29,direct_newton
Powell_4D_M,v74a,6,1,1.0,29,direct_newton
Powell_4D_M,v74,6,1,1.0,29,direct_newton
Powell_4D_M,v54,7,1,1.0,30,direct_newton
Powell_4D_M,v71,7,1,1.0,30,direct_newton
Powell_4D_M,v74a,7,1,1.0,30,direct_newton
Powell_4D_M,v74,7,1,1.0,30,direct_newton
Powell_4D_M,v54,8,1,1.0,30,direct_newton
Powell_4D_M,v71,8,1,1.0,30,direct_newton
Powell_4D_M,v74a,8,1,2.0,30,direct_newton
Powell_4D_M,v74,8,1,1.0,30,direct_newton
Powell_4D_M,v54,9,1,1.0,30,direct_newton
Powell_4D_M,v71,9,1,1.0,30,direct_newton
Powell_4D_M,v74a,9,1,1.0,30,direct_newton
Powell_4D_M,v74,9,1,1.0,30,direct_newton
Powell_4D_M,v54,10,1,1.0,30,direct_newton
Powell_4D_M,v71,10,1,1.0,30,direct_newton
Powell_4D_M,v74a,10,1,1.0,30,direct_newton
Powell_4D_M,v74,10,1,1.0,30,direct_newton
Powell_4D_M,v54,11,1,1.0,30,direct_newton
Powell_4D_M,v71,11,1,1.0,30,direct_newton
Powell_4D_M,v74a,11,1,1.0,30,direct_newton
Powell_4D_M,v74,11,1,1.0,30,direct_newton
Powell_4D_M,v54,12,1,2.0,30,direct_newton
Powell_4D_M,v71,12,1,1.0,30,direct_newton
Powell_4D_M,v74a,12,1,1.0,30,direct_newton
Powell_4D_M,v74,12,1,1.0,30,direct_newton
Powell_4D_M,v54,13,1,2.0,30,direct_newton
Powell_4D_M,v71,13,1,1.0,30,direct_newton
Powell_4D_M,v74a,13,1,1.0,30,direct_newton
Powell_4D_M,v74,13,1,1.0,30,direct_newton
Powell_4D_M,v54,14,1,1.0,30,direct_newton
Powell_4D_M,v71,14,1,1.0,30,direct_newton
Powell_4D_M,v74a,14,1,1.0,30,direct_newton
Powell_4D_M,v74,14,1,1.0,30,direct_newton
Powell_4D_M,v54,15,1,1.0,30,direct_newton
Powell_4D_M,v71,15,1,1.0,30,direct_newton
Powell_4D_M,v74a,15,1,1.0,30,direct_newton
Powell_4D_M,v74,15,1,1.0,30,direct_newton
Powell_4D_M,v54,16,1,1.0,30,direct_newton
Powell_4D_M,v71,16,1,1.0,30,direct_newton
Powell_4D_M,v74a,16,1,1.0,30,direct_newton
Powell_4D_M,v74,16,1,1.0,30,direct_newton
Powell_4D_M,v54,17,1,1.0,30,direct_newton
Powell_4D_M,v71,17,1,1.0,30,direct_newton
Powell_4D_M,v74a,17,1,1.0,30,direct_newton
Powell_4D_M,v74,17,1,1.0,30,direct_newton
Powell_4D_M,v54,18,1,1.0,30,direct_newton
Powell_4D_M,v71,18,1,2.0,30,direct_newton
Powell_4D_M,v74a,18,1,1.0,30,direct_newton
Powell_4D_M,v74,18,1,1.0,30,direct_newton
Powell_4D_M,v54,19,1,1.0,30,direct_newton
Powell_4D_M,v71,19,1,3.0,30,direct_newton
Powell_4D_M,v74a,19,1,1.0,30,direct_newton
Powell_4D_M,v74,19,1,1.0,30,direct_newton
Powell_4D_M,v54,20,1,1.0,30,direct_newton
Powell_4D_M,v71,20,1,1.0,30,direct_newton
Powell_4D_M,v74a,20,1,1.0,30,direct_newton
Powell_4D_M,v74,20,1,1.0,30,direct_newton
Powell_4D_M,v54,21,1,1.0,30,direct_newton
Powell_4D_M,v71,21,1,1.0,30,direct_newton
Powell_4D_M,v74a,21,1,1.0,30,direct_newton
Powell_4D_M,v74,21,1,1.0,30,direct_newton
Powell_4D_M,v54,22,1,1.0,30,direct_newton
Powell_4D_M,v71,22,1,1.0,30,direct_newton
Powell_4D_M,v74a,22,1,1.0,30,direct_newton
Powell_4D_M,v74,22,1,1.0,30,direct_newton
Powell_4D_M,v54,23,1,1.0,30,direct_newton
Powell_4D_M,v71,23,1,1.0,30,direct_newton
Powell_4D_M,v74a,23,1,1.0,30,direct_newton
Powell_4D_M,v74,23,1,1.0,30,direct_newton
Powell_4D_M,v54,24,1,1.0,30,direct_newton
Powell_4D_M,v71,24,1,1.0,30,direct_newton
Powell_4D_M,v74a,24,1,1.0,30,direct_newton
Powell_4D_M,v74,24,1,1.0,30,direct_newton
Powell_4D_M,v54,25,1,1.0,30,direct_newton
Powell_4D_M,v71,25,1,1.0,30,direct_newton
Powell_4D_M,v74a,25,1,1.0,30,direct_newton
Powell_4D_M,v74,25,1,1.0,30,direct_newton
Powell_4D_M,v54,26,1,1.0,30,direct_newton
Powell_4D_M,v71,26,1,1.0,30,direct_newton
Powell_4D_M,v74a,26,1,2.0,30,direct_newton
Powell_4D_M,v74,26,1,1.0,30,direct_newton
Powell_4D_M,v54,27,1,1.0,29,direct_newton
Powell_4D_M,v71,27,1,1.0,29,direct_newton
Powell_4D_M,v74a,27,1,1.0,29,direct_newton
Powell_4D_M,v74,27,1,1.0,29,direct_newton
Powell_4D_M,v54,28,1,1.0,30,direct_newton
Powell_4D_M,v71,28,1,1.0,30,direct_newton
Powell_4D_M,v74a,28,1,1.0,30,direct_newton
Powell_4D_M,v74,28,1,1.0,30,direct_newton
Powell_4D_M,v54,29,1,1.0,30,direct_newton
Powell_4D_M,v71,29,1,1.0,30,direct_newton
Powell_4D_M,v74a,29,1,1.0,30,direct_newton
Powell_4D_M,v74,29,1,2.0,30,direct_newton
Powell_4D_M,v54,30,1,2.0,30,direct_newton
Powell_4D_M,v71,30,1,2.0,30,direct_newton
Powell_4D_M,v74a,30,1,1.0,30,direct_newton
Powell_4D_M,v74,30,1,1.0,30,direct_newton
Powell_4D_M,v54,31,1,1.0,30,direct_newton
Powell_4D_M,v71,31,1,2.0,30,direct_newton
Powell_4D_M,v74a,31,1,1.0,30,direct_newton
Powell_4D_M,v74,31,1,1.0,30,direct_newton
Powell_4D_M,v54,32,1,1.0,29,direct_newton
Powell_4D_M,v71,32,1,1.0,29,direct_newton
Powell_4D_M,v74a,32,1,1.0,29,direct_newton
Powell_4D_M,v74,32,1,1.0,29,direct_newton
Powell_4D_M,v54,33,1,2.0,30,direct_newton
Powell_4D_M,v71,33,1,1.0,30,direct_newton
Powell_4D_M,v74a,33,1,1.0,30,direct_newton
Powell_4D_M,v74,33,1,1.0,30,direct_newton
Powell_4D_M,v54,34,1,1.0,30,direct_newton
Powell_4D_M,v71,34,1,1.0,30,direct_newton
Powell_4D_M,v74a,34,1,1.0,30,direct_newton
Powell_4D_M,v74,34,1,1.0,30,direct_newton
Powell_4D_M,v54,35,1,1.0,30,direct_newton
Powell_4D_M,v71,35,1,1.0,30,direct_newton
Powell_4D_M,v74a,35,1,1.0,30,direct_newton
Powell_4D_M,v74,35,1,1.0,30,direct_newton
Powell_4D_M,v54,36,1,2.0,30,direct_newton
Powell_4D_M,v71,36,1,2.0,30,direct_newton
Powell_4D_M,v74a,36,1,1.0,30,direct_newton
Powell_4D_M,v74,36,1,1.0,30,direct_newton
Powell_4D_M,v54,37,1,1.0,30,direct_newton
Powell_4D_M,v71,37,1,0.0,30,direct_newton
Powell_4D_M,v74a,37,1,1.0,30,direct_newton
Powell_4D_M,v74,37,1,2.0,30,direct_newton
Powell_4D_M,v54,38,1,1.0,30,direct_newton
Powell_4D_M,v71,38,1,1.0,30,direct_newton
Powell_4D_M,v74a,38,1,1.0,30,direct_newton
Powell_4D_M,v74,38,1,1.0,30,direct_newton
Powell_4D_M,v54,39,1,1.0,29,direct_newton
Powell_4D_M,v71,39,1,1.0,29,direct_newton
Powell_4D_M,v74a,39,1,1.0,29,direct_newton
Powell_4D_M,v74,39,1,1.0,29,direct_newton
Powell_4D_M,v54,40,1,1.0,30,direct_newton
Powell_4D_M,v71,40,1,1.0,30,direct_newton
Powell_4D_M,v74a,40,1,1.0,30,direct_newton
Powell_4D_M,v74,40,1,1.0,30,direct_newton
Powell_4D_M,v54,41,1,1.0,30,direct_newton
Powell_4D_M,v71,41,1,1.0,30,direct_newton
Powell_4D_M,v74a,41,1,1.0,30,direct_newton
Powell_4D_M,v74,41,1,1.0,30,direct_newton
Powell_4D_M,v54,42,1,1.0,29,direct_newton
Powell_4D_M,v71,42,1,1.0,29,direct_newton
Powell_4D_M,v74a,42,1,1.0,29,direct_newton
Powell_4D_M,v74,42,1,1.0,29,direct_newton
Powell_4D_M,v54,43,1,1.0,30,direct_newton
Powell_4D_M,v71,43,1,2.0,30,direct_newton
Powell_4D_M,v74a,43,1,1.0,30,direct_newton
Powell_4D_M,v74,43,1,1.0,30,direct_newton
Powell_4D_M,v54,44,1,1.0,30,direct_newton
Powell_4D_M,v71,44,1,1.0,30,direct_newton
Powell_4D_M,v74a,44,1,1.0,30,direct_newton
Powell_4D_M,v74,44,1,1.0,30,direct_newton
Powell_4D_M,v54,45,1,1.0,30,direct_newton
Powell_4D_M,v71,45,1,1.0,30,direct_newton
Powell_4D_M,v74a,45,1,1.0,30,direct_newton
Powell_4D_M,v74,45,1,1.0,30,direct_newton
Powell_4D_M,v54,46,1,2.0,30,direct_newton
Powell_4D_M,v71,46,1,1.0,30,direct_newton
Powell_4D_M,v74a,46,1,1.0,30,direct_newton
Powell_4D_M,v74,46,1,1.0,30,direct_newton
Powell_4D_M,v54,47,1,2.0,29,direct_newton
Powell_4D_M,v71,47,1,1.0,29,direct_newton
Powell_4D_M,v74a,47,1,1.0,29,direct_newton
Powell_4D_M,v74,47,1,1.0,29,direct_newton
Powell_4D_M,v54,48,1,1.0,30,direct_newton
Powell_4D_M,v71,48,1,1.0,30,direct_newton
Powell_4D_M,v74a,48,1,1.0,30,direct_newton
Powell_4D_M,v74,48,1,1.0,30,direct_newton
Powell_4D_M,v54,49,1,1.0,30,direct_newton
Powell_4D_M,v71,49,1,1.0,30,direct_newton
Powell_4D_M,v74a,49,1,1.0,30,direct_newton
Powell_4D_M,v74,49,1,1.0,30,direct_newton
Rastrigin_20D_XE,v54,0,0,771.7,77186,hgca_cma_failed
Rastrigin_20D_XE,v71,0,1,5.0,2,pcu_ok
Rastrigin_20D_XE,v74a,0,1,416.1,2,struct_pcu_ok
Rastrigin_20D_XE,v74,0,1,5.0,2,pcu_ok
Rastrigin_20D_XE,v54,1,0,687.0,77186,hgca_cma_failed
Rastrigin_20D_XE,v71,1,1,5.0,2,pcu_ok
Rastrigin_20D_XE,v74a,1,1,414.7,2,struct_pcu_ok
Rastrigin_20D_XE,v74,1,1,6.0,2,pcu_ok
Rastrigin_20D_XE,v54,2,0,703.2,77844,hgca_cma_failed
Rastrigin_20D_XE,v71,2,1,5.0,2,pcu_ok
Rastrigin_20D_XE,v74a,2,1,426.0,2,struct_pcu_ok
Rastrigin_20D_XE,v74,2,1,5.0,2,pcu_ok
Rastrigin_20D_XE,v54,3,0,713.7,77844,hgca_cma_failed
Rastrigin_20D_XE,v71,3,1,6.0,2,pcu_ok
Rastrigin_20D_XE,v74a,3,1,419.0,2,struct_pcu_ok
Rastrigin_20D_XE,v74,3,1,5.0,2,pcu_ok
Rastrigin_20D_XE,v54,4,0,707.2,77844,hgca_cma_failed
Rastrigin_20D_XE,v71,4,1,5.0,2,pcu_ok
Rastrigin_20D_XE,v74a,4,1,419.1,2,struct_pcu_ok
Rastrigin_20D_XE,v74,4,1,5.0,2,pcu_ok
Rastrigin_20D_XE,v54,5,0,733.5,78501,hgca_cma_failed
Rastrigin_20D_XE,v71,5,1,5.0,2,pcu_ok
Rastrigin_20D_XE,v74a,5,1,446.4,2,struct_pcu_ok
Rastrigin_20D_XE,v74,5,1,5.0,2,pcu_ok
Rastrigin_20D_XE,v54,6,0,711.1,77516,hgca_cma_failed
Rastrigin_20D_XE,v71,6,1,4.0,2,pcu_ok
Rastrigin_20D_XE,v74a,6,1,455.8,2,struct_pcu_ok
Rastrigin_20D_XE,v74,6,1,5.0,2,pcu_ok
Rastrigin_20D_XE,v54,7,0,740.7,78173,hgca_cma_failed
Rastrigin_20D_XE,v71,7,1,4.9,2,pcu_ok
Rastrigin_20D_XE,v74a,7,1,403.5,2,struct_pcu_ok
Rastrigin_20D_XE,v74,7,1,6.0,2,pcu_ok
Rastrigin_20D_XE,v54,8,0,730.0,78173,hgca_cma_failed
Rastrigin_20D_XE,v71,8,1,5.0,2,pcu_ok
Rastrigin_20D_XE,v74a,8,1,424.0,2,struct_pcu_ok
Rastrigin_20D_XE,v74,8,1,5.0,2,pcu_ok
Rastrigin_20D_XE,v54,9,0,723.6,78831,hgca_cma_failed
Rastrigin_20D_XE,v71,9,1,5.0,2,pcu_ok
Rastrigin_20D_XE,v74a,9,1,446.4,2,struct_pcu_ok
Rastrigin_20D_XE,v74,9,1,5.0,2,pcu_ok
Rastrigin_20D_XE,v54,10,0,729.7,78173,hgca_cma_failed
Rastrigin_20D_XE,v71,10,1,5.0,2,pcu_ok
Rastrigin_20D_XE,v74a,10,1,431.0,2,struct_pcu_ok
Rastrigin_20D_XE,v74,10,1,5.0,2,pcu_ok
Rastrigin_20D_XE,v54,11,0,695.6,77186,hgca_cma_failed
Rastrigin_20D_XE,v71,11,1,5.0,2,pcu_ok
Rastrigin_20D_XE,v74a,11,1,414.0,2,struct_pcu_ok
Rastrigin_20D_XE,v74,11,1,6.0,2,pcu_ok
Rastrigin_20D_XE,v54,12,0,750.5,78831,hgca_cma_failed
Rastrigin_20D_XE,v71,12,1,7.0,2,pcu_ok
Rastrigin_20D_XE,v74a,12,1,453.0,2,struct_pcu_ok
Rastrigin_20D_XE,v74,12,1,8.3,2,pcu_ok
Rastrigin_20D_XE,v54,13,0,796.0,78502,hgca_cma_failed
Rastrigin_20D_XE,v71,13,1,5.3,2,pcu_ok
Rastrigin_20D_XE,v74a,13,1,406.0,2,struct_pcu_ok
Rastrigin_20D_XE,v74,13,1,7.0,2,pcu_ok
Rastrigin_20D_XE,v54,14,0,691.1,77515,hgca_cma_failed
Rastrigin_20D_XE,v71,14,1,5.0,2,pcu_ok
Rastrigin_20D_XE,v74a,14,1,422.7,2,struct_pcu_ok
Rastrigin_20D_XE,v74,14,1,5.0,2,pcu_ok
Rastrigin_20D_XE,v54,15,0,687.0,77184,hgca_cma_failed
Rastrigin_20D_XE,v71,15,1,5.0,2,pcu_ok
Rastrigin_20D_XE,v74a,15,1,406.0,2,struct_pcu_ok
Rastrigin_20D_XE,v74,15,1,6.0,2,pcu_ok
Rastrigin_20D_XE,v54,16,0,673.7,76857,hgca_cma_failed
Rastrigin_20D_XE,v71,16,1,4.9,2,pcu_ok
Rastrigin_20D_XE,v74a,16,1,452.0,2,struct_pcu_ok
Rastrigin_20D_XE,v74,16,1,5.0,2,pcu_ok
Rastrigin_20D_XE,v54,17,0,682.4,77516,hgca_cma_failed
Rastrigin_20D_XE,v71,17,1,5.0,2,pcu_ok
Rastrigin_20D_XE,v74a,17,1,412.9,2,struct_pcu_ok
Rastrigin_20D_XE,v74,17,1,5.0,2,pcu_ok
Rastrigin_20D_XE,v54,18,0,715.5,78173,hgca_cma_failed
Rastrigin_20D_XE,v71,18,1,5.0,2,pcu_ok
Rastrigin_20D_XE,v74a,18,1,421.0,2,struct_pcu_ok
Rastrigin_20D_XE,v74,18,1,5.0,2,pcu_ok
Rastrigin_20D_XE,v54,19,0,692.0,77844,hgca_cma_failed
Rastrigin_20D_XE,v71,19,1,5.0,2,pcu_ok
Rastrigin_20D_XE,v74a,19,1,432.4,2,struct_pcu_ok
Rastrigin_20D_XE,v74,19,1,5.0,2,pcu_ok
Rastrigin_20D_XE,v54,20,0,730.4,77844,hgca_cma_failed
Rastrigin_20D_XE,v71,20,1,5.0,2,pcu_ok
Rastrigin_20D_XE,v74a,20,1,434.6,2,struct_pcu_ok
Rastrigin_20D_XE,v74,20,1,7.0,2,pcu_ok
Rastrigin_20D_XE,v54,21,0,712.0,77515,hgca_cma_failed
Rastrigin_20D_XE,v71,21,1,7.0,2,pcu_ok
Rastrigin_20D_XE,v74a,21,1,423.4,2,struct_pcu_ok
Rastrigin_20D_XE,v74,21,1,5.0,2,pcu_ok
Rastrigin_20D_XE,v54,22,0,686.5,78173,hgca_cma_failed
Rastrigin_20D_XE,v71,22,1,5.0,2,pcu_ok
Rastrigin_20D_XE,v74a,22,1,414.3,2,struct_pcu_ok
Rastrigin_20D_XE,v74,22,1,5.9,2,pcu_ok
Rastrigin_20D_XE,v54,23,0,695.8,78502,hgca_cma_failed
Rastrigin_20D_XE,v71,23,1,5.0,2,pcu_ok
Rastrigin_20D_XE,v74a,23,1,437.1,2,struct_pcu_ok
Rastrigin_20D_XE,v74,23,1,5.0,2,pcu_ok
Rastrigin_20D_XE,v54,24,0,696.4,77844,hgca_cma_failed
Rastrigin_20D_XE,v71,24,1,5.0,2,pcu_ok
Rastrigin_20D_XE,v74a,24,1,413.3,2,struct_pcu_ok
Rastrigin_20D_XE,v74,24,1,5.0,2,pcu_ok
Rastrigin_20D_XE,v54,25,0,692.5,77515,hgca_cma_failed
Rastrigin_20D_XE,v71,25,1,5.0,2,pcu_ok
Rastrigin_20D_XE,v74a,25,1,409.6,2,struct_pcu_ok
Rastrigin_20D_XE,v74,25,1,5.0,2,pcu_ok
Rastrigin_20D_XE,v54,26,0,694.3,77517,hgca_cma_failed
Rastrigin_20D_XE,v71,26,1,5.0,2,pcu_ok
Rastrigin_20D_XE,v74a,26,1,402.5,2,struct_pcu_ok
Rastrigin_20D_XE,v74,26,1,5.0,2,pcu_ok
Rastrigin_20D_XE,v54,27,0,691.3,77515,hgca_cma_failed
Rastrigin_20D_XE,v71,27,1,5.1,2,pcu_ok
Rastrigin_20D_XE,v74a,27,1,430.5,2,struct_pcu_ok
Rastrigin_20D_XE,v74,27,1,5.0,2,pcu_ok
Rastrigin_20D_XE,v54,28,0,688.0,77187,hgca_cma_failed
Rastrigin_20D_XE,v71,28,1,5.0,2,pcu_ok
Rastrigin_20D_XE,v74a,28,1,434.0,2,struct_pcu_ok
Rastrigin_20D_XE,v74,28,1,5.0,2,pcu_ok
Rastrigin_20D_XE,v54,29,0,707.5,77844,hgca_cma_failed
Rastrigin_20D_XE,v71,29,1,5.0,2,pcu_ok
Rastrigin_20D_XE,v74a,29,1,390.4,2,struct_pcu_ok
Rastrigin_20D_XE,v74,29,1,4.1,2,pcu_ok
Rastrigin_20D_XE,v54,30,0,658.4,77186,hgca_cma_failed
Rastrigin_20D_XE,v71,30,1,5.0,2,pcu_ok
Rastrigin_20D_XE,v74a,30,1,449.0,2,struct_pcu_ok
Rastrigin_20D_XE,v74,30,1,5.0,2,pcu_ok
Rastrigin_20D_XE,v54,31,0,669.5,77844,hgca_cma_failed
Rastrigin_20D_XE,v71,31,1,5.0,2,pcu_ok
Rastrigin_20D_XE,v74a,31,1,381.9,2,struct_pcu_ok
Rastrigin_20D_XE,v74,31,1,5.0,2,pcu_ok
Rastrigin_20D_XE,v54,32,0,687.0,77514,hgca_cma_failed
Rastrigin_20D_XE,v71,32,1,6.0,2,pcu_ok
Rastrigin_20D_XE,v74a,32,1,411.2,2,struct_pcu_ok
Rastrigin_20D_XE,v74,32,1,5.0,2,pcu_ok
Rastrigin_20D_XE,v54,33,0,716.4,78173,hgca_cma_failed
Rastrigin_20D_XE,v71,33,1,4.9,2,pcu_ok
Rastrigin_20D_XE,v74a,33,1,422.0,2,struct_pcu_ok
Rastrigin_20D_XE,v74,33,1,5.0,2,pcu_ok
Rastrigin_20D_XE,v54,34,0,753.0,78173,hgca_cma_failed
Rastrigin_20D_XE,v71,34,1,5.0,2,pcu_ok
Rastrigin_20D_XE,v74a,34,1,394.0,2,struct_pcu_ok
Rastrigin_20D_XE,v74,34,1,6.0,2,pcu_ok
Rastrigin_20D_XE,v54,35,0,700.2,77515,hgca_cma_failed
Rastrigin_20D_XE,v71,35,1,5.0,2,pcu_ok
Rastrigin_20D_XE,v74a,35,1,398.0,2,struct_pcu_ok
Rastrigin_20D_XE,v74,35,1,5.0,2,pcu_ok
Rastrigin_20D_XE,v54,36,0,695.4,77845,hgca_cma_failed
Rastrigin_20D_XE,v71,36,1,6.0,2,pcu_ok
Rastrigin_20D_XE,v74a,36,1,432.1,2,struct_pcu_ok
Rastrigin_20D_XE,v74,36,1,5.0,2,pcu_ok
Rastrigin_20D_XE,v54,37,0,712.4,77844,hgca_cma_failed
Rastrigin_20D_XE,v71,37,1,5.0,2,pcu_ok
Rastrigin_20D_XE,v74a,37,1,486.9,2,struct_pcu_ok
Rastrigin_20D_XE,v74,37,1,5.0,2,pcu_ok
Rastrigin_20D_XE,v54,38,0,675.0,77186,hgca_cma_failed
Rastrigin_20D_XE,v71,38,1,5.0,2,pcu_ok
Rastrigin_20D_XE,v74a,38,1,427.1,2,struct_pcu_ok
Rastrigin_20D_XE,v74,38,1,6.0,2,pcu_ok
Rastrigin_20D_XE,v54,39,0,741.3,78502,hgca_cma_failed
Rastrigin_20D_XE,v71,39,1,6.0,2,pcu_ok
Rastrigin_20D_XE,v74a,39,1,417.6,2,struct_pcu_ok
Rastrigin_20D_XE,v74,39,1,5.0,2,pcu_ok
Rastrigin_20D_XE,v54,40,0,692.7,77515,hgca_cma_failed
Rastrigin_20D_XE,v71,40,1,6.0,2,pcu_ok
Rastrigin_20D_XE,v74a,40,1,399.0,2,struct_pcu_ok
Rastrigin_20D_XE,v74,40,1,5.0,2,pcu_ok
Rastrigin_20D_XE,v54,41,0,669.0,77186,hgca_cma_failed
Rastrigin_20D_XE,v71,41,1,6.0,2,pcu_ok
Rastrigin_20D_XE,v74a,41,1,429.0,2,struct_pcu_ok
Rastrigin_20D_XE,v74,41,1,6.0,2,pcu_ok
Rastrigin_20D_XE,v54,42,0,707.5,78173,hgca_cma_failed
Rastrigin_20D_XE,v71,42,1,6.0,2,pcu_ok
Rastrigin_20D_XE,v74a,42,1,434.6,2,struct_pcu_ok
Rastrigin_20D_XE,v74,42,1,5.0,2,pcu_ok
Rastrigin_20D_XE,v54,43,0,684.3,77186,hgca_cma_failed
Rastrigin_20D_XE,v71,43,1,5.0,2,pcu_ok
Rastrigin_20D_XE,v74a,43,1,415.5,2,struct_pcu_ok
Rastrigin_20D_XE,v74,43,1,5.0,2,pcu_ok
Rastrigin_20D_XE,v54,44,0,698.0,77515,hgca_cma_failed
Rastrigin_20D_XE,v71,44,1,6.0,2,pcu_ok
Rastrigin_20D_XE,v74a,44,1,409.0,2,struct_pcu_ok
Rastrigin_20D_XE,v74,44,1,5.0,2,pcu_ok
Rastrigin_20D_XE,v54,45,0,699.5,77844,hgca_cma_failed
Rastrigin_20D_XE,v71,45,1,6.0,2,pcu_ok
Rastrigin_20D_XE,v74a,45,1,443.0,2,struct_pcu_ok
Rastrigin_20D_XE,v74,45,1,5.0,2,pcu_ok
Rastrigin_20D_XE,v54,46,0,712.0,77186,hgca_cma_failed
Rastrigin_20D_XE,v71,46,1,5.0,2,pcu_ok
Rastrigin_20D_XE,v74a,46,1,451.5,2,struct_pcu_ok
Rastrigin_20D_XE,v74,46,1,5.0,2,pcu_ok
Rastrigin_20D_XE,v54,47,0,713.5,77844,hgca_cma_failed
Rastrigin_20D_XE,v71,47,1,4.9,2,pcu_ok
Rastrigin_20D_XE,v74a,47,1,396.4,2,struct_pcu_ok
Rastrigin_20D_XE,v74,47,1,6.0,2,pcu_ok
Rastrigin_20D_XE,v54,48,0,716.0,78174,hgca_cma_failed
Rastrigin_20D_XE,v71,48,1,5.0,2,pcu_ok
Rastrigin_20D_XE,v74a,48,1,400.1,2,struct_pcu_ok
Rastrigin_20D_XE,v74,48,1,5.0,2,pcu_ok
Rastrigin_20D_XE,v54,49,0,712.3,77844,hgca_cma_failed
Rastrigin_20D_XE,v71,49,1,5.0,2,pcu_ok
Rastrigin_20D_XE,v74a,49,1,449.8,2,struct_pcu_ok
Rastrigin_20D_XE,v74,49,1,6.0,2,pcu_ok
Rastrigin_2D_XE,v54,0,1,207.0,30117,hgca_cma_refined
Rastrigin_2D_XE,v71,0,1,1.0,2,pcu_ok
Rastrigin_2D_XE,v74a,0,1,27.0,2,struct_pcu_ok
Rastrigin_2D_XE,v74,0,1,1.0,2,pcu_ok
Rastrigin_2D_XE,v54,1,1,250.0,29664,hgca_cma_refined
Rastrigin_2D_XE,v71,1,1,10.0,2,pcu_ok
Rastrigin_2D_XE,v74a,1,1,39.0,2,struct_pcu_ok
Rastrigin_2D_XE,v74,1,1,11.0,2,pcu_ok
Rastrigin_2D_XE,v54,2,1,232.0,28700,hgca_cma_refined
Rastrigin_2D_XE,v71,2,1,1.0,2,pcu_ok
Rastrigin_2D_XE,v74a,2,1,27.0,2,struct_pcu_ok
Rastrigin_2D_XE,v74,2,1,1.0,2,pcu_ok
Rastrigin_2D_XE,v54,3,1,215.0,29239,hgca_cma_refined
Rastrigin_2D_XE,v71,3,1,1.0,2,pcu_ok
Rastrigin_2D_XE,v74a,3,1,28.0,2,struct_pcu_ok
Rastrigin_2D_XE,v74,3,1,1.0,2,pcu_ok
Rastrigin_2D_XE,v54,4,1,200.8,28982,hgca_cma_refined
Rastrigin_2D_XE,v71,4,1,1.0,2,pcu_ok
Rastrigin_2D_XE,v74a,4,1,35.0,2,struct_pcu_ok
Rastrigin_2D_XE,v74,4,1,1.0,2,pcu_ok
Rastrigin_2D_XE,v54,5,1,229.0,29829,hgca_cma_refined
Rastrigin_2D_XE,v71,5,1,1.0,2,pcu_ok
Rastrigin_2D_XE,v74a,5,1,27.0,2,struct_pcu_ok
Rastrigin_2D_XE,v74,5,1,2.0,2,pcu_ok
Rastrigin_2D_XE,v54,6,1,227.0,30037,hgca_cma_refined
Rastrigin_2D_XE,v71,6,1,0.0,2,pcu_ok
Rastrigin_2D_XE,v74a,6,1,27.0,2,struct_pcu_ok
Rastrigin_2D_XE,v74,6,1,1.0,2,pcu_ok
Rastrigin_2D_XE,v54,7,1,240.0,29991,hgca_cma_refined
Rastrigin_2D_XE,v71,7,1,1.0,2,pcu_ok
Rastrigin_2D_XE,v74a,7,1,28.0,2,struct_pcu_ok
Rastrigin_2D_XE,v74,7,1,1.0,2,pcu_ok
Rastrigin_2D_XE,v54,8,1,249.0,27512,hgca_cma_refined
Rastrigin_2D_XE,v71,8,1,9.0,2,pcu_ok
Rastrigin_2D_XE,v74a,8,1,35.0,2,struct_pcu_ok
Rastrigin_2D_XE,v74,8,1,11.1,2,pcu_ok
Rastrigin_2D_XE,v54,9,1,204.5,28293,hgca_cma_refined
Rastrigin_2D_XE,v71,9,1,0.0,2,pcu_ok
Rastrigin_2D_XE,v74a,9,1,27.0,2,struct_pcu_ok
Rastrigin_2D_XE,v74,9,1,1.0,2,pcu_ok
Rastrigin_2D_XE,v54,10,1,223.0,30127,hgca_cma_refined
Rastrigin_2D_XE,v71,10,1,1.0,2,pcu_ok
Rastrigin_2D_XE,v74a,10,1,27.1,2,struct_pcu_ok
Rastrigin_2D_XE,v74,10,1,1.0,2,pcu_ok
Rastrigin_2D_XE,v54,11,1,201.9,30013,hgca_cma_refined
Rastrigin_2D_XE,v71,11,1,1.0,2,pcu_ok
Rastrigin_2D_XE,v74a,11,1,28.0,2,struct_pcu_ok
Rastrigin_2D_XE,v74,11,1,1.0,2,pcu_ok
Rastrigin_2D_XE,v54,12,1,196.0,28957,hgca_cma_refined
Rastrigin_2D_XE,v71,12,1,0.0,2,pcu_ok
Rastrigin_2D_XE,v74a,12,1,29.9,2,struct_pcu_ok
Rastrigin_2D_XE,v74,12,1,0.0,2,pcu_ok
Rastrigin_2D_XE,v54,13,1,209.0,29445,hgca_cma_refined
Rastrigin_2D_XE,v71,13,1,0.0,2,pcu_ok
Rastrigin_2D_XE,v74a,13,1,31.0,2,struct_pcu_ok
Rastrigin_2D_XE,v74,13,1,1.0,2,pcu_ok
Rastrigin_2D_XE,v54,14,1,201.0,29957,hgca_cma_refined
Rastrigin_2D_XE,v71,14,1,0.0,2,pcu_ok
Rastrigin_2D_XE,v74a,14,1,27.0,2,struct_pcu_ok
Rastrigin_2D_XE,v74,14,1,0.0,2,pcu_ok
Rastrigin_2D_XE,v54,15,1,197.3,28789,hgca_cma_refined
Rastrigin_2D_XE,v71,15,1,1.0,2,pcu_ok
Rastrigin_2D_XE,v74a,15,1,28.9,2,struct_pcu_ok
Rastrigin_2D_XE,v74,15,1,0.0,2,pcu_ok
Rastrigin_2D_XE,v54,16,1,218.0,28766,hgca_cma_refined
Rastrigin_2D_XE,v71,16,1,1.0,2,pcu_ok
Rastrigin_2D_XE,v74a,16,1,30.0,2,struct_pcu_ok
Rastrigin_2D_XE,v74,16,1,1.0,2,pcu_ok
Rastrigin_2D_XE,v54,17,1,196.2,28101,hgca_cma_refined
Rastrigin_2D_XE,v71,17,1,0.0,2,pcu_ok
Rastrigin_2D_XE,v74a,17,1,27.0,2,struct_pcu_ok
Rastrigin_2D_XE,v74,17,1,1.0,2,pcu_ok
Rastrigin_2D_XE,v54,18,1,231.0,28984,hgca_cma_refined
Rastrigin_2D_XE,v71,18,1,9.0,2,pcu_ok
Rastrigin_2D_XE,v74a,18,1,34.0,2,struct_pcu_ok
Rastrigin_2D_XE,v74,18,1,9.0,2,pcu_ok
Rastrigin_2D_XE,v54,19,1,197.0,29053,hgca_cma_refined
Rastrigin_2D_XE,v71,19,1,0.0,2,pcu_ok
Rastrigin_2D_XE,v74a,19,1,31.0,2,struct_pcu_ok
Rastrigin_2D_XE,v74,19,1,1.0,2,pcu_ok
Rastrigin_2D_XE,v54,20,1,220.0,29335,hgca_cma_refined
Rastrigin_2D_XE,v71,20,1,1.0,2,pcu_ok
Rastrigin_2D_XE,v74a,20,1,26.0,2,struct_pcu_ok
Rastrigin_2D_XE,v74,20,1,1.0,2,pcu_ok
Rastrigin_2D_XE,v54,21,1,292.1,31995,hgca_cma_refined
Rastrigin_2D_XE,v71,21,1,9.9,2,pcu_ok
Rastrigin_2D_XE,v74a,21,1,36.0,2,struct_pcu_ok
Rastrigin_2D_XE,v74,21,1,10.0,2,pcu_ok
Rastrigin_2D_XE,v54,22,1,196.0,28773,hgca_cma_refined
Rastrigin_2D_XE,v71,22,1,1.0,2,pcu_ok
Rastrigin_2D_XE,v74a,22,1,32.0,2,struct_pcu_ok
Rastrigin_2D_XE,v74,22,1,1.0,2,pcu_ok
Rastrigin_2D_XE,v54,23,1,190.1,27829,hgca_cma_refined
Rastrigin_2D_XE,v71,23,1,0.0,2,pcu_ok
Rastrigin_2D_XE,v74a,23,1,25.9,2,struct_pcu_ok
Rastrigin_2D_XE,v74,23,1,1.0,2,pcu_ok
Rastrigin_2D_XE,v54,24,1,230.0,29200,hgca_cma_refined
Rastrigin_2D_XE,v71,24,1,1.0,2,pcu_ok
Rastrigin_2D_XE,v74a,24,1,27.0,2,struct_pcu_ok
Rastrigin_2D_XE,v74,24,1,1.0,2,pcu_ok
Rastrigin_2D_XE,v54,25,1,237.1,30124,hgca_cma_refined
Rastrigin_2D_XE,v71,25,1,1.0,2,pcu_ok
Rastrigin_2D_XE,v74a,25,1,30.0,2,struct_pcu_ok
Rastrigin_2D_XE,v74,25,1,1.0,2,pcu_ok
Rastrigin_2D_XE,v54,26,1,212.0,28391,hgca_cma_refined
Rastrigin_2D_XE,v71,26,1,1.0,2,pcu_ok
Rastrigin_2D_XE,v74a,26,1,28.0,2,struct_pcu_ok
Rastrigin_2D_XE,v74,26,1,0.0,2,pcu_ok
Rastrigin_2D_XE,v54,27,1,204.5,27903,hgca_cma_refined
Rastrigin_2D_XE,v71,27,1,1.1,2,pcu_ok
Rastrigin_2D_XE,v74a,27,1,25.9,2,struct_pcu_ok
Rastrigin_2D_XE,v74,27,1,1.0,2,pcu_ok
Rastrigin_2D_XE,v54,28,1,222.4,30032,hgca_cma_refined
Rastrigin_2D_XE,v71,28,1,10.0,2,pcu_ok
Rastrigin_2D_XE,v74a,28,1,37.0,2,struct_pcu_ok
Rastrigin_2D_XE,v74,28,1,9.0,2,pcu_ok
Rastrigin_2D_XE,v54,29,1,197.0,28101,hgca_cma_refined
Rastrigin_2D_XE,v71,29,1,1.0,2,pcu_ok
Rastrigin_2D_XE,v74a,29,1,27.0,2,struct_pcu_ok
Rastrigin_2D_XE,v74,29,1,1.0,2,pcu_ok
Rastrigin_2D_XE,v54,30,1,199.0,28735,hgca_cma_refined
Rastrigin_2D_XE,v71,30,1,1.0,2,pcu_ok
Rastrigin_2D_XE,v74a,30,1,29.0,2,struct_pcu_ok
Rastrigin_2D_XE,v74,30,1,1.0,2,pcu_ok
Rastrigin_2D_XE,v54,31,1,217.5,28735,hgca_cma_refined
Rastrigin_2D_XE,v71,31,1,1.0,2,pcu_ok
Rastrigin_2D_XE,v74a,31,1,27.0,2,struct_pcu_ok
Rastrigin_2D_XE,v74,31,1,0.0,2,pcu_ok
Rastrigin_2D_XE,v54,32,1,193.0,27501,hgca_cma_refined
Rastrigin_2D_XE,v71,32,1,1.0,2,pcu_ok
Rastrigin_2D_XE,v74a,32,1,29.0,2,struct_pcu_ok
Rastrigin_2D_XE,v74,32,1,1.0,2,pcu_ok
Rastrigin_2D_XE,v54,33,1,210.0,28524,hgca_cma_refined
Rastrigin_2D_XE,v71,33,1,1.0,2,pcu_ok
Rastrigin_2D_XE,v74a,33,1,34.0,2,struct_pcu_ok
Rastrigin_2D_XE,v74,33,1,1.0,2,pcu_ok
Rastrigin_2D_XE,v54,34,1,213.0,28125,hgca_cma_refined
Rastrigin_2D_XE,v71,34,1,1.0,2,pcu_ok
Rastrigin_2D_XE,v74a,34,1,28.0,2,struct_pcu_ok
Rastrigin_2D_XE,v74,34,1,1.0,2,pcu_ok
Rastrigin_2D_XE,v54,35,1,219.5,30431,hgca_cma_refined
Rastrigin_2D_XE,v71,35,1,0.0,2,pcu_ok
Rastrigin_2D_XE,v74a,35,1,26.0,2,struct_pcu_ok
Rastrigin_2D_XE,v74,35,1,1.0,2,pcu_ok
Rastrigin_2D_XE,v54,36,1,273.0,29720,hgca_cma_refined
Rastrigin_2D_XE,v71,36,1,9.0,2,pcu_ok
Rastrigin_2D_XE,v74a,36,1,35.5,2,struct_pcu_ok
Rastrigin_2D_XE,v74,36,1,9.0,2,pcu_ok
Rastrigin_2D_XE,v54,37,1,201.5,29349,hgca_cma_refined
Rastrigin_2D_XE,v71,37,1,1.0,2,pcu_ok
Rastrigin_2D_XE,v74a,37,1,26.0,2,struct_pcu_ok
Rastrigin_2D_XE,v74,37,1,1.0,2,pcu_ok
Rastrigin_2D_XE,v54,38,1,216.0,27951,hgca_cma_refined
Rastrigin_2D_XE,v71,38,1,1.0,2,pcu_ok
Rastrigin_2D_XE,v74a,38,1,27.0,2,struct_pcu_ok
Rastrigin_2D_XE,v74,38,1,0.0,2,pcu_ok
Rastrigin_2D_XE,v54,39,1,192.0,29101,hgca_cma_refined
Rastrigin_2D_XE,v71,39,1,1.0,2,pcu_ok
Rastrigin_2D_XE,v74a,39,1,25.0,2,struct_pcu_ok
Rastrigin_2D_XE,v74,39,1,1.0,2,pcu_ok
Rastrigin_2D_XE,v54,40,1,195.1,28351,hgca_cma_refined
Rastrigin_2D_XE,v71,40,1,1.0,2,pcu_ok
Rastrigin_2D_XE,v74a,40,1,25.9,2,struct_pcu_ok
Rastrigin_2D_XE,v74,40,1,1.0,2,pcu_ok
Rastrigin_2D_XE,v54,41,1,191.0,30069,hgca_cma_refined
Rastrigin_2D_XE,v71,41,1,0.0,2,pcu_ok
Rastrigin_2D_XE,v74a,41,1,29.0,2,struct_pcu_ok
Rastrigin_2D_XE,v74,41,1,1.0,2,pcu_ok
Rastrigin_2D_XE,v54,42,1,193.0,29941,hgca_cma_refined
Rastrigin_2D_XE,v71,42,1,1.0,2,pcu_ok
Rastrigin_2D_XE,v74a,42,1,25.0,2,struct_pcu_ok
Rastrigin_2D_XE,v74,42,1,0.0,2,pcu_ok
Rastrigin_2D_XE,v54,43,1,189.0,29973,hgca_cma_refined
Rastrigin_2D_XE,v71,43,1,1.0,2,pcu_ok
Rastrigin_2D_XE,v74a,43,1,25.0,2,struct_pcu_ok
Rastrigin_2D_XE,v74,43,1,1.0,2,pcu_ok
Rastrigin_2D_XE,v54,44,1,187.0,29013,hgca_cma_refined
Rastrigin_2D_XE,v71,44,1,1.0,2,pcu_ok
Rastrigin_2D_XE,v74a,44,1,29.0,2,struct_pcu_ok
Rastrigin_2D_XE,v74,44,1,1.0,2,pcu_ok
Rastrigin_2D_XE,v54,45,1,190.0,30301,hgca_cma_refined
Rastrigin_2D_XE,v71,45,1,1.0,2,pcu_ok
Rastrigin_2D_XE,v74a,45,1,26.0,2,struct_pcu_ok
Rastrigin_2D_XE,v74,45,1,1.0,2,pcu_ok
Rastrigin_2D_XE,v54,46,1,243.0,30266,hgca_cma_refined
Rastrigin_2D_XE,v71,46,1,10.0,2,pcu_ok
Rastrigin_2D_XE,v74a,46,1,35.0,2,struct_pcu_ok
Rastrigin_2D_XE,v74,46,1,9.0,2,pcu_ok
Rastrigin_2D_XE,v54,47,1,206.0,28063,hgca_cma_refined
Rastrigin_2D_XE,v71,47,1,0.0,2,pcu_ok
Rastrigin_2D_XE,v74a,47,1,29.1,2,struct_pcu_ok
Rastrigin_2D_XE,v74,47,1,2.0,2,pcu_ok
Rastrigin_2D_XE,v54,48,1,198.3,27551,hgca_cma_refined
Rastrigin_2D_XE,v71,48,1,0.0,2,pcu_ok
Rastrigin_2D_XE,v74a,48,1,27.0,2,struct_pcu_ok
Rastrigin_2D_XE,v74,48,1,1.0,2,pcu_ok
Rastrigin_2D_XE,v54,49,1,171.8,27421,hgca_cma_refined
Rastrigin_2D_XE,v71,49,1,1.0,2,pcu_ok
Rastrigin_2D_XE,v74a,49,1,23.0,2,struct_pcu_ok
Rastrigin_2D_XE,v74,49,1,1.0,2,pcu_ok
Rastrigin_30D_XE,v54,0,0,1719.3,77095,hgca_cma_failed
Rastrigin_30D_XE,v71,0,1,7.0,2,pcu_ok
Rastrigin_30D_XE,v74a,0,1,715.1,2,struct_pcu_ok
Rastrigin_30D_XE,v74,0,1,7.0,2,pcu_ok
Rastrigin_30D_XE,v54,1,0,1713.5,77095,hgca_cma_failed
Rastrigin_30D_XE,v71,1,1,7.0,2,pcu_ok
Rastrigin_30D_XE,v74a,1,1,660.0,2,struct_pcu_ok
Rastrigin_30D_XE,v74,1,1,7.0,2,pcu_ok
Rastrigin_30D_XE,v54,2,0,1763.4,77103,hgca_cma_failed
Rastrigin_30D_XE,v71,2,1,8.0,2,pcu_ok
Rastrigin_30D_XE,v74a,2,1,650.0,2,struct_pcu_ok
Rastrigin_30D_XE,v74,2,1,7.0,2,pcu_ok
Rastrigin_30D_XE,v54,3,0,1801.4,77095,hgca_cma_failed
Rastrigin_30D_XE,v71,3,1,7.0,2,pcu_ok
Rastrigin_30D_XE,v74a,3,1,738.8,2,struct_pcu_ok
Rastrigin_30D_XE,v74,3,1,7.0,2,pcu_ok
Rastrigin_30D_XE,v54,4,0,1767.9,77095,hgca_cma_failed
Rastrigin_30D_XE,v71,4,1,7.0,2,pcu_ok
Rastrigin_30D_XE,v74a,4,1,693.7,2,struct_pcu_ok
Rastrigin_30D_XE,v74,4,1,7.0,2,pcu_ok
Rastrigin_30D_XE,v54,5,0,1720.2,77095,hgca_cma_failed
Rastrigin_30D_XE,v71,5,1,8.0,2,pcu_ok
Rastrigin_30D_XE,v74a,5,1,655.3,2,struct_pcu_ok
Rastrigin_30D_XE,v74,5,1,7.0,2,pcu_ok
Rastrigin_30D_XE,v54,6,0,1699.4,77098,hgca_cma_failed
Rastrigin_30D_XE,v71,6,1,8.0,2,pcu_ok
Rastrigin_30D_XE,v74a,6,1,672.0,2,struct_pcu_ok
Rastrigin_30D_XE,v74,6,1,8.0,2,pcu_ok
Rastrigin_30D_XE,v54,7,0,1782.8,77095,hgca_cma_failed
Rastrigin_30D_XE,v71,7,1,8.0,2,pcu_ok
Rastrigin_30D_XE,v74a,7,1,653.2,2,struct_pcu_ok
Rastrigin_30D_XE,v74,7,1,7.0,2,pcu_ok
Rastrigin_30D_XE,v54,8,0,1734.3,77095,hgca_cma_failed
Rastrigin_30D_XE,v71,8,1,8.0,2,pcu_ok
Rastrigin_30D_XE,v74a,8,1,635.0,2,struct_pcu_ok
Rastrigin_30D_XE,v74,8,1,7.9,2,pcu_ok
Rastrigin_30D_XE,v54,9,0,1690.7,77095,hgca_cma_failed
Rastrigin_30D_XE,v71,9,1,7.0,2,pcu_ok
Rastrigin_30D_XE,v74a,9,1,671.4,2,struct_pcu_ok
Rastrigin_30D_XE,v74,9,1,8.0,2,pcu_ok
Rastrigin_30D_XE,v54,10,0,1820.7,77103,hgca_cma_failed
Rastrigin_30D_XE,v71,10,1,7.0,2,pcu_ok
Rastrigin_30D_XE,v74a,10,1,677.0,2,struct_pcu_ok
Rastrigin_30D_XE,v74,10,1,7.0,2,pcu_ok
Rastrigin_30D_XE,v54,11,0,1768.9,77097,hgca_cma_failed
Rastrigin_30D_XE,v71,11,1,7.0,2,pcu_ok
Rastrigin_30D_XE,v74a,11,1,637.1,2,struct_pcu_ok
Rastrigin_30D_XE,v74,11,1,7.0,2,pcu_ok
Rastrigin_30D_XE,v54,12,0,1801.9,77095,hgca_cma_failed
Rastrigin_30D_XE,v71,12,1,7.0,2,pcu_ok
Rastrigin_30D_XE,v74a,12,1,677.7,2,struct_pcu_ok
Rastrigin_30D_XE,v74,12,1,7.0,2,pcu_ok
Rastrigin_30D_XE,v54,13,0,1746.8,77095,hgca_cma_failed
Rastrigin_30D_XE,v71,13,1,8.0,2,pcu_ok
Rastrigin_30D_XE,v74a,13,1,612.6,2,struct_pcu_ok
Rastrigin_30D_XE,v74,13,1,7.1,2,pcu_ok
Rastrigin_30D_XE,v54,14,0,1719.7,77095,hgca_cma_failed
Rastrigin_30D_XE,v71,14,1,7.0,2,pcu_ok
Rastrigin_30D_XE,v74a,14,1,669.0,2,struct_pcu_ok
Rastrigin_30D_XE,v74,14,1,7.0,2,pcu_ok
Rastrigin_30D_XE,v54,15,0,1771.3,77095,hgca_cma_failed
Rastrigin_30D_XE,v71,15,1,8.0,2,pcu_ok
Rastrigin_30D_XE,v74a,15,1,725.4,2,struct_pcu_ok
Rastrigin_30D_XE,v74,15,1,8.0,2,pcu_ok
Rastrigin_30D_XE,v54,16,0,1774.6,77095,hgca_cma_failed
Rastrigin_30D_XE,v71,16,1,8.0,2,pcu_ok
Rastrigin_30D_XE,v74a,16,1,685.5,2,struct_pcu_ok
Rastrigin_30D_XE,v74,16,1,7.0,2,pcu_ok
Rastrigin_30D_XE,v54,17,0,1758.5,77095,hgca_cma_failed
Rastrigin_30D_XE,v71,17,1,8.0,2,pcu_ok
Rastrigin_30D_XE,v74a,17,1,712.8,2,struct_pcu_ok
Rastrigin_30D_XE,v74,17,1,8.1,2,pcu_ok
Rastrigin_30D_XE,v54,18,0,1730.5,77095,hgca_cma_failed
Rastrigin_30D_XE,v71,18,1,8.0,2,pcu_ok
Rastrigin_30D_XE,v74a,18,1,691.6,2,struct_pcu_ok
Rastrigin_30D_XE,v74,18,1,7.0,2,pcu_ok
Rastrigin_30D_XE,v54,19,0,1766.2,77095,hgca_cma_failed
Rastrigin_30D_XE,v71,19,1,8.0,2,pcu_ok
Rastrigin_30D_XE,v74a,19,1,678.6,2,struct_pcu_ok
Rastrigin_30D_XE,v74,19,1,8.1,2,pcu_ok
Rastrigin_30D_XE,v54,20,0,1707.2,77095,hgca_cma_failed
Rastrigin_30D_XE,v71,20,1,8.0,2,pcu_ok
Rastrigin_30D_XE,v74a,20,1,709.6,2,struct_pcu_ok
Rastrigin_30D_XE,v74,20,1,7.0,2,pcu_ok
Rastrigin_30D_XE,v54,21,0,1750.5,77095,hgca_cma_failed
Rastrigin_30D_XE,v71,21,1,8.0,2,pcu_ok
Rastrigin_30D_XE,v74a,21,1,715.4,2,struct_pcu_ok
Rastrigin_30D_XE,v74,21,1,8.0,2,pcu_ok
Rastrigin_30D_XE,v54,22,0,1758.4,77095,hgca_cma_failed
Rastrigin_30D_XE,v71,22,1,8.0,2,pcu_ok
Rastrigin_30D_XE,v74a,22,1,721.4,2,struct_pcu_ok
Rastrigin_30D_XE,v74,22,1,8.0,2,pcu_ok
Rastrigin_30D_XE,v54,23,0,1757.5,77095,hgca_cma_failed
Rastrigin_30D_XE,v71,23,1,7.0,2,pcu_ok
Rastrigin_30D_XE,v74a,23,1,662.0,2,struct_pcu_ok
Rastrigin_30D_XE,v74,23,1,7.0,2,pcu_ok
Rastrigin_30D_XE,v54,24,0,1792.1,77095,hgca_cma_failed
Rastrigin_30D_XE,v71,24,1,8.0,2,pcu_ok
Rastrigin_30D_XE,v74a,24,1,696.8,2,struct_pcu_ok
Rastrigin_30D_XE,v74,24,1,7.0,2,pcu_ok
Rastrigin_30D_XE,v54,25,0,1824.9,77759,hgca_cma_failed
Rastrigin_30D_XE,v71,25,1,11.0,2,pcu_ok
Rastrigin_30D_XE,v74a,25,1,786.6,2,struct_pcu_ok
Rastrigin_30D_XE,v74,25,1,7.1,2,pcu_ok
Rastrigin_30D_XE,v54,26,0,1820.4,77095,hgca_cma_failed
Rastrigin_30D_XE,v71,26,1,8.0,2,pcu_ok
Rastrigin_30D_XE,v74a,26,1,775.0,2,struct_pcu_ok
Rastrigin_30D_XE,v74,26,1,7.0,2,pcu_ok
Rastrigin_30D_XE,v54,27,0,1875.4,77095,hgca_cma_failed
Rastrigin_30D_XE,v71,27,1,8.0,2,pcu_ok
Rastrigin_30D_XE,v74a,27,1,699.1,2,struct_pcu_ok
Rastrigin_30D_XE,v74,27,1,8.0,2,pcu_ok
Rastrigin_30D_XE,v54,28,0,1774.2,77095,hgca_cma_failed
Rastrigin_30D_XE,v71,28,1,8.0,2,pcu_ok
Rastrigin_30D_XE,v74a,28,1,721.1,2,struct_pcu_ok
Rastrigin_30D_XE,v74,28,1,8.0,2,pcu_ok
Rastrigin_30D_XE,v54,29,0,1771.2,77095,hgca_cma_failed
Rastrigin_30D_XE,v71,29,1,8.0,2,pcu_ok
Rastrigin_30D_XE,v74a,29,1,704.5,2,struct_pcu_ok
Rastrigin_30D_XE,v74,29,1,7.9,2,pcu_ok
Rastrigin_30D_XE,v54,30,0,1756.9,77095,hgca_cma_failed
Rastrigin_30D_XE,v71,30,1,8.0,2,pcu_ok
Rastrigin_30D_XE,v74a,30,1,693.0,2,struct_pcu_ok
Rastrigin_30D_XE,v74,30,1,7.9,2,pcu_ok
Rastrigin_30D_XE,v54,31,0,1756.9,77095,hgca_cma_failed
Rastrigin_30D_XE,v71,31,1,8.0,2,pcu_ok
Rastrigin_30D_XE,v74a,31,1,729.0,2,struct_pcu_ok
Rastrigin_30D_XE,v74,31,1,7.9,2,pcu_ok
Rastrigin_30D_XE,v54,32,0,1725.3,77095,hgca_cma_failed
Rastrigin_30D_XE,v71,32,1,7.0,2,pcu_ok
Rastrigin_30D_XE,v74a,32,1,725.1,2,struct_pcu_ok
Rastrigin_30D_XE,v74,32,1,7.0,2,pcu_ok
Rastrigin_30D_XE,v54,33,0,1778.7,77095,hgca_cma_failed
Rastrigin_30D_XE,v71,33,1,7.0,2,pcu_ok
Rastrigin_30D_XE,v74a,33,1,736.0,2,struct_pcu_ok
Rastrigin_30D_XE,v74,33,1,8.0,2,pcu_ok
Rastrigin_30D_XE,v54,34,0,1762.1,77095,hgca_cma_failed
Rastrigin_30D_XE,v71,34,1,8.0,2,pcu_ok
Rastrigin_30D_XE,v74a,34,1,700.0,2,struct_pcu_ok
Rastrigin_30D_XE,v74,34,1,8.1,2,pcu_ok
Rastrigin_30D_XE,v54,35,0,1777.8,77105,hgca_cma_failed
Rastrigin_30D_XE,v71,35,1,8.0,2,pcu_ok
Rastrigin_30D_XE,v74a,35,1,703.1,2,struct_pcu_ok
Rastrigin_30D_XE,v74,35,1,8.0,2,pcu_ok
Rastrigin_30D_XE,v54,36,0,1775.0,77103,hgca_cma_failed
Rastrigin_30D_XE,v71,36,1,7.0,2,pcu_ok
Rastrigin_30D_XE,v74a,36,1,737.1,2,struct_pcu_ok
Rastrigin_30D_XE,v74,36,1,8.0,2,pcu_ok
Rastrigin_30D_XE,v54,37,0,1805.9,77095,hgca_cma_failed
Rastrigin_30D_XE,v71,37,1,10.0,2,pcu_ok
Rastrigin_30D_XE,v74a,37,1,696.8,2,struct_pcu_ok
Rastrigin_30D_XE,v74,37,1,7.0,2,pcu_ok
Rastrigin_30D_XE,v54,38,0,1793.4,77759,hgca_cma_failed
Rastrigin_30D_XE,v71,38,1,8.0,2,pcu_ok
Rastrigin_30D_XE,v74a,38,1,664.0,2,struct_pcu_ok
Rastrigin_30D_XE,v74,38,1,7.9,2,pcu_ok
Rastrigin_30D_XE,v54,39,0,1746.6,77097,hgca_cma_failed
Rastrigin_30D_XE,v71,39,1,7.0,2,pcu_ok
Rastrigin_30D_XE,v74a,39,1,657.1,2,struct_pcu_ok
Rastrigin_30D_XE,v74,39,1,7.0,2,pcu_ok
Rastrigin_30D_XE,v54,40,0,1782.7,77104,hgca_cma_failed
Rastrigin_30D_XE,v71,40,1,7.0,2,pcu_ok
Rastrigin_30D_XE,v74a,40,1,683.1,2,struct_pcu_ok
Rastrigin_30D_XE,v74,40,1,7.0,2,pcu_ok
Rastrigin_30D_XE,v54,41,0,1785.0,77099,hgca_cma_failed
Rastrigin_30D_XE,v71,41,1,8.0,2,pcu_ok
Rastrigin_30D_XE,v74a,41,1,726.0,2,struct_pcu_ok
Rastrigin_30D_XE,v74,41,1,8.0,2,pcu_ok
Rastrigin_30D_XE,v54,42,0,1742.7,77095,hgca_cma_failed
Rastrigin_30D_XE,v71,42,1,8.0,2,pcu_ok
Rastrigin_30D_XE,v74a,42,1,771.0,2,struct_pcu_ok
Rastrigin_30D_XE,v74,42,1,7.0,2,pcu_ok
Rastrigin_30D_XE,v54,43,0,1753.0,77095,hgca_cma_failed
Rastrigin_30D_XE,v71,43,1,8.0,2,pcu_ok
Rastrigin_30D_XE,v74a,43,1,716.0,2,struct_pcu_ok
Rastrigin_30D_XE,v74,43,1,7.0,2,pcu_ok
Rastrigin_30D_XE,v54,44,0,1828.4,77095,hgca_cma_failed
Rastrigin_30D_XE,v71,44,1,11.0,2,pcu_ok
Rastrigin_30D_XE,v74a,44,1,750.6,2,struct_pcu_ok
Rastrigin_30D_XE,v74,44,1,9.0,2,pcu_ok
Rastrigin_30D_XE,v54,45,0,1786.8,77095,hgca_cma_failed
Rastrigin_30D_XE,v71,45,1,8.0,2,pcu_ok
Rastrigin_30D_XE,v74a,45,1,816.4,2,struct_pcu_ok
Rastrigin_30D_XE,v74,45,1,8.0,2,pcu_ok
Rastrigin_30D_XE,v54,46,0,1811.2,77095,hgca_cma_failed
Rastrigin_30D_XE,v71,46,1,8.0,2,pcu_ok
Rastrigin_30D_XE,v74a,46,1,690.9,2,struct_pcu_ok
Rastrigin_30D_XE,v74,46,1,8.0,2,pcu_ok
Rastrigin_30D_XE,v54,47,0,1772.1,77095,hgca_cma_failed
Rastrigin_30D_XE,v71,47,1,8.0,2,pcu_ok
Rastrigin_30D_XE,v74a,47,1,722.1,2,struct_pcu_ok
Rastrigin_30D_XE,v74,47,1,7.0,2,pcu_ok
Rastrigin_30D_XE,v54,48,0,1761.2,77095,hgca_cma_failed
Rastrigin_30D_XE,v71,48,1,7.0,2,pcu_ok
Rastrigin_30D_XE,v74a,48,1,689.7,2,struct_pcu_ok
Rastrigin_30D_XE,v74,48,1,8.1,2,pcu_ok
Rastrigin_30D_XE,v54,49,0,1754.4,77759,hgca_cma_failed
Rastrigin_30D_XE,v71,49,1,7.0,2,pcu_ok
Rastrigin_30D_XE,v74a,49,1,676.1,2,struct_pcu_ok
Rastrigin_30D_XE,v74,49,1,7.0,2,pcu_ok
Rosenbrock_10D,v54,0,1,901.2,65154,hgca_cma_refined
Rosenbrock_10D,v71,0,1,830.9,65154,hgca_cma_refined
Rosenbrock_10D,v74a,0,1,1012.5,65154,hgca_cma_refined
Rosenbrock_10D,v74,0,1,1010.8,65154,hgca_cma_refined
Rosenbrock_10D,v54,1,1,710.0,59461,hgca_cma_refined
Rosenbrock_10D,v71,1,1,725.7,59461,hgca_cma_refined
Rosenbrock_10D,v74a,1,1,901.9,59461,hgca_cma_refined
Rosenbrock_10D,v74,1,1,895.5,59461,hgca_cma_refined
Rosenbrock_10D,v54,2,1,740.4,59755,hgca_cma_refined
Rosenbrock_10D,v71,2,1,730.6,59755,hgca_cma_refined
Rosenbrock_10D,v74a,2,1,929.6,59755,hgca_cma_refined
Rosenbrock_10D,v74,2,1,917.0,59755,hgca_cma_refined
Rosenbrock_10D,v54,3,1,726.1,59459,hgca_cma_refined
Rosenbrock_10D,v71,3,1,705.0,59459,hgca_cma_refined
Rosenbrock_10D,v74a,3,1,891.1,59459,hgca_cma_refined
Rosenbrock_10D,v74,3,1,872.9,59459,hgca_cma_refined
Rosenbrock_10D,v54,4,1,705.0,59459,hgca_cma_refined
Rosenbrock_10D,v71,4,1,712.0,59459,hgca_cma_refined
Rosenbrock_10D,v74a,4,1,891.0,59459,hgca_cma_refined
Rosenbrock_10D,v74,4,1,906.1,59459,hgca_cma_refined
Rosenbrock_10D,v54,5,1,766.5,59464,hgca_cma_refined
Rosenbrock_10D,v71,5,1,719.1,59464,hgca_cma_refined
Rosenbrock_10D,v74a,5,1,965.4,59464,hgca_cma_refined
Rosenbrock_10D,v74,5,1,961.2,59464,hgca_cma_refined
Rosenbrock_10D,v54,6,1,908.0,65534,hgca_cma_refined
Rosenbrock_10D,v71,6,1,894.9,65534,hgca_cma_refined
Rosenbrock_10D,v74a,6,1,1069.5,65534,hgca_cma_refined
Rosenbrock_10D,v74,6,1,1073.8,65534,hgca_cma_refined
Rosenbrock_10D,v54,7,1,799.9,63062,hgca_cma_refined
Rosenbrock_10D,v71,7,1,777.0,63062,hgca_cma_refined
Rosenbrock_10D,v74a,7,1,1001.1,63062,hgca_cma_refined
Rosenbrock_10D,v74,7,1,998.6,63062,hgca_cma_refined
Rosenbrock_10D,v54,8,1,745.7,59460,hgca_cma_refined
Rosenbrock_10D,v71,8,1,749.2,59460,hgca_cma_refined
Rosenbrock_10D,v74a,8,1,989.9,59460,hgca_cma_refined
Rosenbrock_10D,v74,8,1,952.6,59460,hgca_cma_refined
Rosenbrock_10D,v54,9,1,732.5,59457,hgca_cma_refined
Rosenbrock_10D,v71,9,1,737.5,59457,hgca_cma_refined
Rosenbrock_10D,v74a,9,1,907.0,59457,hgca_cma_refined
Rosenbrock_10D,v74,9,1,942.6,59457,hgca_cma_refined
Rosenbrock_10D,v54,10,1,794.1,63064,hgca_cma_refined
Rosenbrock_10D,v71,10,1,821.0,63064,hgca_cma_refined
Rosenbrock_10D,v74a,10,1,1009.6,63064,hgca_cma_refined
Rosenbrock_10D,v74,10,1,994.8,63064,hgca_cma_refined
Rosenbrock_10D,v54,11,1,829.0,64887,hgca_cma_refined
Rosenbrock_10D,v71,11,1,829.7,64887,hgca_cma_refined
Rosenbrock_10D,v74a,11,1,1006.7,64887,hgca_cma_refined
Rosenbrock_10D,v74,11,1,1032.4,64887,hgca_cma_refined
Rosenbrock_10D,v54,12,1,830.5,64886,hgca_cma_refined
Rosenbrock_10D,v71,12,1,827.6,64886,hgca_cma_refined
Rosenbrock_10D,v74a,12,1,1024.9,64886,hgca_cma_refined
Rosenbrock_10D,v74,12,1,1072.8,64886,hgca_cma_refined
Rosenbrock_10D,v54,13,1,799.1,64863,hgca_cma_refined
Rosenbrock_10D,v71,13,1,791.3,64863,hgca_cma_refined
Rosenbrock_10D,v74a,13,1,980.4,64863,hgca_cma_refined
Rosenbrock_10D,v74,13,1,1025.2,64863,hgca_cma_refined
Rosenbrock_10D,v54,14,1,861.2,64867,hgca_cma_refined
Rosenbrock_10D,v71,14,1,867.5,64867,hgca_cma_refined
Rosenbrock_10D,v74a,14,1,1055.5,64867,hgca_cma_refined
Rosenbrock_10D,v74,14,1,1018.6,64867,hgca_cma_refined
Rosenbrock_10D,v54,15,1,842.5,65534,hgca_cma_refined
Rosenbrock_10D,v71,15,1,849.5,65534,hgca_cma_refined
Rosenbrock_10D,v74a,15,1,1042.1,65534,hgca_cma_refined
Rosenbrock_10D,v74,15,1,1153.7,65534,hgca_cma_refined
Rosenbrock_10D,v54,16,1,847.0,59458,hgca_cma_refined
Rosenbrock_10D,v71,16,1,796.0,59458,hgca_cma_refined
Rosenbrock_10D,v74a,16,1,1027.1,59458,hgca_cma_refined
Rosenbrock_10D,v74,16,1,973.7,59458,hgca_cma_refined
Rosenbrock_10D,v54,17,1,816.5,59755,hgca_cma_refined
Rosenbrock_10D,v71,17,1,797.2,59755,hgca_cma_refined
Rosenbrock_10D,v74a,17,1,1057.2,59755,hgca_cma_refined
Rosenbrock_10D,v74,17,1,1045.0,59755,hgca_cma_refined
Rosenbrock_10D,v54,18,1,797.1,59462,hgca_cma_refined
Rosenbrock_10D,v71,18,1,837.9,59462,hgca_cma_refined
Rosenbrock_10D,v74a,18,1,1017.9,59462,hgca_cma_refined
Rosenbrock_10D,v74,18,1,1048.6,59462,hgca_cma_refined
Rosenbrock_10D,v54,19,1,781.0,59449,hgca_cma_refined
Rosenbrock_10D,v71,19,1,737.5,59449,hgca_cma_refined
Rosenbrock_10D,v74a,19,1,1025.8,59449,hgca_cma_refined
Rosenbrock_10D,v74,19,1,981.6,59449,hgca_cma_refined
Rosenbrock_10D,v54,20,1,875.3,64852,hgca_cma_refined
Rosenbrock_10D,v71,20,1,911.0,64852,hgca_cma_refined
Rosenbrock_10D,v74a,20,1,1154.4,64852,hgca_cma_refined
Rosenbrock_10D,v74,20,1,1087.5,64852,hgca_cma_refined
Rosenbrock_10D,v54,21,1,753.5,59461,hgca_cma_refined
Rosenbrock_10D,v71,21,1,729.5,59461,hgca_cma_refined
Rosenbrock_10D,v74a,21,1,1012.3,59461,hgca_cma_refined
Rosenbrock_10D,v74,21,1,1091.4,59461,hgca_cma_refined
Rosenbrock_10D,v54,22,1,881.1,65165,hgca_cma_refined
Rosenbrock_10D,v71,22,1,926.4,65165,hgca_cma_refined
Rosenbrock_10D,v74a,22,1,1171.6,65165,hgca_cma_refined
Rosenbrock_10D,v74,22,1,1119.4,65165,hgca_cma_refined
Rosenbrock_10D,v54,23,1,838.0,63066,hgca_cma_refined
Rosenbrock_10D,v71,23,1,827.7,63066,hgca_cma_refined
Rosenbrock_10D,v74a,23,1,1109.8,63066,hgca_cma_refined
Rosenbrock_10D,v74,23,1,1055.9,63066,hgca_cma_refined
Rosenbrock_10D,v54,24,1,835.7,64885,hgca_cma_refined
Rosenbrock_10D,v71,24,1,1008.3,64885,hgca_cma_refined
Rosenbrock_10D,v74a,24,1,1308.3,64885,hgca_cma_refined
Rosenbrock_10D,v74,24,1,1215.4,64885,hgca_cma_refined
Rosenbrock_10D,v54,25,1,808.7,59463,hgca_cma_refined
Rosenbrock_10D,v71,25,1,768.5,59463,hgca_cma_refined
Rosenbrock_10D,v74a,25,1,965.5,59463,hgca_cma_refined
Rosenbrock_10D,v74,25,1,969.5,59463,hgca_cma_refined
Rosenbrock_10D,v54,26,1,865.9,64880,hgca_cma_refined
Rosenbrock_10D,v71,26,1,881.9,64880,hgca_cma_refined
Rosenbrock_10D,v74a,26,1,1078.2,64880,hgca_cma_refined
Rosenbrock_10D,v74,26,1,1073.1,64880,hgca_cma_refined
Rosenbrock_10D,v54,27,1,869.5,59489,hgca_cma_refined
Rosenbrock_10D,v71,27,1,815.0,59489,hgca_cma_refined
Rosenbrock_10D,v74a,27,1,996.1,59489,hgca_cma_refined
Rosenbrock_10D,v74,27,1,981.1,59489,hgca_cma_refined
Rosenbrock_10D,v54,28,1,834.2,63067,hgca_cma_refined
Rosenbrock_10D,v71,28,1,885.0,63067,hgca_cma_refined
Rosenbrock_10D,v74a,28,1,1058.0,63067,hgca_cma_refined
Rosenbrock_10D,v74,28,1,1022.1,63067,hgca_cma_refined
Rosenbrock_10D,v54,29,1,775.1,59460,hgca_cma_refined
Rosenbrock_10D,v71,29,1,816.0,59460,hgca_cma_refined
Rosenbrock_10D,v74a,29,1,1002.8,59460,hgca_cma_refined
Rosenbrock_10D,v74,29,1,976.5,59460,hgca_cma_refined
Rosenbrock_10D,v54,30,1,869.1,64867,hgca_cma_refined
Rosenbrock_10D,v71,30,1,881.7,64867,hgca_cma_refined
Rosenbrock_10D,v74a,30,1,1071.9,64867,hgca_cma_refined
Rosenbrock_10D,v74,30,1,1048.4,64867,hgca_cma_refined
Rosenbrock_10D,v54,31,1,835.5,64851,hgca_cma_refined
Rosenbrock_10D,v71,31,1,835.4,64851,hgca_cma_refined
Rosenbrock_10D,v74a,31,1,1112.1,64851,hgca_cma_refined
Rosenbrock_10D,v74,31,1,1310.5,64851,hgca_cma_refined
Rosenbrock_10D,v54,32,1,975.2,59485,hgca_cma_refined
Rosenbrock_10D,v71,32,1,837.1,59485,hgca_cma_refined
Rosenbrock_10D,v74a,32,1,1009.4,59485,hgca_cma_refined
Rosenbrock_10D,v74,32,1,988.0,59485,hgca_cma_refined
Rosenbrock_10D,v54,33,1,775.0,59461,hgca_cma_refined
Rosenbrock_10D,v71,33,1,801.9,59461,hgca_cma_refined
Rosenbrock_10D,v74a,33,1,1025.0,59461,hgca_cma_refined
Rosenbrock_10D,v74,33,1,989.6,59461,hgca_cma_refined
Rosenbrock_10D,v54,34,1,817.6,63065,hgca_cma_refined
Rosenbrock_10D,v71,34,1,839.4,63065,hgca_cma_refined
Rosenbrock_10D,v74a,34,1,1036.5,63065,hgca_cma_refined
Rosenbrock_10D,v74,34,1,1021.3,63065,hgca_cma_refined
Rosenbrock_10D,v54,35,1,828.9,63047,hgca_cma_refined
Rosenbrock_10D,v71,35,1,876.1,63047,hgca_cma_refined
Rosenbrock_10D,v74a,35,1,1042.9,63047,hgca_cma_refined
Rosenbrock_10D,v74,35,1,1052.7,63047,hgca_cma_refined
Rosenbrock_10D,v54,36,1,859.4,64854,hgca_cma_refined
Rosenbrock_10D,v71,36,1,876.0,64854,hgca_cma_refined
Rosenbrock_10D,v74a,36,1,1063.6,64854,hgca_cma_refined
Rosenbrock_10D,v74,36,1,1100.6,64854,hgca_cma_refined
Rosenbrock_10D,v54,37,1,845.0,64867,hgca_cma_refined
Rosenbrock_10D,v71,37,1,826.8,64867,hgca_cma_refined
Rosenbrock_10D,v74a,37,1,1055.7,64867,hgca_cma_refined
Rosenbrock_10D,v74,37,1,1051.7,64867,hgca_cma_refined
Rosenbrock_10D,v54,38,1,865.6,59748,hgca_cma_refined
Rosenbrock_10D,v71,38,1,792.8,59748,hgca_cma_refined
Rosenbrock_10D,v74a,38,1,1050.5,59748,hgca_cma_refined
Rosenbrock_10D,v74,38,1,1021.7,59748,hgca_cma_refined
Rosenbrock_10D,v54,39,1,895.5,64867,hgca_cma_refined
Rosenbrock_10D,v71,39,1,902.1,64867,hgca_cma_refined
Rosenbrock_10D,v74a,39,1,1328.7,64867,hgca_cma_refined
Rosenbrock_10D,v74,39,1,1216.5,64867,hgca_cma_refined
Rosenbrock_10D,v54,40,1,858.3,59759,hgca_cma_refined
Rosenbrock_10D,v71,40,1,1035.1,59759,hgca_cma_refined
Rosenbrock_10D,v74a,40,1,1176.8,59759,hgca_cma_refined
Rosenbrock_10D,v74,40,1,1137.0,59759,hgca_cma_refined
Rosenbrock_10D,v54,41,1,968.6,63341,hgca_cma_refined
Rosenbrock_10D,v71,41,1,1053.7,63341,hgca_cma_refined
Rosenbrock_10D,v74a,41,1,1169.7,63341,hgca_cma_refined
Rosenbrock_10D,v74,41,1,1150.1,63341,hgca_cma_refined
Rosenbrock_10D,v54,42,1,965.3,63399,hgca_cma_refined
Rosenbrock_10D,v71,42,1,1026.0,63399,hgca_cma_refined
Rosenbrock_10D,v74a,42,1,1194.5,63399,hgca_cma_refined
Rosenbrock_10D,v74,42,1,1186.6,63399,hgca_cma_refined
Rosenbrock_10D,v54,43,1,872.1,59453,hgca_cma_refined
Rosenbrock_10D,v71,43,1,829.4,59453,hgca_cma_refined
Rosenbrock_10D,v74a,43,1,1129.6,59453,hgca_cma_refined
Rosenbrock_10D,v74,43,1,1123.8,59453,hgca_cma_refined
Rosenbrock_10D,v54,44,1,891.9,59475,hgca_cma_refined
Rosenbrock_10D,v71,44,1,874.7,59475,hgca_cma_refined
Rosenbrock_10D,v74a,44,1,988.1,59475,hgca_cma_refined
Rosenbrock_10D,v74,44,1,1080.2,59475,hgca_cma_refined
Rosenbrock_10D,v54,45,1,836.4,59459,hgca_cma_refined
Rosenbrock_10D,v71,45,1,849.7,59459,hgca_cma_refined
Rosenbrock_10D,v74a,45,1,1131.0,59459,hgca_cma_refined
Rosenbrock_10D,v74,45,1,1032.4,59459,hgca_cma_refined
Rosenbrock_10D,v54,46,1,900.0,63064,hgca_cma_refined
Rosenbrock_10D,v71,46,1,939.5,63064,hgca_cma_refined
Rosenbrock_10D,v74a,46,1,1162.4,63064,hgca_cma_refined
Rosenbrock_10D,v74,46,1,1202.9,63064,hgca_cma_refined
Rosenbrock_10D,v54,47,1,916.9,59459,hgca_cma_refined
Rosenbrock_10D,v71,47,1,961.1,59459,hgca_cma_refined
Rosenbrock_10D,v74a,47,1,1062.5,59459,hgca_cma_refined
Rosenbrock_10D,v74,47,1,1010.9,59459,hgca_cma_refined
Rosenbrock_10D,v54,48,1,820.9,59443,hgca_cma_refined
Rosenbrock_10D,v71,48,1,884.6,59443,hgca_cma_refined
Rosenbrock_10D,v74a,48,1,1046.4,59443,hgca_cma_refined
Rosenbrock_10D,v74,48,1,1034.7,59443,hgca_cma_refined
Rosenbrock_10D,v54,49,1,1005.9,64871,hgca_cma_refined
Rosenbrock_10D,v71,49,1,913.9,64871,hgca_cma_refined
Rosenbrock_10D,v74a,49,1,1175.4,64871,hgca_cma_refined
Rosenbrock_10D,v74,49,1,1170.0,64871,hgca_cma_refined
Rosenbrock_10D_C,v54,0,0,1012.4,64860,hgca_cma_failed
Rosenbrock_10D_C,v71,0,0,921.6,64860,hgca_cma_failed
Rosenbrock_10D_C,v74a,0,0,1285.4,64860,hgca_cma_failed
Rosenbrock_10D_C,v74,0,0,1324.6,64860,hgca_cma_failed
Rosenbrock_10D_C,v54,1,1,865.0,57957,hgca_cma_refined
Rosenbrock_10D_C,v71,1,1,858.0,57957,hgca_cma_refined
Rosenbrock_10D_C,v74a,1,1,1146.5,57957,hgca_cma_refined
Rosenbrock_10D_C,v74,1,1,1155.2,57957,hgca_cma_refined
Rosenbrock_10D_C,v54,2,0,810.0,57650,hgca_cma_failed
Rosenbrock_10D_C,v71,2,0,810.6,57650,hgca_cma_failed
Rosenbrock_10D_C,v74a,2,0,1126.3,57650,hgca_cma_failed
Rosenbrock_10D_C,v74,2,0,1172.9,57650,hgca_cma_failed
Rosenbrock_10D_C,v54,3,1,962.0,63071,hgca_cma_refined
Rosenbrock_10D_C,v71,3,1,988.3,63071,hgca_cma_refined
Rosenbrock_10D_C,v74a,3,1,1387.6,63071,hgca_cma_refined
Rosenbrock_10D_C,v74,3,1,1333.8,63071,hgca_cma_refined
Rosenbrock_10D_C,v54,4,1,895.6,61549,hgca_cma_refined
Rosenbrock_10D_C,v71,4,1,895.1,61549,hgca_cma_refined
Rosenbrock_10D_C,v74a,4,1,1277.9,61549,hgca_cma_refined
Rosenbrock_10D_C,v74,4,1,1274.9,61549,hgca_cma_refined
Rosenbrock_10D_C,v54,5,1,768.4,55871,hgca_cma_refined
Rosenbrock_10D_C,v71,5,1,747.9,55871,hgca_cma_refined
Rosenbrock_10D_C,v74a,5,1,1151.4,55871,hgca_cma_refined
Rosenbrock_10D_C,v74,5,1,1168.6,55871,hgca_cma_refined
Rosenbrock_10D_C,v54,6,1,974.4,64884,hgca_cma_refined
Rosenbrock_10D_C,v71,6,1,971.4,64884,hgca_cma_refined
Rosenbrock_10D_C,v74a,6,1,1303.5,64884,hgca_cma_refined
Rosenbrock_10D_C,v74,6,1,1367.3,64884,hgca_cma_refined
Rosenbrock_10D_C,v54,7,1,781.4,55869,hgca_cma_refined
Rosenbrock_10D_C,v71,7,1,839.6,55869,hgca_cma_refined
Rosenbrock_10D_C,v74a,7,1,1195.4,55869,hgca_cma_refined
Rosenbrock_10D_C,v74,7,1,1115.0,55869,hgca_cma_refined
Rosenbrock_10D_C,v54,8,1,798.4,55860,hgca_cma_refined
Rosenbrock_10D_C,v71,8,1,825.5,55860,hgca_cma_refined
Rosenbrock_10D_C,v74a,8,1,1164.0,55860,hgca_cma_refined
Rosenbrock_10D_C,v74,8,1,1111.2,55860,hgca_cma_refined
Rosenbrock_10D_C,v54,9,1,794.5,55863,hgca_cma_refined
Rosenbrock_10D_C,v71,9,1,754.0,55863,hgca_cma_refined
Rosenbrock_10D_C,v74a,9,1,1107.5,55863,hgca_cma_refined
Rosenbrock_10D_C,v74,9,1,1074.0,55863,hgca_cma_refined
Rosenbrock_10D_C,v54,10,1,810.4,57693,hgca_cma_refined
Rosenbrock_10D_C,v71,10,1,859.4,57693,hgca_cma_refined
Rosenbrock_10D_C,v74a,10,1,1207.4,57693,hgca_cma_refined
Rosenbrock_10D_C,v74,10,1,1174.4,57693,hgca_cma_refined
Rosenbrock_10D_C,v54,11,1,749.0,55864,hgca_cma_refined
Rosenbrock_10D_C,v71,11,1,744.5,55864,hgca_cma_refined
Rosenbrock_10D_C,v74a,11,1,1125.5,55864,hgca_cma_refined
Rosenbrock_10D_C,v74,11,1,1162.6,55864,hgca_cma_refined
Rosenbrock_10D_C,v54,12,1,963.0,61554,hgca_cma_refined
Rosenbrock_10D_C,v71,12,1,883.9,61554,hgca_cma_refined
Rosenbrock_10D_C,v74a,12,1,1318.4,61554,hgca_cma_refined
Rosenbrock_10D_C,v74,12,1,1311.6,61554,hgca_cma_refined
Rosenbrock_10D_C,v54,13,1,939.6,63096,hgca_cma_refined
Rosenbrock_10D_C,v71,13,1,997.0,63096,hgca_cma_refined
Rosenbrock_10D_C,v74a,13,1,1365.7,63096,hgca_cma_refined
Rosenbrock_10D_C,v74,13,1,1302.1,63096,hgca_cma_refined
Rosenbrock_10D_C,v54,14,1,987.4,64873,hgca_cma_refined
Rosenbrock_10D_C,v71,14,1,1017.3,64873,hgca_cma_refined
Rosenbrock_10D_C,v74a,14,1,1382.4,64873,hgca_cma_refined
Rosenbrock_10D_C,v74,14,1,1334.7,64873,hgca_cma_refined
Rosenbrock_10D_C,v54,15,1,900.9,61300,hgca_cma_refined
Rosenbrock_10D_C,v71,15,1,924.6,61300,hgca_cma_refined
Rosenbrock_10D_C,v74a,15,1,1222.5,61300,hgca_cma_refined
Rosenbrock_10D_C,v74,15,1,1189.5,61300,hgca_cma_refined
Rosenbrock_10D_C,v54,16,1,842.2,63079,hgca_cma_refined
Rosenbrock_10D_C,v71,16,1,857.1,63079,hgca_cma_refined
Rosenbrock_10D_C,v74a,16,1,1175.0,63079,hgca_cma_refined
Rosenbrock_10D_C,v74,16,1,1155.6,63079,hgca_cma_refined
Rosenbrock_10D_C,v54,17,1,751.0,56532,hgca_cma_refined
Rosenbrock_10D_C,v71,17,1,761.1,56532,hgca_cma_refined
Rosenbrock_10D_C,v74a,17,1,1037.4,56532,hgca_cma_refined
Rosenbrock_10D_C,v74,17,1,1055.5,56532,hgca_cma_refined
Rosenbrock_10D_C,v54,18,1,864.0,63075,hgca_cma_refined
Rosenbrock_10D_C,v71,18,1,877.3,63075,hgca_cma_refined
Rosenbrock_10D_C,v74a,18,1,1184.0,63075,hgca_cma_refined
Rosenbrock_10D_C,v74,18,1,1164.5,63075,hgca_cma_refined
Rosenbrock_10D_C,v54,19,1,855.1,63358,hgca_cma_refined
Rosenbrock_10D_C,v71,19,1,932.5,63358,hgca_cma_refined
Rosenbrock_10D_C,v74a,19,1,1283.6,63358,hgca_cma_refined
Rosenbrock_10D_C,v74,19,1,1167.1,63358,hgca_cma_refined
Rosenbrock_10D_C,v54,20,1,862.0,64867,hgca_cma_refined
Rosenbrock_10D_C,v71,20,1,883.5,64867,hgca_cma_refined
Rosenbrock_10D_C,v74a,20,1,1148.5,64867,hgca_cma_refined
Rosenbrock_10D_C,v74,20,1,1181.4,64867,hgca_cma_refined
Rosenbrock_10D_C,v54,21,1,743.8,55869,hgca_cma_refined
Rosenbrock_10D_C,v71,21,1,702.7,55869,hgca_cma_refined
Rosenbrock_10D_C,v74a,21,1,1096.4,55869,hgca_cma_refined
Rosenbrock_10D_C,v74,21,1,1126.1,55869,hgca_cma_refined
Rosenbrock_10D_C,v54,22,1,867.8,65160,hgca_cma_refined
Rosenbrock_10D_C,v71,22,1,938.9,65160,hgca_cma_refined
Rosenbrock_10D_C,v74a,22,1,1233.5,65160,hgca_cma_refined
Rosenbrock_10D_C,v74,22,1,1194.1,65160,hgca_cma_refined
Rosenbrock_10D_C,v54,23,1,828.3,63075,hgca_cma_refined
Rosenbrock_10D_C,v71,23,1,849.4,63075,hgca_cma_refined
Rosenbrock_10D_C,v74a,23,1,1184.1,63075,hgca_cma_refined
Rosenbrock_10D_C,v74,23,1,1146.1,63075,hgca_cma_refined
Rosenbrock_10D_C,v54,24,1,882.6,61271,hgca_cma_refined
Rosenbrock_10D_C,v71,24,1,844.5,61271,hgca_cma_refined
Rosenbrock_10D_C,v74a,24,1,1177.0,61271,hgca_cma_refined
Rosenbrock_10D_C,v74,24,1,1196.0,61271,hgca_cma_refined
Rosenbrock_10D_C,v54,25,1,720.1,55869,hgca_cma_refined
Rosenbrock_10D_C,v71,25,1,718.9,55869,hgca_cma_refined
Rosenbrock_10D_C,v74a,25,1,1006.9,55869,hgca_cma_refined
Rosenbrock_10D_C,v74,25,1,1005.6,55869,hgca_cma_refined
Rosenbrock_10D_C,v54,26,1,863.3,63067,hgca_cma_refined
Rosenbrock_10D_C,v71,26,1,866.0,63067,hgca_cma_refined
Rosenbrock_10D_C,v74a,26,1,1256.3,63067,hgca_cma_refined
Rosenbrock_10D_C,v74,26,1,1215.5,63067,hgca_cma_refined
Rosenbrock_10D_C,v54,27,1,729.5,57686,hgca_cma_refined
Rosenbrock_10D_C,v71,27,1,717.9,57686,hgca_cma_refined
Rosenbrock_10D_C,v74a,27,1,1069.3,57686,hgca_cma_refined
Rosenbrock_10D_C,v74,27,1,1068.6,57686,hgca_cma_refined
Rosenbrock_10D_C,v54,28,1,856.0,63106,hgca_cma_refined
Rosenbrock_10D_C,v71,28,1,884.3,63106,hgca_cma_refined
Rosenbrock_10D_C,v74a,28,1,1182.0,63106,hgca_cma_refined
Rosenbrock_10D_C,v74,28,1,1158.0,63106,hgca_cma_refined
Rosenbrock_10D_C,v54,29,1,727.0,57706,hgca_cma_refined
Rosenbrock_10D_C,v71,29,1,736.0,57706,hgca_cma_refined
Rosenbrock_10D_C,v74a,29,1,1030.0,57706,hgca_cma_refined
Rosenbrock_10D_C,v74,29,1,1044.7,57706,hgca_cma_refined
Rosenbrock_10D_C,v54,30,1,873.0,63073,hgca_cma_refined
Rosenbrock_10D_C,v71,30,1,850.0,63073,hgca_cma_refined
Rosenbrock_10D_C,v74a,30,1,1164.1,63073,hgca_cma_refined
Rosenbrock_10D_C,v74,30,1,1169.0,63073,hgca_cma_refined
Rosenbrock_10D_C,v54,31,1,870.9,64877,hgca_cma_refined
Rosenbrock_10D_C,v71,31,1,869.1,64877,hgca_cma_refined
Rosenbrock_10D_C,v74a,31,1,1187.9,64877,hgca_cma_refined
Rosenbrock_10D_C,v74,31,1,1222.1,64877,hgca_cma_refined
Rosenbrock_10D_C,v54,32,1,723.9,57677,hgca_cma_refined
Rosenbrock_10D_C,v71,32,1,731.0,57677,hgca_cma_refined
Rosenbrock_10D_C,v74a,32,1,1079.0,57677,hgca_cma_refined
Rosenbrock_10D_C,v74,32,1,1038.0,57677,hgca_cma_refined
Rosenbrock_10D_C,v54,33,1,852.0,61279,hgca_cma_refined
Rosenbrock_10D_C,v71,33,1,850.0,61279,hgca_cma_refined
Rosenbrock_10D_C,v74a,33,1,1190.1,61279,hgca_cma_refined
Rosenbrock_10D_C,v74,33,1,1200.9,61279,hgca_cma_refined
Rosenbrock_10D_C,v54,34,1,877.1,64906,hgca_cma_refined
Rosenbrock_10D_C,v71,34,1,905.0,64906,hgca_cma_refined
Rosenbrock_10D_C,v74a,34,1,1229.9,64906,hgca_cma_refined
Rosenbrock_10D_C,v74,34,1,1234.0,64906,hgca_cma_refined
Rosenbrock_10D_C,v54,35,1,826.0,61274,hgca_cma_refined
Rosenbrock_10D_C,v71,35,1,825.1,61274,hgca_cma_refined
Rosenbrock_10D_C,v74a,35,1,1129.9,61274,hgca_cma_refined
Rosenbrock_10D_C,v74,35,1,1207.0,61274,hgca_cma_refined
Rosenbrock_10D_C,v54,36,1,835.0,63075,hgca_cma_refined
Rosenbrock_10D_C,v71,36,1,841.0,63075,hgca_cma_refined
Rosenbrock_10D_C,v74a,36,1,1135.1,63075,hgca_cma_refined
Rosenbrock_10D_C,v74,36,1,1186.9,63075,hgca_cma_refined
Rosenbrock_10D_C,v54,37,1,873.0,64873,hgca_cma_refined
Rosenbrock_10D_C,v71,37,1,858.1,64873,hgca_cma_refined
Rosenbrock_10D_C,v74a,37,1,1268.9,64873,hgca_cma_refined
Rosenbrock_10D_C,v74,37,1,1209.1,64873,hgca_cma_refined
Rosenbrock_10D_C,v54,38,1,840.0,61300,hgca_cma_refined
Rosenbrock_10D_C,v71,38,1,842.0,61300,hgca_cma_refined
Rosenbrock_10D_C,v74a,38,1,1181.9,61300,hgca_cma_refined
Rosenbrock_10D_C,v74,38,1,1163.1,61300,hgca_cma_refined
Rosenbrock_10D_C,v54,39,1,918.9,64904,hgca_cma_refined
Rosenbrock_10D_C,v71,39,1,884.0,64904,hgca_cma_refined
Rosenbrock_10D_C,v74a,39,1,1280.0,64904,hgca_cma_refined
Rosenbrock_10D_C,v74,39,1,1222.0,64904,hgca_cma_refined
Rosenbrock_10D_C,v54,40,1,869.0,61276,hgca_cma_refined
Rosenbrock_10D_C,v71,40,1,857.0,61276,hgca_cma_refined
Rosenbrock_10D_C,v74a,40,1,1220.0,61276,hgca_cma_refined
Rosenbrock_10D_C,v74,40,1,1331.0,61276,hgca_cma_refined
Rosenbrock_10D_C,v54,41,1,847.0,63104,hgca_cma_refined
Rosenbrock_10D_C,v71,41,1,883.0,63104,hgca_cma_refined
Rosenbrock_10D_C,v74a,41,1,1283.1,63104,hgca_cma_refined
Rosenbrock_10D_C,v74,41,1,1220.9,63104,hgca_cma_refined
Rosenbrock_10D_C,v54,42,1,842.1,63065,hgca_cma_refined
Rosenbrock_10D_C,v71,42,1,883.9,63065,hgca_cma_refined
Rosenbrock_10D_C,v74a,42,1,1291.0,63065,hgca_cma_refined
Rosenbrock_10D_C,v74,42,1,1192.0,63065,hgca_cma_refined
Rosenbrock_10D_C,v54,43,1,843.0,63080,hgca_cma_refined
Rosenbrock_10D_C,v71,43,1,1359.4,63080,hgca_cma_refined
Rosenbrock_10D_C,v74a,43,1,1503.7,63080,hgca_cma_refined
Rosenbrock_10D_C,v74,43,1,1545.6,63080,hgca_cma_refined
Rosenbrock_10D_C,v54,44,1,796.0,55879,hgca_cma_refined
Rosenbrock_10D_C,v71,44,1,725.0,55879,hgca_cma_refined
Rosenbrock_10D_C,v74a,44,1,1112.0,55879,hgca_cma_refined
Rosenbrock_10D_C,v74,44,1,1018.5,55879,hgca_cma_refined
Rosenbrock_10D_C,v54,45,1,708.0,55899,hgca_cma_refined
Rosenbrock_10D_C,v71,45,1,725.9,55899,hgca_cma_refined
Rosenbrock_10D_C,v74a,45,1,1112.5,55899,hgca_cma_refined
Rosenbrock_10D_C,v74,45,1,1024.6,55899,hgca_cma_refined
Rosenbrock_10D_C,v54,46,1,826.1,61280,hgca_cma_refined
Rosenbrock_10D_C,v71,46,1,820.2,61280,hgca_cma_refined
Rosenbrock_10D_C,v74a,46,1,1138.4,61280,hgca_cma_refined
Rosenbrock_10D_C,v74,46,1,1123.0,61280,hgca_cma_refined
Rosenbrock_10D_C,v54,47,1,879.5,63069,hgca_cma_refined
Rosenbrock_10D_C,v71,47,1,877.7,63069,hgca_cma_refined
Rosenbrock_10D_C,v74a,47,1,1251.4,63069,hgca_cma_refined
Rosenbrock_10D_C,v74,47,1,1177.6,63069,hgca_cma_refined
Rosenbrock_10D_C,v54,48,1,823.1,61276,hgca_cma_refined
Rosenbrock_10D_C,v71,48,1,865.5,61276,hgca_cma_refined
Rosenbrock_10D_C,v74a,48,1,1171.1,61276,hgca_cma_refined
Rosenbrock_10D_C,v74,48,1,1133.6,61276,hgca_cma_refined
Rosenbrock_10D_C,v54,49,1,859.2,63110,hgca_cma_refined
Rosenbrock_10D_C,v71,49,1,875.7,63110,hgca_cma_refined
Rosenbrock_10D_C,v74a,49,1,1162.1,63110,hgca_cma_refined
Rosenbrock_10D_C,v74,49,1,1215.0,63110,hgca_cma_refined
Rosenbrock_10D_E,v54,0,1,875.6,63116,hgca_cma_refined
Rosenbrock_10D_E,v71,0,1,831.1,63116,hgca_cma_refined
Rosenbrock_10D_E,v74a,0,1,1311.1,63116,hgca_cma_refined
Rosenbrock_10D_E,v74,0,1,1218.8,63116,hgca_cma_refined
Rosenbrock_10D_E,v54,1,1,772.9,57956,hgca_cma_refined
Rosenbrock_10D_E,v71,1,1,761.5,57956,hgca_cma_refined
Rosenbrock_10D_E,v74a,1,1,1150.1,57956,hgca_cma_refined
Rosenbrock_10D_E,v74,1,1,1158.8,57956,hgca_cma_refined
Rosenbrock_10D_E,v54,2,1,877.2,61286,hgca_cma_refined
Rosenbrock_10D_E,v71,2,1,845.9,61286,hgca_cma_refined
Rosenbrock_10D_E,v74a,2,1,1258.6,61286,hgca_cma_refined
Rosenbrock_10D_E,v74,2,1,1265.0,61286,hgca_cma_refined
Rosenbrock_10D_E,v54,3,1,699.0,55905,hgca_cma_refined
Rosenbrock_10D_E,v71,3,1,711.9,55905,hgca_cma_refined
Rosenbrock_10D_E,v74a,3,1,1078.8,55905,hgca_cma_refined
Rosenbrock_10D_E,v74,3,1,1090.2,55905,hgca_cma_refined
Rosenbrock_10D_E,v54,4,1,756.7,57669,hgca_cma_refined
Rosenbrock_10D_E,v71,4,1,748.0,57669,hgca_cma_refined
Rosenbrock_10D_E,v74a,4,1,1135.6,57669,hgca_cma_refined
Rosenbrock_10D_E,v74,4,1,1114.1,57669,hgca_cma_refined
Rosenbrock_10D_E,v54,5,1,862.0,63358,hgca_cma_refined
Rosenbrock_10D_E,v71,5,1,903.5,63358,hgca_cma_refined
Rosenbrock_10D_E,v74a,5,1,1265.7,63358,hgca_cma_refined
Rosenbrock_10D_E,v74,5,1,1248.6,63358,hgca_cma_refined
Rosenbrock_10D_E,v54,6,1,855.4,61273,hgca_cma_refined
Rosenbrock_10D_E,v71,6,1,821.0,61273,hgca_cma_refined
Rosenbrock_10D_E,v74a,6,1,1222.6,61273,hgca_cma_refined
Rosenbrock_10D_E,v74,6,1,1216.5,61273,hgca_cma_refined
Rosenbrock_10D_E,v54,7,1,883.3,63117,hgca_cma_refined
Rosenbrock_10D_E,v71,7,1,884.0,63117,hgca_cma_refined
Rosenbrock_10D_E,v74a,7,1,1280.5,63117,hgca_cma_refined
Rosenbrock_10D_E,v74,7,1,1266.4,63117,hgca_cma_refined
Rosenbrock_10D_E,v54,8,1,745.6,57682,hgca_cma_refined
Rosenbrock_10D_E,v71,8,1,740.0,57682,hgca_cma_refined
Rosenbrock_10D_E,v74a,8,1,1151.5,57682,hgca_cma_refined
Rosenbrock_10D_E,v74,8,1,1120.4,57682,hgca_cma_refined
Rosenbrock_10D_E,v54,9,1,746.0,57673,hgca_cma_refined
Rosenbrock_10D_E,v71,9,1,759.5,57673,hgca_cma_refined
Rosenbrock_10D_E,v74a,9,1,1151.5,57673,hgca_cma_refined
Rosenbrock_10D_E,v74,9,1,1139.4,57673,hgca_cma_refined
Rosenbrock_10D_E,v54,10,1,769.0,57680,hgca_cma_refined
Rosenbrock_10D_E,v71,10,1,751.6,57680,hgca_cma_refined
Rosenbrock_10D_E,v74a,10,1,1106.6,57680,hgca_cma_refined
Rosenbrock_10D_E,v74,10,1,1072.9,57680,hgca_cma_refined
Rosenbrock_10D_E,v54,11,1,736.5,57681,hgca_cma_refined
Rosenbrock_10D_E,v71,11,1,740.4,57681,hgca_cma_refined
Rosenbrock_10D_E,v74a,11,1,1094.8,57681,hgca_cma_refined
Rosenbrock_10D_E,v74,11,1,1128.6,57681,hgca_cma_refined
Rosenbrock_10D_E,v54,12,1,698.4,57685,hgca_cma_refined
Rosenbrock_10D_E,v71,12,1,737.0,57685,hgca_cma_refined
Rosenbrock_10D_E,v74a,12,1,1109.5,57685,hgca_cma_refined
Rosenbrock_10D_E,v74,12,1,1152.1,57685,hgca_cma_refined
Rosenbrock_10D_E,v54,13,1,732.0,55871,hgca_cma_refined
Rosenbrock_10D_E,v71,13,1,698.5,55871,hgca_cma_refined
Rosenbrock_10D_E,v74a,13,1,1070.7,55871,hgca_cma_refined
Rosenbrock_10D_E,v74,13,1,1058.5,55871,hgca_cma_refined
Rosenbrock_10D_E,v54,14,1,738.8,57675,hgca_cma_refined
Rosenbrock_10D_E,v71,14,1,768.4,57675,hgca_cma_refined
Rosenbrock_10D_E,v74a,14,1,1186.0,57675,hgca_cma_refined
Rosenbrock_10D_E,v74,14,1,1083.2,57675,hgca_cma_refined
Rosenbrock_10D_E,v54,15,1,711.5,55872,hgca_cma_refined
Rosenbrock_10D_E,v71,15,1,738.6,55872,hgca_cma_refined
Rosenbrock_10D_E,v74a,15,1,1092.6,55872,hgca_cma_refined
Rosenbrock_10D_E,v74,15,1,1070.3,55872,hgca_cma_refined
Rosenbrock_10D_E,v54,16,1,786.0,57661,hgca_cma_refined
Rosenbrock_10D_E,v71,16,1,753.7,57661,hgca_cma_refined
Rosenbrock_10D_E,v74a,16,1,1126.9,57661,hgca_cma_refined
Rosenbrock_10D_E,v74,16,1,1181.5,57661,hgca_cma_refined
Rosenbrock_10D_E,v54,17,1,721.0,55871,hgca_cma_refined
Rosenbrock_10D_E,v71,17,1,700.6,55871,hgca_cma_refined
Rosenbrock_10D_E,v74a,17,1,1095.0,55871,hgca_cma_refined
Rosenbrock_10D_E,v74,17,1,1112.6,55871,hgca_cma_refined
Rosenbrock_10D_E,v54,18,1,816.5,63089,hgca_cma_refined
Rosenbrock_10D_E,v71,18,1,842.6,63089,hgca_cma_refined
Rosenbrock_10D_E,v74a,18,1,1227.9,63089,hgca_cma_refined
Rosenbrock_10D_E,v74,18,1,1327.1,63089,hgca_cma_refined
Rosenbrock_10D_E,v54,19,1,738.5,55875,hgca_cma_refined
Rosenbrock_10D_E,v71,19,1,710.3,55875,hgca_cma_refined
Rosenbrock_10D_E,v74a,19,1,1097.0,55875,hgca_cma_refined
Rosenbrock_10D_E,v74,19,1,1139.4,55875,hgca_cma_refined
Rosenbrock_10D_E,v54,20,1,800.0,57677,hgca_cma_refined
Rosenbrock_10D_E,v71,20,1,770.0,57677,hgca_cma_refined
Rosenbrock_10D_E,v74a,20,1,1117.7,57677,hgca_cma_refined
Rosenbrock_10D_E,v74,20,1,1123.7,57677,hgca_cma_refined
Rosenbrock_10D_E,v54,21,1,725.1,56543,hgca_cma_refined
Rosenbrock_10D_E,v71,21,1,738.5,56543,hgca_cma_refined
Rosenbrock_10D_E,v74a,21,1,1130.8,56543,hgca_cma_refined
Rosenbrock_10D_E,v74,21,1,1095.0,56543,hgca_cma_refined
Rosenbrock_10D_E,v54,22,1,796.0,57665,hgca_cma_refined
Rosenbrock_10D_E,v71,22,1,823.0,57665,hgca_cma_refined
Rosenbrock_10D_E,v74a,22,1,1257.4,57665,hgca_cma_refined
Rosenbrock_10D_E,v74,22,1,1188.4,57665,hgca_cma_refined
Rosenbrock_10D_E,v54,23,1,832.5,57680,hgca_cma_refined
Rosenbrock_10D_E,v71,23,1,757.5,57680,hgca_cma_refined
Rosenbrock_10D_E,v74a,23,1,1139.5,57680,hgca_cma_refined
Rosenbrock_10D_E,v74,23,1,1152.0,57680,hgca_cma_refined
Rosenbrock_10D_E,v54,24,1,699.4,55864,hgca_cma_refined
Rosenbrock_10D_E,v71,24,1,679.5,55864,hgca_cma_refined
Rosenbrock_10D_E,v74a,24,1,1041.7,55864,hgca_cma_refined
Rosenbrock_10D_E,v74,24,1,1090.3,55864,hgca_cma_refined
Rosenbrock_10D_E,v54,25,1,744.1,57679,hgca_cma_refined
Rosenbrock_10D_E,v71,25,1,722.0,57679,hgca_cma_refined
Rosenbrock_10D_E,v74a,25,1,1089.8,57679,hgca_cma_refined
Rosenbrock_10D_E,v74,25,1,1131.5,57679,hgca_cma_refined
Rosenbrock_10D_E,v54,26,1,812.1,59477,hgca_cma_refined
Rosenbrock_10D_E,v71,26,1,781.4,59477,hgca_cma_refined
Rosenbrock_10D_E,v74a,26,1,1183.8,59477,hgca_cma_refined
Rosenbrock_10D_E,v74,26,1,1170.5,59477,hgca_cma_refined
Rosenbrock_10D_E,v54,27,1,874.6,63091,hgca_cma_refined
Rosenbrock_10D_E,v71,27,1,867.8,63091,hgca_cma_refined
Rosenbrock_10D_E,v74a,27,1,1261.5,63091,hgca_cma_refined
Rosenbrock_10D_E,v74,27,1,1278.8,63091,hgca_cma_refined
Rosenbrock_10D_E,v54,28,1,740.0,55865,hgca_cma_refined
Rosenbrock_10D_E,v71,28,1,692.5,55865,hgca_cma_refined
Rosenbrock_10D_E,v74a,28,1,1066.6,55865,hgca_cma_refined
Rosenbrock_10D_E,v74,28,1,1073.9,55865,hgca_cma_refined
Rosenbrock_10D_E,v54,29,1,804.5,59483,hgca_cma_refined
Rosenbrock_10D_E,v71,29,1,826.5,59483,hgca_cma_refined
Rosenbrock_10D_E,v74a,29,1,1158.7,59483,hgca_cma_refined
Rosenbrock_10D_E,v74,29,1,1101.5,59483,hgca_cma_refined
Rosenbrock_10D_E,v54,30,1,794.4,61277,hgca_cma_refined
Rosenbrock_10D_E,v71,30,1,798.6,61277,hgca_cma_refined
Rosenbrock_10D_E,v74a,30,1,1113.6,61277,hgca_cma_refined
Rosenbrock_10D_E,v74,30,1,1112.6,61277,hgca_cma_refined
Rosenbrock_10D_E,v54,31,1,780.6,59476,hgca_cma_refined
Rosenbrock_10D_E,v71,31,1,795.9,59476,hgca_cma_refined
Rosenbrock_10D_E,v74a,31,1,1181.3,59476,hgca_cma_refined
Rosenbrock_10D_E,v74,31,1,1140.5,59476,hgca_cma_refined
Rosenbrock_10D_E,v54,32,1,757.5,57664,hgca_cma_refined
Rosenbrock_10D_E,v71,32,1,784.4,57664,hgca_cma_refined
Rosenbrock_10D_E,v74a,32,1,1129.6,57664,hgca_cma_refined
Rosenbrock_10D_E,v74,32,1,1188.9,57664,hgca_cma_refined
Rosenbrock_10D_E,v54,33,1,748.0,55880,hgca_cma_refined
Rosenbrock_10D_E,v71,33,1,726.5,55880,hgca_cma_refined
Rosenbrock_10D_E,v74a,33,1,1074.5,55880,hgca_cma_refined
Rosenbrock_10D_E,v74,33,1,1060.0,55880,hgca_cma_refined
Rosenbrock_10D_E,v54,34,1,727.5,55866,hgca_cma_refined
Rosenbrock_10D_E,v71,34,1,735.1,55866,hgca_cma_refined
Rosenbrock_10D_E,v74a,34,1,1033.6,55866,hgca_cma_refined
Rosenbrock_10D_E,v74,34,1,1027.5,55866,hgca_cma_refined
Rosenbrock_10D_E,v54,35,1,752.6,57678,hgca_cma_refined
Rosenbrock_10D_E,v71,35,1,770.3,57678,hgca_cma_refined
Rosenbrock_10D_E,v74a,35,1,1103.0,57678,hgca_cma_refined
Rosenbrock_10D_E,v74,35,1,1082.0,57678,hgca_cma_refined
Rosenbrock_10D_E,v54,36,1,707.9,57678,hgca_cma_refined
Rosenbrock_10D_E,v71,36,1,702.6,57678,hgca_cma_refined
Rosenbrock_10D_E,v74a,36,1,1013.1,57678,hgca_cma_refined
Rosenbrock_10D_E,v74,36,1,1023.0,57678,hgca_cma_refined
Rosenbrock_10D_E,v54,37,1,804.4,61288,hgca_cma_refined
Rosenbrock_10D_E,v71,37,1,816.7,61288,hgca_cma_refined
Rosenbrock_10D_E,v74a,37,1,1185.4,61288,hgca_cma_refined
Rosenbrock_10D_E,v74,37,1,1151.6,61288,hgca_cma_refined
Rosenbrock_10D_E,v54,38,1,765.8,59510,hgca_cma_refined
Rosenbrock_10D_E,v71,38,1,759.0,59510,hgca_cma_refined
Rosenbrock_10D_E,v74a,38,1,1108.0,59510,hgca_cma_refined
Rosenbrock_10D_E,v74,38,1,1172.3,59510,hgca_cma_refined
Rosenbrock_10D_E,v54,39,1,783.8,61556,hgca_cma_refined
Rosenbrock_10D_E,v71,39,1,787.6,61556,hgca_cma_refined
Rosenbrock_10D_E,v74a,39,1,1154.7,61556,hgca_cma_refined
Rosenbrock_10D_E,v74,39,1,1148.8,61556,hgca_cma_refined
Rosenbrock_10D_E,v54,40,1,709.0,57682,hgca_cma_refined
Rosenbrock_10D_E,v71,40,1,692.5,57682,hgca_cma_refined
Rosenbrock_10D_E,v74a,40,1,1189.4,57682,hgca_cma_refined
Rosenbrock_10D_E,v74,40,1,1138.6,57682,hgca_cma_refined
Rosenbrock_10D_E,v54,41,1,815.0,61273,hgca_cma_refined
Rosenbrock_10D_E,v71,41,1,844.5,61273,hgca_cma_refined
Rosenbrock_10D_E,v74a,41,1,1173.2,61273,hgca_cma_refined
Rosenbrock_10D_E,v74,41,1,1158.0,61273,hgca_cma_refined
Rosenbrock_10D_E,v54,42,1,864.5,63080,hgca_cma_refined
Rosenbrock_10D_E,v71,42,1,898.7,63080,hgca_cma_refined
Rosenbrock_10D_E,v74a,42,1,1194.5,63080,hgca_cma_refined
Rosenbrock_10D_E,v74,42,1,1217.0,63080,hgca_cma_refined
Rosenbrock_10D_E,v54,43,1,728.0,57676,hgca_cma_refined
Rosenbrock_10D_E,v71,43,1,701.6,57676,hgca_cma_refined
Rosenbrock_10D_E,v74a,43,1,1098.1,57676,hgca_cma_refined
Rosenbrock_10D_E,v74,43,1,1094.5,57676,hgca_cma_refined
Rosenbrock_10D_E,v54,44,1,829.5,61282,hgca_cma_refined
Rosenbrock_10D_E,v71,44,1,827.5,61282,hgca_cma_refined
Rosenbrock_10D_E,v74a,44,1,1214.6,61282,hgca_cma_refined
Rosenbrock_10D_E,v74,44,1,1228.6,61282,hgca_cma_refined
Rosenbrock_10D_E,v54,45,1,780.5,59477,hgca_cma_refined
Rosenbrock_10D_E,v71,45,1,809.0,59477,hgca_cma_refined
Rosenbrock_10D_E,v74a,45,1,1235.5,59477,hgca_cma_refined
Rosenbrock_10D_E,v74,45,1,1190.1,59477,hgca_cma_refined
Rosenbrock_10D_E,v54,46,1,878.5,61277,hgca_cma_refined
Rosenbrock_10D_E,v71,46,1,876.0,61277,hgca_cma_refined
Rosenbrock_10D_E,v74a,46,1,1248.0,61277,hgca_cma_refined
Rosenbrock_10D_E,v74,46,1,1266.8,61277,hgca_cma_refined
Rosenbrock_10D_E,v54,47,1,785.5,57961,hgca_cma_refined
Rosenbrock_10D_E,v71,47,1,778.0,57961,hgca_cma_refined
Rosenbrock_10D_E,v74a,47,1,1104.6,57961,hgca_cma_refined
Rosenbrock_10D_E,v74,47,1,1142.1,57961,hgca_cma_refined
Rosenbrock_10D_E,v54,48,1,833.7,59486,hgca_cma_refined
Rosenbrock_10D_E,v71,48,1,805.5,59486,hgca_cma_refined
Rosenbrock_10D_E,v74a,48,1,1232.5,59486,hgca_cma_refined
Rosenbrock_10D_E,v74,48,1,1197.4,59486,hgca_cma_refined
Rosenbrock_10D_E,v54,49,1,779.5,55880,hgca_cma_refined
Rosenbrock_10D_E,v71,49,1,713.0,55880,hgca_cma_refined
Rosenbrock_10D_E,v74a,49,1,1113.3,55880,hgca_cma_refined
Rosenbrock_10D_E,v74,49,1,1062.6,55880,hgca_cma_refined
Rosenbrock_10D_H,v54,0,1,908.0,64873,hgca_cma_refined
Rosenbrock_10D_H,v71,0,1,910.7,64873,hgca_cma_refined
Rosenbrock_10D_H,v74a,0,1,1093.5,64873,hgca_cma_refined
Rosenbrock_10D_H,v74,0,1,1071.6,64873,hgca_cma_refined
Rosenbrock_10D_H,v54,1,1,822.9,63080,hgca_cma_refined
Rosenbrock_10D_H,v71,1,1,809.7,63080,hgca_cma_refined
Rosenbrock_10D_H,v74a,1,1,1043.9,63080,hgca_cma_refined
Rosenbrock_10D_H,v74,1,1,1107.6,63080,hgca_cma_refined
Rosenbrock_10D_H,v54,2,1,901.0,64879,hgca_cma_refined
Rosenbrock_10D_H,v71,2,1,850.5,64879,hgca_cma_refined
Rosenbrock_10D_H,v74a,2,1,1138.5,64879,hgca_cma_refined
Rosenbrock_10D_H,v74,2,1,1107.0,64879,hgca_cma_refined
Rosenbrock_10D_H,v54,3,1,688.4,55867,hgca_cma_refined
Rosenbrock_10D_H,v71,3,1,686.6,55867,hgca_cma_refined
Rosenbrock_10D_H,v74a,3,1,923.2,55867,hgca_cma_refined
Rosenbrock_10D_H,v74,3,1,943.6,55867,hgca_cma_refined
Rosenbrock_10D_H,v54,4,1,792.0,63068,hgca_cma_refined
Rosenbrock_10D_H,v71,4,1,828.0,63068,hgca_cma_refined
Rosenbrock_10D_H,v74a,4,1,1070.6,63068,hgca_cma_refined
Rosenbrock_10D_H,v74,4,1,1105.7,63068,hgca_cma_refined
Rosenbrock_10D_H,v54,5,1,838.4,63359,hgca_cma_refined
Rosenbrock_10D_H,v71,5,1,813.8,63359,hgca_cma_refined
Rosenbrock_10D_H,v74a,5,1,1069.9,63359,hgca_cma_refined
Rosenbrock_10D_H,v74,5,1,1052.0,63359,hgca_cma_refined
Rosenbrock_10D_H,v54,6,1,839.8,64857,hgca_cma_refined
Rosenbrock_10D_H,v71,6,1,840.5,64857,hgca_cma_refined
Rosenbrock_10D_H,v74a,6,1,1234.0,64857,hgca_cma_refined
Rosenbrock_10D_H,v74,6,1,1154.3,64857,hgca_cma_refined
Rosenbrock_10D_H,v54,7,1,728.4,55891,hgca_cma_refined
Rosenbrock_10D_H,v71,7,1,720.2,55891,hgca_cma_refined
Rosenbrock_10D_H,v74a,7,1,973.7,55891,hgca_cma_refined
Rosenbrock_10D_H,v74,7,1,982.7,55891,hgca_cma_refined
Rosenbrock_10D_H,v54,8,1,878.0,64897,hgca_cma_refined
Rosenbrock_10D_H,v71,8,1,892.4,64897,hgca_cma_refined
Rosenbrock_10D_H,v74a,8,1,1105.0,64897,hgca_cma_refined
Rosenbrock_10D_H,v74,8,1,1106.6,64897,hgca_cma_refined
Rosenbrock_10D_H,v54,9,1,858.6,64864,hgca_cma_refined
Rosenbrock_10D_H,v71,9,1,857.5,64864,hgca_cma_refined
Rosenbrock_10D_H,v74a,9,1,1103.0,64864,hgca_cma_refined
Rosenbrock_10D_H,v74,9,1,1163.8,64864,hgca_cma_refined
Rosenbrock_10D_H,v54,10,1,853.5,65151,hgca_cma_refined
Rosenbrock_10D_H,v71,10,1,858.6,65151,hgca_cma_refined
Rosenbrock_10D_H,v74a,10,1,1161.9,65151,hgca_cma_refined
Rosenbrock_10D_H,v74,10,1,1155.8,65151,hgca_cma_refined
Rosenbrock_10D_H,v54,11,1,847.3,64868,hgca_cma_refined
Rosenbrock_10D_H,v71,11,1,870.3,64868,hgca_cma_refined
Rosenbrock_10D_H,v74a,11,1,1119.1,64868,hgca_cma_refined
Rosenbrock_10D_H,v74,11,1,1158.0,64868,hgca_cma_refined
Rosenbrock_10D_H,v54,12,1,934.8,64895,hgca_cma_refined
Rosenbrock_10D_H,v71,12,1,911.6,64895,hgca_cma_refined
Rosenbrock_10D_H,v74a,12,1,1177.9,64895,hgca_cma_refined
Rosenbrock_10D_H,v74,12,1,1167.7,64895,hgca_cma_refined
Rosenbrock_10D_H,v54,13,1,854.0,65156,hgca_cma_refined
Rosenbrock_10D_H,v71,13,1,841.2,65156,hgca_cma_refined
Rosenbrock_10D_H,v74a,13,1,1084.5,65156,hgca_cma_refined
Rosenbrock_10D_H,v74,13,1,1144.8,65156,hgca_cma_refined
Rosenbrock_10D_H,v54,14,1,891.6,65195,hgca_cma_refined
Rosenbrock_10D_H,v71,14,1,850.8,65195,hgca_cma_refined
Rosenbrock_10D_H,v74a,14,1,1121.6,65195,hgca_cma_refined
Rosenbrock_10D_H,v74,14,1,1199.1,65195,hgca_cma_refined
Rosenbrock_10D_H,v54,15,1,823.9,63062,hgca_cma_refined
Rosenbrock_10D_H,v71,15,1,848.1,63062,hgca_cma_refined
Rosenbrock_10D_H,v74a,15,1,1137.8,63062,hgca_cma_refined
Rosenbrock_10D_H,v74,15,1,1078.5,63062,hgca_cma_refined
Rosenbrock_10D_H,v54,16,1,840.7,64888,hgca_cma_refined
Rosenbrock_10D_H,v71,16,1,869.2,64888,hgca_cma_refined
Rosenbrock_10D_H,v74a,16,1,1152.3,64888,hgca_cma_refined
Rosenbrock_10D_H,v74,16,1,1085.0,64888,hgca_cma_refined
Rosenbrock_10D_H,v54,17,1,883.1,66951,hgca_cma_refined
Rosenbrock_10D_H,v71,17,1,887.3,66951,hgca_cma_refined
Rosenbrock_10D_H,v74a,17,1,1130.4,66951,hgca_cma_refined
Rosenbrock_10D_H,v74,17,1,1137.5,66951,hgca_cma_refined
Rosenbrock_10D_H,v54,18,1,838.2,64861,hgca_cma_refined
Rosenbrock_10D_H,v71,18,1,832.9,64861,hgca_cma_refined
Rosenbrock_10D_H,v74a,18,1,1129.0,64861,hgca_cma_refined
Rosenbrock_10D_H,v74,18,1,1083.1,64861,hgca_cma_refined
Rosenbrock_10D_H,v54,19,1,813.3,64857,hgca_cma_refined
Rosenbrock_10D_H,v71,19,1,817.0,64857,hgca_cma_refined
Rosenbrock_10D_H,v74a,19,1,1047.2,64857,hgca_cma_refined
Rosenbrock_10D_H,v74,19,1,1067.4,64857,hgca_cma_refined
Rosenbrock_10D_H,v54,20,1,837.0,65160,hgca_cma_refined
Rosenbrock_10D_H,v71,20,1,815.1,65160,hgca_cma_refined
Rosenbrock_10D_H,v74a,20,1,1074.3,65160,hgca_cma_refined
Rosenbrock_10D_H,v74,20,1,1077.1,65160,hgca_cma_refined
Rosenbrock_10D_H,v54,21,1,725.7,57667,hgca_cma_refined
Rosenbrock_10D_H,v71,21,1,705.9,57667,hgca_cma_refined
Rosenbrock_10D_H,v74a,21,1,986.1,57667,hgca_cma_refined
Rosenbrock_10D_H,v74,21,1,988.1,57667,hgca_cma_refined
Rosenbrock_10D_H,v54,22,1,766.1,63070,hgca_cma_refined
Rosenbrock_10D_H,v71,22,1,843.1,63070,hgca_cma_refined
Rosenbrock_10D_H,v74a,22,1,1032.5,63070,hgca_cma_refined
Rosenbrock_10D_H,v74,22,1,1027.2,63070,hgca_cma_refined
Rosenbrock_10D_H,v54,23,1,868.7,63768,hgca_cma_refined
Rosenbrock_10D_H,v71,23,1,862.8,63768,hgca_cma_refined
Rosenbrock_10D_H,v74a,23,1,1112.6,63768,hgca_cma_refined
Rosenbrock_10D_H,v74,23,1,1099.7,63768,hgca_cma_refined
Rosenbrock_10D_H,v54,24,1,792.1,64877,hgca_cma_refined
Rosenbrock_10D_H,v71,24,1,818.0,64877,hgca_cma_refined
Rosenbrock_10D_H,v74a,24,1,1063.4,64877,hgca_cma_refined
Rosenbrock_10D_H,v74,24,1,1061.6,64877,hgca_cma_refined
Rosenbrock_10D_H,v54,25,1,818.0,64895,hgca_cma_refined
Rosenbrock_10D_H,v71,25,1,831.0,64895,hgca_cma_refined
Rosenbrock_10D_H,v74a,25,1,1075.9,64895,hgca_cma_refined
Rosenbrock_10D_H,v74,25,1,1143.3,64895,hgca_cma_refined
Rosenbrock_10D_H,v54,26,1,708.1,57667,hgca_cma_refined
Rosenbrock_10D_H,v71,26,1,702.0,57667,hgca_cma_refined
Rosenbrock_10D_H,v74a,26,1,945.8,57667,hgca_cma_refined
Rosenbrock_10D_H,v74,26,1,937.8,57667,hgca_cma_refined
Rosenbrock_10D_H,v54,27,1,813.0,64870,hgca_cma_refined
Rosenbrock_10D_H,v71,27,1,816.2,64870,hgca_cma_refined
Rosenbrock_10D_H,v74a,27,1,1049.6,64870,hgca_cma_refined
Rosenbrock_10D_H,v74,27,1,1051.0,64870,hgca_cma_refined
Rosenbrock_10D_H,v54,28,1,690.8,55870,hgca_cma_refined
Rosenbrock_10D_H,v71,28,1,683.6,55870,hgca_cma_refined
Rosenbrock_10D_H,v74a,28,1,910.8,55870,hgca_cma_refined
Rosenbrock_10D_H,v74,28,1,929.9,55870,hgca_cma_refined
Rosenbrock_10D_H,v54,29,1,831.6,57680,hgca_cma_refined
Rosenbrock_10D_H,v71,29,1,796.2,57680,hgca_cma_refined
Rosenbrock_10D_H,v74a,29,1,995.1,57680,hgca_cma_refined
Rosenbrock_10D_H,v74,29,1,988.9,57680,hgca_cma_refined
Rosenbrock_10D_H,v54,30,1,828.7,63076,hgca_cma_refined
Rosenbrock_10D_H,v71,30,1,820.6,63076,hgca_cma_refined
Rosenbrock_10D_H,v74a,30,1,1140.2,63076,hgca_cma_refined
Rosenbrock_10D_H,v74,30,1,1139.8,63076,hgca_cma_refined
Rosenbrock_10D_H,v54,31,1,845.5,64870,hgca_cma_refined
Rosenbrock_10D_H,v71,31,1,803.1,64870,hgca_cma_refined
Rosenbrock_10D_H,v74a,31,1,1057.7,64870,hgca_cma_refined
Rosenbrock_10D_H,v74,31,1,1049.9,64870,hgca_cma_refined
Rosenbrock_10D_H,v54,32,1,709.1,57945,hgca_cma_refined
Rosenbrock_10D_H,v71,32,1,708.9,57945,hgca_cma_refined
Rosenbrock_10D_H,v74a,32,1,953.7,57945,hgca_cma_refined
Rosenbrock_10D_H,v74,32,1,976.0,57945,hgca_cma_refined
Rosenbrock_10D_H,v54,33,0,868.6,63341,hgca_cma_failed
Rosenbrock_10D_H,v71,33,0,852.8,63341,hgca_cma_failed
Rosenbrock_10D_H,v74a,33,0,1076.0,63341,hgca_cma_failed
Rosenbrock_10D_H,v74,33,0,1074.2,63341,hgca_cma_failed
Rosenbrock_10D_H,v54,34,1,817.4,63065,hgca_cma_refined
Rosenbrock_10D_H,v71,34,1,799.7,63065,hgca_cma_refined
Rosenbrock_10D_H,v74a,34,1,1059.5,63065,hgca_cma_refined
Rosenbrock_10D_H,v74,34,1,1141.6,63065,hgca_cma_refined
Rosenbrock_10D_H,v54,35,1,820.7,64868,hgca_cma_refined
Rosenbrock_10D_H,v71,35,1,839.7,64868,hgca_cma_refined
Rosenbrock_10D_H,v74a,35,1,1092.2,64868,hgca_cma_refined
Rosenbrock_10D_H,v74,35,1,1085.2,64868,hgca_cma_refined
Rosenbrock_10D_H,v54,36,1,674.9,55891,hgca_cma_refined
Rosenbrock_10D_H,v71,36,1,659.5,55891,hgca_cma_refined
Rosenbrock_10D_H,v74a,36,1,957.6,55891,hgca_cma_refined
Rosenbrock_10D_H,v74,36,1,923.1,55891,hgca_cma_refined
Rosenbrock_10D_H,v54,37,1,825.7,63362,hgca_cma_refined
Rosenbrock_10D_H,v71,37,1,832.5,63362,hgca_cma_refined
Rosenbrock_10D_H,v74a,37,1,1108.8,63362,hgca_cma_refined
Rosenbrock_10D_H,v74,37,1,1063.3,63362,hgca_cma_refined
Rosenbrock_10D_H,v54,38,1,702.4,57660,hgca_cma_refined
Rosenbrock_10D_H,v71,38,1,680.0,57660,hgca_cma_refined
Rosenbrock_10D_H,v74a,38,1,977.0,57660,hgca_cma_refined
Rosenbrock_10D_H,v74,38,1,959.0,57660,hgca_cma_refined
Rosenbrock_10D_H,v54,39,1,801.0,63069,hgca_cma_refined
Rosenbrock_10D_H,v71,39,1,827.1,63069,hgca_cma_refined
Rosenbrock_10D_H,v74a,39,1,1190.7,63069,hgca_cma_refined
Rosenbrock_10D_H,v74,39,1,1173.0,63069,hgca_cma_refined
Rosenbrock_10D_H,v54,40,1,909.0,63092,hgca_cma_refined
Rosenbrock_10D_H,v71,40,1,869.1,63092,hgca_cma_refined
Rosenbrock_10D_H,v74a,40,1,1151.8,63092,hgca_cma_refined
Rosenbrock_10D_H,v74,40,1,1194.0,63092,hgca_cma_refined
Rosenbrock_10D_H,v54,41,1,852.4,63058,hgca_cma_refined
Rosenbrock_10D_H,v71,41,1,850.5,63058,hgca_cma_refined
Rosenbrock_10D_H,v74a,41,1,1146.4,63058,hgca_cma_refined
Rosenbrock_10D_H,v74,41,1,1112.5,63058,hgca_cma_refined
Rosenbrock_10D_H,v54,42,1,730.6,55896,hgca_cma_refined
Rosenbrock_10D_H,v71,42,1,701.0,55896,hgca_cma_refined
Rosenbrock_10D_H,v74a,42,1,965.6,55896,hgca_cma_refined
Rosenbrock_10D_H,v74,42,1,938.8,55896,hgca_cma_refined
Rosenbrock_10D_H,v54,43,1,728.1,57665,hgca_cma_refined
Rosenbrock_10D_H,v71,43,1,760.0,57665,hgca_cma_refined
Rosenbrock_10D_H,v74a,43,1,1011.6,57665,hgca_cma_refined
Rosenbrock_10D_H,v74,43,1,993.7,57665,hgca_cma_refined
Rosenbrock_10D_H,v54,44,1,708.3,55856,hgca_cma_refined
Rosenbrock_10D_H,v71,44,1,713.0,55856,hgca_cma_refined
Rosenbrock_10D_H,v74a,44,1,958.0,55856,hgca_cma_refined
Rosenbrock_10D_H,v74,44,1,997.8,55856,hgca_cma_refined
Rosenbrock_10D_H,v54,45,1,715.1,56153,hgca_cma_refined
Rosenbrock_10D_H,v71,45,1,770.6,56153,hgca_cma_refined
Rosenbrock_10D_H,v74a,45,1,984.0,56153,hgca_cma_refined
Rosenbrock_10D_H,v74,45,1,966.1,56153,hgca_cma_refined
Rosenbrock_10D_H,v54,46,1,836.9,63070,hgca_cma_refined
Rosenbrock_10D_H,v71,46,1,908.1,63070,hgca_cma_refined
Rosenbrock_10D_H,v74a,46,1,1103.7,63070,hgca_cma_refined
Rosenbrock_10D_H,v74,46,1,1138.3,63070,hgca_cma_refined
Rosenbrock_10D_H,v54,47,1,873.6,63064,hgca_cma_refined
Rosenbrock_10D_H,v71,47,1,809.5,63064,hgca_cma_refined
Rosenbrock_10D_H,v74a,47,1,1084.7,63064,hgca_cma_refined
Rosenbrock_10D_H,v74,47,1,1206.0,63064,hgca_cma_refined
Rosenbrock_10D_H,v54,48,1,941.6,64903,hgca_cma_refined
Rosenbrock_10D_H,v71,48,1,972.6,64903,hgca_cma_refined
Rosenbrock_10D_H,v74a,48,1,1204.2,64903,hgca_cma_refined
Rosenbrock_10D_H,v74,48,1,1210.0,64903,hgca_cma_refined
Rosenbrock_10D_H,v54,49,1,764.1,57656,hgca_cma_refined
Rosenbrock_10D_H,v71,49,1,781.0,57656,hgca_cma_refined
Rosenbrock_10D_H,v74a,49,1,1062.0,57656,hgca_cma_refined
Rosenbrock_10D_H,v74,49,1,1006.5,57656,hgca_cma_refined
Rosenbrock_10D_M,v54,0,1,895.5,64866,hgca_cma_refined
Rosenbrock_10D_M,v71,0,1,889.0,64866,hgca_cma_refined
Rosenbrock_10D_M,v74a,0,1,1050.1,64866,hgca_cma_refined
Rosenbrock_10D_M,v74,0,1,1066.3,64866,hgca_cma_refined
Rosenbrock_10D_M,v54,1,1,703.4,55889,hgca_cma_refined
Rosenbrock_10D_M,v71,1,1,737.1,55889,hgca_cma_refined
Rosenbrock_10D_M,v74a,1,1,918.1,55889,hgca_cma_refined
Rosenbrock_10D_M,v74,1,1,1008.0,55889,hgca_cma_refined
Rosenbrock_10D_M,v54,2,1,879.1,65162,hgca_cma_refined
Rosenbrock_10D_M,v71,2,1,867.6,65162,hgca_cma_refined
Rosenbrock_10D_M,v74a,2,1,1147.0,65162,hgca_cma_refined
Rosenbrock_10D_M,v74,2,1,1113.5,65162,hgca_cma_refined
Rosenbrock_10D_M,v54,3,1,831.5,64868,hgca_cma_refined
Rosenbrock_10D_M,v71,3,1,840.5,64868,hgca_cma_refined
Rosenbrock_10D_M,v74a,3,1,1044.1,64868,hgca_cma_refined
Rosenbrock_10D_M,v74,3,1,1074.3,64868,hgca_cma_refined
Rosenbrock_10D_M,v54,4,1,975.4,64893,hgca_cma_refined
Rosenbrock_10D_M,v71,4,1,896.0,64893,hgca_cma_refined
Rosenbrock_10D_M,v74a,4,1,1149.1,64893,hgca_cma_refined
Rosenbrock_10D_M,v74,4,1,1094.6,64893,hgca_cma_refined
Rosenbrock_10D_M,v54,5,1,819.5,65158,hgca_cma_refined
Rosenbrock_10D_M,v71,5,1,840.1,65158,hgca_cma_refined
Rosenbrock_10D_M,v74a,5,1,1057.9,65158,hgca_cma_refined
Rosenbrock_10D_M,v74,5,1,1066.4,65158,hgca_cma_refined
Rosenbrock_10D_M,v54,6,1,800.8,64893,hgca_cma_refined
Rosenbrock_10D_M,v71,6,1,831.9,64893,hgca_cma_refined
Rosenbrock_10D_M,v74a,6,1,1009.3,64893,hgca_cma_refined
Rosenbrock_10D_M,v74,6,1,1041.9,64893,hgca_cma_refined
Rosenbrock_10D_M,v54,7,1,695.0,57682,hgca_cma_refined
Rosenbrock_10D_M,v71,7,1,694.9,57682,hgca_cma_refined
Rosenbrock_10D_M,v74a,7,1,917.9,57682,hgca_cma_refined
Rosenbrock_10D_M,v74,7,1,888.8,57682,hgca_cma_refined
Rosenbrock_10D_M,v54,8,1,821.0,64862,hgca_cma_refined
Rosenbrock_10D_M,v71,8,1,825.9,64862,hgca_cma_refined
Rosenbrock_10D_M,v74a,8,1,1013.5,64862,hgca_cma_refined
Rosenbrock_10D_M,v74,8,1,1054.8,64862,hgca_cma_refined
Rosenbrock_10D_M,v54,9,1,699.1,57665,hgca_cma_refined
Rosenbrock_10D_M,v71,9,1,696.6,57665,hgca_cma_refined
Rosenbrock_10D_M,v74a,9,1,892.9,57665,hgca_cma_refined
Rosenbrock_10D_M,v74,9,1,912.0,57665,hgca_cma_refined
Rosenbrock_10D_M,v54,10,1,742.6,57660,hgca_cma_refined
Rosenbrock_10D_M,v71,10,1,677.4,57660,hgca_cma_refined
Rosenbrock_10D_M,v74a,10,1,885.1,57660,hgca_cma_refined
Rosenbrock_10D_M,v74,10,1,896.8,57660,hgca_cma_refined
Rosenbrock_10D_M,v54,11,1,845.6,64883,hgca_cma_refined
Rosenbrock_10D_M,v71,11,1,847.9,64883,hgca_cma_refined
Rosenbrock_10D_M,v74a,11,1,1078.5,64883,hgca_cma_refined
Rosenbrock_10D_M,v74,11,1,1079.0,64883,hgca_cma_refined
Rosenbrock_10D_M,v54,12,1,849.2,65158,hgca_cma_refined
Rosenbrock_10D_M,v71,12,1,842.6,65158,hgca_cma_refined
Rosenbrock_10D_M,v74a,12,1,1121.3,65158,hgca_cma_refined
Rosenbrock_10D_M,v74,12,1,1100.1,65158,hgca_cma_refined
Rosenbrock_10D_M,v54,13,1,684.7,55851,hgca_cma_refined
Rosenbrock_10D_M,v71,13,1,680.0,55851,hgca_cma_refined
Rosenbrock_10D_M,v74a,13,1,924.4,55851,hgca_cma_refined
Rosenbrock_10D_M,v74,13,1,1007.6,55851,hgca_cma_refined
Rosenbrock_10D_M,v54,14,1,952.1,65150,hgca_cma_refined
Rosenbrock_10D_M,v71,14,1,899.9,65150,hgca_cma_refined
Rosenbrock_10D_M,v74a,14,1,1067.5,65150,hgca_cma_refined
Rosenbrock_10D_M,v74,14,1,1065.8,65150,hgca_cma_refined
Rosenbrock_10D_M,v54,15,1,810.2,64866,hgca_cma_refined
Rosenbrock_10D_M,v71,15,1,806.0,64866,hgca_cma_refined
Rosenbrock_10D_M,v74a,15,1,1032.0,64866,hgca_cma_refined
Rosenbrock_10D_M,v74,15,1,1002.7,64866,hgca_cma_refined
Rosenbrock_10D_M,v54,16,1,828.4,64858,hgca_cma_refined
Rosenbrock_10D_M,v71,16,1,869.0,64858,hgca_cma_refined
Rosenbrock_10D_M,v74a,16,1,1039.5,64858,hgca_cma_refined
Rosenbrock_10D_M,v74,16,1,1011.5,64858,hgca_cma_refined
Rosenbrock_10D_M,v54,17,1,857.0,64868,hgca_cma_refined
Rosenbrock_10D_M,v71,17,1,870.8,64868,hgca_cma_refined
Rosenbrock_10D_M,v74a,17,1,1084.4,64868,hgca_cma_refined
Rosenbrock_10D_M,v74,17,1,1070.8,64868,hgca_cma_refined
Rosenbrock_10D_M,v54,18,1,842.9,64868,hgca_cma_refined
Rosenbrock_10D_M,v71,18,1,841.0,64868,hgca_cma_refined
Rosenbrock_10D_M,v74a,18,1,1046.1,64868,hgca_cma_refined
Rosenbrock_10D_M,v74,18,1,1069.0,64868,hgca_cma_refined
Rosenbrock_10D_M,v54,19,1,703.6,57663,hgca_cma_refined
Rosenbrock_10D_M,v71,19,1,702.7,57663,hgca_cma_refined
Rosenbrock_10D_M,v74a,19,1,919.9,57663,hgca_cma_refined
Rosenbrock_10D_M,v74,19,1,928.7,57663,hgca_cma_refined
Rosenbrock_10D_M,v54,20,1,816.1,65159,hgca_cma_refined
Rosenbrock_10D_M,v71,20,1,815.3,65159,hgca_cma_refined
Rosenbrock_10D_M,v74a,20,1,1033.4,65159,hgca_cma_refined
Rosenbrock_10D_M,v74,20,1,1040.3,65159,hgca_cma_refined
Rosenbrock_10D_M,v54,21,1,818.7,64874,hgca_cma_refined
Rosenbrock_10D_M,v71,21,1,800.4,64874,hgca_cma_refined
Rosenbrock_10D_M,v74a,21,1,1017.7,64874,hgca_cma_refined
Rosenbrock_10D_M,v74,21,1,1003.9,64874,hgca_cma_refined
Rosenbrock_10D_M,v54,22,1,646.2,55850,hgca_cma_refined
Rosenbrock_10D_M,v71,22,1,672.5,55850,hgca_cma_refined
Rosenbrock_10D_M,v74a,22,1,925.8,55850,hgca_cma_refined
Rosenbrock_10D_M,v74,22,1,878.7,55850,hgca_cma_refined
Rosenbrock_10D_M,v54,23,1,713.0,59464,hgca_cma_refined
Rosenbrock_10D_M,v71,23,1,714.3,59464,hgca_cma_refined
Rosenbrock_10D_M,v74a,23,1,941.5,59464,hgca_cma_refined
Rosenbrock_10D_M,v74,23,1,926.3,59464,hgca_cma_refined
Rosenbrock_10D_M,v54,24,1,725.1,59493,hgca_cma_refined
Rosenbrock_10D_M,v71,24,1,757.5,59493,hgca_cma_refined
Rosenbrock_10D_M,v74a,24,1,957.2,59493,hgca_cma_refined
Rosenbrock_10D_M,v74,24,1,911.3,59493,hgca_cma_refined
Rosenbrock_10D_M,v54,25,1,894.7,65193,hgca_cma_refined
Rosenbrock_10D_M,v71,25,1,890.3,65193,hgca_cma_refined
Rosenbrock_10D_M,v74a,25,1,1075.7,65193,hgca_cma_refined
Rosenbrock_10D_M,v74,25,1,1131.2,65193,hgca_cma_refined
Rosenbrock_10D_M,v54,26,1,724.0,57691,hgca_cma_refined
Rosenbrock_10D_M,v71,26,1,706.4,57691,hgca_cma_refined
Rosenbrock_10D_M,v74a,26,1,918.7,57691,hgca_cma_refined
Rosenbrock_10D_M,v74,26,1,929.0,57691,hgca_cma_refined
Rosenbrock_10D_M,v54,27,1,838.9,65531,hgca_cma_refined
Rosenbrock_10D_M,v71,27,1,846.1,65531,hgca_cma_refined
Rosenbrock_10D_M,v74a,27,1,1075.0,65531,hgca_cma_refined
Rosenbrock_10D_M,v74,27,1,1056.8,65531,hgca_cma_refined
Rosenbrock_10D_M,v54,28,1,830.3,64858,hgca_cma_refined
Rosenbrock_10D_M,v71,28,1,847.9,64858,hgca_cma_refined
Rosenbrock_10D_M,v74a,28,1,1100.3,64858,hgca_cma_refined
Rosenbrock_10D_M,v74,28,1,1047.2,64858,hgca_cma_refined
Rosenbrock_10D_M,v54,29,1,745.7,59489,hgca_cma_refined
Rosenbrock_10D_M,v71,29,1,736.8,59489,hgca_cma_refined
Rosenbrock_10D_M,v74a,29,1,965.8,59489,hgca_cma_refined
Rosenbrock_10D_M,v74,29,1,934.8,59489,hgca_cma_refined
Rosenbrock_10D_M,v54,30,1,743.6,59750,hgca_cma_refined
Rosenbrock_10D_M,v71,30,1,739.5,59750,hgca_cma_refined
Rosenbrock_10D_M,v74a,30,1,946.9,59750,hgca_cma_refined
Rosenbrock_10D_M,v74,30,1,939.7,59750,hgca_cma_refined
Rosenbrock_10D_M,v54,31,1,667.2,55861,hgca_cma_refined
Rosenbrock_10D_M,v71,31,1,673.5,55861,hgca_cma_refined
Rosenbrock_10D_M,v74a,31,1,879.2,55861,hgca_cma_refined
Rosenbrock_10D_M,v74,31,1,886.4,55861,hgca_cma_refined
Rosenbrock_10D_M,v54,32,1,894.3,65158,hgca_cma_refined
Rosenbrock_10D_M,v71,32,1,866.7,65158,hgca_cma_refined
Rosenbrock_10D_M,v74a,32,1,1065.7,65158,hgca_cma_refined
Rosenbrock_10D_M,v74,32,1,1074.4,65158,hgca_cma_refined
Rosenbrock_10D_M,v54,33,1,833.1,65156,hgca_cma_refined
Rosenbrock_10D_M,v71,33,1,825.5,65156,hgca_cma_refined
Rosenbrock_10D_M,v74a,33,1,1079.0,65156,hgca_cma_refined
Rosenbrock_10D_M,v74,33,1,1074.1,65156,hgca_cma_refined
Rosenbrock_10D_M,v54,34,1,719.2,57665,hgca_cma_refined
Rosenbrock_10D_M,v71,34,1,711.0,57665,hgca_cma_refined
Rosenbrock_10D_M,v74a,34,1,910.5,57665,hgca_cma_refined
Rosenbrock_10D_M,v74,34,1,909.8,57665,hgca_cma_refined
Rosenbrock_10D_M,v54,35,1,671.0,57681,hgca_cma_refined
Rosenbrock_10D_M,v71,35,1,671.1,57681,hgca_cma_refined
Rosenbrock_10D_M,v74a,35,1,895.9,57681,hgca_cma_refined
Rosenbrock_10D_M,v74,35,1,904.8,57681,hgca_cma_refined
Rosenbrock_10D_M,v54,36,1,895.9,65163,hgca_cma_refined
Rosenbrock_10D_M,v71,36,1,842.5,65163,hgca_cma_refined
Rosenbrock_10D_M,v74a,36,1,1089.0,65163,hgca_cma_refined
Rosenbrock_10D_M,v74,36,1,1119.8,65163,hgca_cma_refined
Rosenbrock_10D_M,v54,37,1,922.4,65156,hgca_cma_refined
Rosenbrock_10D_M,v71,37,1,892.5,65156,hgca_cma_refined
Rosenbrock_10D_M,v74a,37,1,1090.4,65156,hgca_cma_refined
Rosenbrock_10D_M,v74,37,1,1067.6,65156,hgca_cma_refined
Rosenbrock_10D_M,v54,38,1,852.0,64864,hgca_cma_refined
Rosenbrock_10D_M,v71,38,1,872.6,64864,hgca_cma_refined
Rosenbrock_10D_M,v74a,38,1,1105.7,64864,hgca_cma_refined
Rosenbrock_10D_M,v74,38,1,1081.5,64864,hgca_cma_refined
Rosenbrock_10D_M,v54,39,1,782.0,58620,hgca_cma_refined
Rosenbrock_10D_M,v71,39,1,784.4,58620,hgca_cma_refined
Rosenbrock_10D_M,v74a,39,1,1015.5,58620,hgca_cma_refined
Rosenbrock_10D_M,v74,39,1,998.4,58620,hgca_cma_refined
Rosenbrock_10D_M,v54,40,1,857.1,65150,hgca_cma_refined
Rosenbrock_10D_M,v71,40,1,870.0,65150,hgca_cma_refined
Rosenbrock_10D_M,v74a,40,1,1108.1,65150,hgca_cma_refined
Rosenbrock_10D_M,v74,40,1,1148.1,65150,hgca_cma_refined
Rosenbrock_10D_M,v54,41,1,722.4,57709,hgca_cma_refined
Rosenbrock_10D_M,v71,41,1,732.5,57709,hgca_cma_refined
Rosenbrock_10D_M,v74a,41,1,948.4,57709,hgca_cma_refined
Rosenbrock_10D_M,v74,41,1,964.1,57709,hgca_cma_refined
Rosenbrock_10D_M,v54,42,1,855.5,64866,hgca_cma_refined
Rosenbrock_10D_M,v71,42,1,847.4,64866,hgca_cma_refined
Rosenbrock_10D_M,v74a,42,1,1053.4,64866,hgca_cma_refined
Rosenbrock_10D_M,v74,42,1,1060.5,64866,hgca_cma_refined
Rosenbrock_10D_M,v54,43,1,783.5,57691,hgca_cma_refined
Rosenbrock_10D_M,v71,43,1,805.4,57691,hgca_cma_refined
Rosenbrock_10D_M,v74a,43,1,946.1,57691,hgca_cma_refined
Rosenbrock_10D_M,v74,43,1,957.3,57691,hgca_cma_refined
Rosenbrock_10D_M,v54,44,1,867.9,64880,hgca_cma_refined
Rosenbrock_10D_M,v71,44,1,869.8,64880,hgca_cma_refined
Rosenbrock_10D_M,v74a,44,1,1101.7,64880,hgca_cma_refined
Rosenbrock_10D_M,v74,44,1,1120.4,64880,hgca_cma_refined
Rosenbrock_10D_M,v54,45,1,869.0,64889,hgca_cma_refined
Rosenbrock_10D_M,v71,45,1,897.2,64889,hgca_cma_refined
Rosenbrock_10D_M,v74a,45,1,1146.4,64889,hgca_cma_refined
Rosenbrock_10D_M,v74,45,1,1114.4,64889,hgca_cma_refined
Rosenbrock_10D_M,v54,46,1,884.4,65558,hgca_cma_refined
Rosenbrock_10D_M,v71,46,1,897.5,65558,hgca_cma_refined
Rosenbrock_10D_M,v74a,46,1,1111.6,65558,hgca_cma_refined
Rosenbrock_10D_M,v74,46,1,1088.9,65558,hgca_cma_refined
Rosenbrock_10D_M,v54,47,1,782.9,58361,hgca_cma_refined
Rosenbrock_10D_M,v71,47,1,789.7,58361,hgca_cma_refined
Rosenbrock_10D_M,v74a,47,1,998.6,58361,hgca_cma_refined
Rosenbrock_10D_M,v74,47,1,989.0,58361,hgca_cma_refined
Rosenbrock_10D_M,v54,48,1,784.8,59745,hgca_cma_refined
Rosenbrock_10D_M,v71,48,1,766.3,59745,hgca_cma_refined
Rosenbrock_10D_M,v74a,48,1,990.2,59745,hgca_cma_refined
Rosenbrock_10D_M,v74,48,1,969.4,59745,hgca_cma_refined
Rosenbrock_10D_M,v54,49,1,714.6,57654,hgca_cma_refined
Rosenbrock_10D_M,v71,49,1,723.0,57654,hgca_cma_refined
Rosenbrock_10D_M,v74a,49,1,968.6,57654,hgca_cma_refined
Rosenbrock_10D_M,v74,49,1,968.0,57654,hgca_cma_refined
Rosenbrock_2D,v54,0,1,42.6,0,homotopy_direct
Rosenbrock_2D,v71,0,1,42.0,0,homotopy_direct
Rosenbrock_2D,v74a,0,1,133.0,0,homotopy_direct
Rosenbrock_2D,v74,0,1,124.0,0,homotopy_direct
Rosenbrock_2D,v54,1,1,1.1,24,direct_newton
Rosenbrock_2D,v71,1,1,1.0,24,direct_newton
Rosenbrock_2D,v74a,1,1,1.0,24,direct_newton
Rosenbrock_2D,v74,1,1,1.0,24,direct_newton
Rosenbrock_2D,v54,2,1,1.0,27,direct_newton
Rosenbrock_2D,v71,2,1,1.9,27,direct_newton
Rosenbrock_2D,v74a,2,1,1.0,27,direct_newton
Rosenbrock_2D,v74,2,1,1.0,27,direct_newton
Rosenbrock_2D,v54,3,1,1.0,26,direct_newton
Rosenbrock_2D,v71,3,1,1.0,26,direct_newton
Rosenbrock_2D,v74a,3,1,1.0,26,direct_newton
Rosenbrock_2D,v74,3,1,1.0,26,direct_newton
Rosenbrock_2D,v54,4,1,1.0,25,direct_newton
Rosenbrock_2D,v71,4,1,2.0,25,direct_newton
Rosenbrock_2D,v74a,4,1,1.0,25,direct_newton
Rosenbrock_2D,v74,4,1,1.0,25,direct_newton
Rosenbrock_2D,v54,5,1,1.0,27,direct_newton
Rosenbrock_2D,v71,5,1,2.0,27,direct_newton
Rosenbrock_2D,v74a,5,1,1.0,27,direct_newton
Rosenbrock_2D,v74,5,1,1.0,27,direct_newton
Rosenbrock_2D,v54,6,1,1.0,26,direct_newton
Rosenbrock_2D,v71,6,1,1.0,26,direct_newton
Rosenbrock_2D,v74a,6,1,1.0,26,direct_newton
Rosenbrock_2D,v74,6,1,1.0,26,direct_newton
Rosenbrock_2D,v54,7,1,1.0,28,direct_newton
Rosenbrock_2D,v71,7,1,1.0,28,direct_newton
Rosenbrock_2D,v74a,7,1,2.0,28,direct_newton
Rosenbrock_2D,v74,7,1,1.0,28,direct_newton
Rosenbrock_2D,v54,8,1,1.0,29,direct_newton
Rosenbrock_2D,v71,8,1,2.0,29,direct_newton
Rosenbrock_2D,v74a,8,1,1.0,29,direct_newton
Rosenbrock_2D,v74,8,1,1.0,29,direct_newton
Rosenbrock_2D,v54,9,1,1.0,23,direct_newton
Rosenbrock_2D,v71,9,1,2.0,23,direct_newton
Rosenbrock_2D,v74a,9,1,1.0,23,direct_newton
Rosenbrock_2D,v74,9,1,1.0,23,direct_newton
Rosenbrock_2D,v54,10,1,1.0,28,direct_newton
Rosenbrock_2D,v71,10,1,2.0,28,direct_newton
Rosenbrock_2D,v74a,10,1,1.0,28,direct_newton
Rosenbrock_2D,v74,10,1,1.0,28,direct_newton
Rosenbrock_2D,v54,11,1,1.0,24,direct_newton
Rosenbrock_2D,v71,11,1,1.0,24,direct_newton
Rosenbrock_2D,v74a,11,1,1.0,24,direct_newton
Rosenbrock_2D,v74,11,1,2.0,24,direct_newton
Rosenbrock_2D,v54,12,1,1.0,24,direct_newton
Rosenbrock_2D,v71,12,1,1.0,24,direct_newton
Rosenbrock_2D,v74a,12,1,1.0,24,direct_newton
Rosenbrock_2D,v74,12,1,1.0,24,direct_newton
Rosenbrock_2D,v54,13,1,1.0,26,direct_newton
Rosenbrock_2D,v71,13,1,1.0,26,direct_newton
Rosenbrock_2D,v74a,13,1,1.0,26,direct_newton
Rosenbrock_2D,v74,13,1,1.0,26,direct_newton
Rosenbrock_2D,v54,14,1,2.0,27,direct_newton
Rosenbrock_2D,v71,14,1,1.0,27,direct_newton
Rosenbrock_2D,v74a,14,1,1.0,27,direct_newton
Rosenbrock_2D,v74,14,1,1.0,27,direct_newton
Rosenbrock_2D,v54,15,1,1.0,27,direct_newton
Rosenbrock_2D,v71,15,1,1.0,27,direct_newton
Rosenbrock_2D,v74a,15,1,2.0,27,direct_newton
Rosenbrock_2D,v74,15,1,1.0,27,direct_newton
Rosenbrock_2D,v54,16,1,1.0,26,direct_newton
Rosenbrock_2D,v71,16,1,1.0,26,direct_newton
Rosenbrock_2D,v74a,16,1,1.0,26,direct_newton
Rosenbrock_2D,v74,16,1,1.0,26,direct_newton
Rosenbrock_2D,v54,17,1,2.0,27,direct_newton
Rosenbrock_2D,v71,17,1,1.0,27,direct_newton
Rosenbrock_2D,v74a,17,1,1.0,27,direct_newton
Rosenbrock_2D,v74,17,1,1.0,27,direct_newton
Rosenbrock_2D,v54,18,1,1.0,29,direct_newton
Rosenbrock_2D,v71,18,1,2.0,29,direct_newton
Rosenbrock_2D,v74a,18,1,1.0,29,direct_newton
Rosenbrock_2D,v74,18,1,2.0,29,direct_newton
Rosenbrock_2D,v54,19,1,1.0,27,direct_newton
Rosenbrock_2D,v71,19,1,1.0,27,direct_newton
Rosenbrock_2D,v74a,19,1,1.0,27,direct_newton
Rosenbrock_2D,v74,19,1,2.0,27,direct_newton
Rosenbrock_2D,v54,20,1,1.0,26,direct_newton
Rosenbrock_2D,v71,20,1,1.0,26,direct_newton
Rosenbrock_2D,v74a,20,1,1.0,26,direct_newton
Rosenbrock_2D,v74,20,1,1.0,26,direct_newton
Rosenbrock_2D,v54,21,1,1.0,24,direct_newton
Rosenbrock_2D,v71,21,1,2.0,24,direct_newton
Rosenbrock_2D,v74a,21,1,1.0,24,direct_newton
Rosenbrock_2D,v74,21,1,1.0,24,direct_newton
Rosenbrock_2D,v54,22,1,1.0,26,direct_newton
Rosenbrock_2D,v71,22,1,2.0,26,direct_newton
Rosenbrock_2D,v74a,22,1,1.0,26,direct_newton
Rosenbrock_2D,v74,22,1,1.0,26,direct_newton
Rosenbrock_2D,v54,23,1,1.0,25,direct_newton
Rosenbrock_2D,v71,23,1,1.0,25,direct_newton
Rosenbrock_2D,v74a,23,1,1.0,25,direct_newton
Rosenbrock_2D,v74,23,1,1.0,25,direct_newton
Rosenbrock_2D,v54,24,1,1.0,25,direct_newton
Rosenbrock_2D,v71,24,1,1.0,25,direct_newton
Rosenbrock_2D,v74a,24,1,1.0,25,direct_newton
Rosenbrock_2D,v74,24,1,1.0,25,direct_newton
Rosenbrock_2D,v54,25,1,1.0,27,direct_newton
Rosenbrock_2D,v71,25,1,1.0,27,direct_newton
Rosenbrock_2D,v74a,25,1,1.0,27,direct_newton
Rosenbrock_2D,v74,25,1,2.0,27,direct_newton
Rosenbrock_2D,v54,26,1,1.0,27,direct_newton
Rosenbrock_2D,v71,26,1,1.0,27,direct_newton
Rosenbrock_2D,v74a,26,1,1.0,27,direct_newton
Rosenbrock_2D,v74,26,1,1.0,27,direct_newton
Rosenbrock_2D,v54,27,1,1.0,26,direct_newton
Rosenbrock_2D,v71,27,1,2.0,26,direct_newton
Rosenbrock_2D,v74a,27,1,1.0,26,direct_newton
Rosenbrock_2D,v74,27,1,1.0,26,direct_newton
Rosenbrock_2D,v54,28,1,1.0,27,direct_newton
Rosenbrock_2D,v71,28,1,1.0,27,direct_newton
Rosenbrock_2D,v74a,28,1,1.0,27,direct_newton
Rosenbrock_2D,v74,28,1,1.0,27,direct_newton
Rosenbrock_2D,v54,29,1,1.0,27,direct_newton
Rosenbrock_2D,v71,29,1,1.0,27,direct_newton
Rosenbrock_2D,v74a,29,1,1.0,27,direct_newton
Rosenbrock_2D,v74,29,1,1.0,27,direct_newton
Rosenbrock_2D,v54,30,1,1.0,25,direct_newton
Rosenbrock_2D,v71,30,1,1.0,25,direct_newton
Rosenbrock_2D,v74a,30,1,1.0,25,direct_newton
Rosenbrock_2D,v74,30,1,2.0,25,direct_newton
Rosenbrock_2D,v54,31,1,1.0,27,direct_newton
Rosenbrock_2D,v71,31,1,1.0,27,direct_newton
Rosenbrock_2D,v74a,31,1,1.0,27,direct_newton
Rosenbrock_2D,v74,31,1,1.0,27,direct_newton
Rosenbrock_2D,v54,32,1,1.0,27,direct_newton
Rosenbrock_2D,v71,32,1,2.0,27,direct_newton
Rosenbrock_2D,v74a,32,1,1.1,27,direct_newton
Rosenbrock_2D,v74,32,1,1.0,27,direct_newton
Rosenbrock_2D,v54,33,1,1.0,28,direct_newton
Rosenbrock_2D,v71,33,1,1.0,28,direct_newton
Rosenbrock_2D,v74a,33,1,1.0,28,direct_newton
Rosenbrock_2D,v74,33,1,0.9,28,direct_newton
Rosenbrock_2D,v54,34,1,2.1,26,direct_newton
Rosenbrock_2D,v71,34,1,1.0,26,direct_newton
Rosenbrock_2D,v74a,34,1,1.0,26,direct_newton
Rosenbrock_2D,v74,34,1,1.0,26,direct_newton
Rosenbrock_2D,v54,35,1,0.9,26,direct_newton
Rosenbrock_2D,v71,35,1,1.1,26,direct_newton
Rosenbrock_2D,v74a,35,1,1.0,26,direct_newton
Rosenbrock_2D,v74,35,1,1.0,26,direct_newton
Rosenbrock_2D,v54,36,1,2.0,27,direct_newton
Rosenbrock_2D,v71,36,1,0.9,27,direct_newton
Rosenbrock_2D,v74a,36,1,1.1,27,direct_newton
Rosenbrock_2D,v74,36,1,1.0,27,direct_newton
Rosenbrock_2D,v54,37,1,1.0,28,direct_newton
Rosenbrock_2D,v71,37,1,1.0,28,direct_newton
Rosenbrock_2D,v74a,37,1,1.9,28,direct_newton
Rosenbrock_2D,v74,37,1,1.0,28,direct_newton
Rosenbrock_2D,v54,38,1,1.0,26,direct_newton
Rosenbrock_2D,v71,38,1,1.0,26,direct_newton
Rosenbrock_2D,v74a,38,1,1.0,26,direct_newton
Rosenbrock_2D,v74,38,1,2.0,26,direct_newton
Rosenbrock_2D,v54,39,1,1.0,23,direct_newton
Rosenbrock_2D,v71,39,1,1.0,23,direct_newton
Rosenbrock_2D,v74a,39,1,1.0,23,direct_newton
Rosenbrock_2D,v74,39,1,1.0,23,direct_newton
Rosenbrock_2D,v54,40,1,1.0,26,direct_newton
Rosenbrock_2D,v71,40,1,1.0,26,direct_newton
Rosenbrock_2D,v74a,40,1,1.0,26,direct_newton
Rosenbrock_2D,v74,40,1,1.0,26,direct_newton
Rosenbrock_2D,v54,41,1,2.0,28,direct_newton
Rosenbrock_2D,v71,41,1,1.0,28,direct_newton
Rosenbrock_2D,v74a,41,1,1.0,28,direct_newton
Rosenbrock_2D,v74,41,1,1.0,28,direct_newton
Rosenbrock_2D,v54,42,1,1.0,29,direct_newton
Rosenbrock_2D,v71,42,1,2.0,29,direct_newton
Rosenbrock_2D,v74a,42,1,1.0,29,direct_newton
Rosenbrock_2D,v74,42,1,1.0,29,direct_newton
Rosenbrock_2D,v54,43,1,2.0,25,direct_newton
Rosenbrock_2D,v71,43,1,1.0,25,direct_newton
Rosenbrock_2D,v74a,43,1,1.0,25,direct_newton
Rosenbrock_2D,v74,43,1,1.0,25,direct_newton
Rosenbrock_2D,v54,44,1,1.0,25,direct_newton
Rosenbrock_2D,v71,44,1,1.0,25,direct_newton
Rosenbrock_2D,v74a,44,1,1.0,25,direct_newton
Rosenbrock_2D,v74,44,1,1.0,25,direct_newton
Rosenbrock_2D,v54,45,1,2.0,26,direct_newton
Rosenbrock_2D,v71,45,1,1.0,26,direct_newton
Rosenbrock_2D,v74a,45,1,1.0,26,direct_newton
Rosenbrock_2D,v74,45,1,1.0,26,direct_newton
Rosenbrock_2D,v54,46,1,1.0,24,direct_newton
Rosenbrock_2D,v71,46,1,1.0,24,direct_newton
Rosenbrock_2D,v74a,46,1,1.0,24,direct_newton
Rosenbrock_2D,v74,46,1,1.0,24,direct_newton
Rosenbrock_2D,v54,47,1,35.0,2991,hgca_cma_refined
Rosenbrock_2D,v71,47,1,39.5,2991,hgca_cma_refined
Rosenbrock_2D,v74a,47,1,115.0,2991,hgca_cma_refined
Rosenbrock_2D,v74,47,1,115.1,2991,hgca_cma_refined
Rosenbrock_2D,v54,48,1,0.9,27,direct_newton
Rosenbrock_2D,v71,48,1,2.0,27,direct_newton
Rosenbrock_2D,v74a,48,1,1.0,27,direct_newton
Rosenbrock_2D,v74,48,1,1.0,27,direct_newton
Rosenbrock_2D,v54,49,1,1.0,24,direct_newton
Rosenbrock_2D,v71,49,1,1.0,24,direct_newton
Rosenbrock_2D,v74a,49,1,1.0,24,direct_newton
Rosenbrock_2D,v74,49,1,1.0,24,direct_newton
Rosenbrock_2D_C,v54,0,1,3.0,68,direct_newton
Rosenbrock_2D_C,v71,0,1,2.0,68,direct_newton
Rosenbrock_2D_C,v74a,0,1,3.1,68,direct_newton
Rosenbrock_2D_C,v74,0,1,2.9,68,direct_newton
Rosenbrock_2D_C,v54,1,1,3.0,81,direct_newton
Rosenbrock_2D_C,v71,1,1,4.0,81,direct_newton
Rosenbrock_2D_C,v74a,1,1,3.0,81,direct_newton
Rosenbrock_2D_C,v74,1,1,4.0,81,direct_newton
Rosenbrock_2D_C,v54,2,1,3.0,66,direct_newton
Rosenbrock_2D_C,v71,2,1,2.0,66,direct_newton
Rosenbrock_2D_C,v74a,2,1,3.0,66,direct_newton
Rosenbrock_2D_C,v74,2,1,3.0,66,direct_newton
Rosenbrock_2D_C,v54,3,1,2.0,66,direct_newton
Rosenbrock_2D_C,v71,3,1,3.0,66,direct_newton
Rosenbrock_2D_C,v74a,3,1,3.0,66,direct_newton
Rosenbrock_2D_C,v74,3,1,2.0,66,direct_newton
Rosenbrock_2D_C,v54,4,1,3.0,73,direct_newton
Rosenbrock_2D_C,v71,4,1,4.0,73,direct_newton
Rosenbrock_2D_C,v74a,4,1,3.0,73,direct_newton
Rosenbrock_2D_C,v74,4,1,3.0,73,direct_newton
Rosenbrock_2D_C,v54,5,1,3.0,71,direct_newton
Rosenbrock_2D_C,v71,5,1,3.0,71,direct_newton
Rosenbrock_2D_C,v74a,5,1,3.0,71,direct_newton
Rosenbrock_2D_C,v74,5,1,3.0,71,direct_newton
Rosenbrock_2D_C,v54,6,1,3.0,74,direct_newton
Rosenbrock_2D_C,v71,6,1,3.0,74,direct_newton
Rosenbrock_2D_C,v74a,6,1,3.0,74,direct_newton
Rosenbrock_2D_C,v74,6,1,3.0,74,direct_newton
Rosenbrock_2D_C,v54,7,1,3.0,74,direct_newton
Rosenbrock_2D_C,v71,7,1,3.0,74,direct_newton
Rosenbrock_2D_C,v74a,7,1,3.0,74,direct_newton
Rosenbrock_2D_C,v74,7,1,4.0,74,direct_newton
Rosenbrock_2D_C,v54,8,1,3.0,78,direct_newton
Rosenbrock_2D_C,v71,8,1,3.0,78,direct_newton
Rosenbrock_2D_C,v74a,8,1,3.0,78,direct_newton
Rosenbrock_2D_C,v74,8,1,4.0,78,direct_newton
Rosenbrock_2D_C,v54,9,1,3.0,73,direct_newton
Rosenbrock_2D_C,v71,9,1,3.0,73,direct_newton
Rosenbrock_2D_C,v74a,9,1,3.0,73,direct_newton
Rosenbrock_2D_C,v74,9,1,3.0,73,direct_newton
Rosenbrock_2D_C,v54,10,1,3.0,70,direct_newton
Rosenbrock_2D_C,v71,10,1,3.0,70,direct_newton
Rosenbrock_2D_C,v74a,10,1,3.0,70,direct_newton
Rosenbrock_2D_C,v74,10,1,3.0,70,direct_newton
Rosenbrock_2D_C,v54,11,1,3.0,79,direct_newton
Rosenbrock_2D_C,v71,11,1,4.0,79,direct_newton
Rosenbrock_2D_C,v74a,11,1,3.0,79,direct_newton
Rosenbrock_2D_C,v74,11,1,3.0,79,direct_newton
Rosenbrock_2D_C,v54,12,1,3.0,73,direct_newton
Rosenbrock_2D_C,v71,12,1,3.0,73,direct_newton
Rosenbrock_2D_C,v74a,12,1,3.0,73,direct_newton
Rosenbrock_2D_C,v74,12,1,4.0,73,direct_newton
Rosenbrock_2D_C,v54,13,1,3.0,82,direct_newton
Rosenbrock_2D_C,v71,13,1,3.0,82,direct_newton
Rosenbrock_2D_C,v74a,13,1,4.0,82,direct_newton
Rosenbrock_2D_C,v74,13,1,3.0,82,direct_newton
Rosenbrock_2D_C,v54,14,1,3.0,73,direct_newton
Rosenbrock_2D_C,v71,14,1,3.0,73,direct_newton
Rosenbrock_2D_C,v74a,14,1,3.0,73,direct_newton
Rosenbrock_2D_C,v74,14,1,3.0,73,direct_newton
Rosenbrock_2D_C,v54,15,1,3.0,67,direct_newton
Rosenbrock_2D_C,v71,15,1,2.0,67,direct_newton
Rosenbrock_2D_C,v74a,15,1,3.0,67,direct_newton
Rosenbrock_2D_C,v74,15,1,3.0,67,direct_newton
Rosenbrock_2D_C,v54,16,1,3.0,72,direct_newton
Rosenbrock_2D_C,v71,16,1,3.0,72,direct_newton
Rosenbrock_2D_C,v74a,16,1,3.0,72,direct_newton
Rosenbrock_2D_C,v74,16,1,3.0,72,direct_newton
Rosenbrock_2D_C,v54,17,1,2.0,66,direct_newton
Rosenbrock_2D_C,v71,17,1,3.0,66,direct_newton
Rosenbrock_2D_C,v74a,17,1,3.0,66,direct_newton
Rosenbrock_2D_C,v74,17,1,3.0,66,direct_newton
Rosenbrock_2D_C,v54,18,1,3.0,70,direct_newton
Rosenbrock_2D_C,v71,18,1,2.0,70,direct_newton
Rosenbrock_2D_C,v74a,18,1,3.0,70,direct_newton
Rosenbrock_2D_C,v74,18,1,3.0,70,direct_newton
Rosenbrock_2D_C,v54,19,1,3.0,68,direct_newton
Rosenbrock_2D_C,v71,19,1,3.0,68,direct_newton
Rosenbrock_2D_C,v74a,19,1,3.0,68,direct_newton
Rosenbrock_2D_C,v74,19,1,3.0,68,direct_newton
Rosenbrock_2D_C,v54,20,1,3.0,73,direct_newton
Rosenbrock_2D_C,v71,20,1,3.0,73,direct_newton
Rosenbrock_2D_C,v74a,20,1,3.0,73,direct_newton
Rosenbrock_2D_C,v74,20,1,4.0,73,direct_newton
Rosenbrock_2D_C,v54,21,1,3.0,70,direct_newton
Rosenbrock_2D_C,v71,21,1,2.0,70,direct_newton
Rosenbrock_2D_C,v74a,21,1,3.0,70,direct_newton
Rosenbrock_2D_C,v74,21,1,3.0,70,direct_newton
Rosenbrock_2D_C,v54,22,1,3.0,65,direct_newton
Rosenbrock_2D_C,v71,22,1,3.0,65,direct_newton
Rosenbrock_2D_C,v74a,22,1,3.0,65,direct_newton
Rosenbrock_2D_C,v74,22,1,3.0,65,direct_newton
Rosenbrock_2D_C,v54,23,1,3.0,69,direct_newton
Rosenbrock_2D_C,v71,23,1,3.0,69,direct_newton
Rosenbrock_2D_C,v74a,23,1,2.0,69,direct_newton
Rosenbrock_2D_C,v74,23,1,3.0,69,direct_newton
Rosenbrock_2D_C,v54,24,1,3.0,75,direct_newton
Rosenbrock_2D_C,v71,24,1,3.0,75,direct_newton
Rosenbrock_2D_C,v74a,24,1,3.0,75,direct_newton
Rosenbrock_2D_C,v74,24,1,4.0,75,direct_newton
Rosenbrock_2D_C,v54,25,1,3.0,78,direct_newton
Rosenbrock_2D_C,v71,25,1,3.0,78,direct_newton
Rosenbrock_2D_C,v74a,25,1,4.0,78,direct_newton
Rosenbrock_2D_C,v74,25,1,3.0,78,direct_newton
Rosenbrock_2D_C,v54,26,1,3.0,73,direct_newton
Rosenbrock_2D_C,v71,26,1,3.0,73,direct_newton
Rosenbrock_2D_C,v74a,26,1,3.0,73,direct_newton
Rosenbrock_2D_C,v74,26,1,3.0,73,direct_newton
Rosenbrock_2D_C,v54,27,1,3.0,73,direct_newton
Rosenbrock_2D_C,v71,27,1,3.0,73,direct_newton
Rosenbrock_2D_C,v74a,27,1,3.0,73,direct_newton
Rosenbrock_2D_C,v74,27,1,3.0,73,direct_newton
Rosenbrock_2D_C,v54,28,1,3.0,70,direct_newton
Rosenbrock_2D_C,v71,28,1,3.0,70,direct_newton
Rosenbrock_2D_C,v74a,28,1,3.0,70,direct_newton
Rosenbrock_2D_C,v74,28,1,3.0,70,direct_newton
Rosenbrock_2D_C,v54,29,1,3.0,73,direct_newton
Rosenbrock_2D_C,v71,29,1,3.0,73,direct_newton
Rosenbrock_2D_C,v74a,29,1,3.0,73,direct_newton
Rosenbrock_2D_C,v74,29,1,3.0,73,direct_newton
Rosenbrock_2D_C,v54,30,1,3.0,61,direct_newton
Rosenbrock_2D_C,v71,30,1,2.0,61,direct_newton
Rosenbrock_2D_C,v74a,30,1,5.0,61,direct_newton
Rosenbrock_2D_C,v74,30,1,4.0,61,direct_newton
Rosenbrock_2D_C,v54,31,1,2.0,67,direct_newton
Rosenbrock_2D_C,v71,31,1,3.0,67,direct_newton
Rosenbrock_2D_C,v74a,31,1,3.0,67,direct_newton
Rosenbrock_2D_C,v74,31,1,3.0,67,direct_newton
Rosenbrock_2D_C,v54,32,1,3.1,71,direct_newton
Rosenbrock_2D_C,v71,32,1,2.9,71,direct_newton
Rosenbrock_2D_C,v74a,32,1,3.1,71,direct_newton
Rosenbrock_2D_C,v74,32,1,2.9,71,direct_newton
Rosenbrock_2D_C,v54,33,1,3.1,70,direct_newton
Rosenbrock_2D_C,v71,33,1,2.0,70,direct_newton
Rosenbrock_2D_C,v74a,33,1,2.9,70,direct_newton
Rosenbrock_2D_C,v74,33,1,3.0,70,direct_newton
Rosenbrock_2D_C,v54,34,1,3.0,79,direct_newton
Rosenbrock_2D_C,v71,34,1,3.0,79,direct_newton
Rosenbrock_2D_C,v74a,34,1,3.0,79,direct_newton
Rosenbrock_2D_C,v74,34,1,4.0,79,direct_newton
Rosenbrock_2D_C,v54,35,1,2.0,64,direct_newton
Rosenbrock_2D_C,v71,35,1,3.0,64,direct_newton
Rosenbrock_2D_C,v74a,35,1,3.0,64,direct_newton
Rosenbrock_2D_C,v74,35,1,2.0,64,direct_newton
Rosenbrock_2D_C,v54,36,1,3.1,65,direct_newton
Rosenbrock_2D_C,v71,36,1,3.0,65,direct_newton
Rosenbrock_2D_C,v74a,36,1,2.9,65,direct_newton
Rosenbrock_2D_C,v74,36,1,2.0,65,direct_newton
Rosenbrock_2D_C,v54,37,1,3.0,66,direct_newton
Rosenbrock_2D_C,v71,37,1,2.0,66,direct_newton
Rosenbrock_2D_C,v74a,37,1,3.0,66,direct_newton
Rosenbrock_2D_C,v74,37,1,3.0,66,direct_newton
Rosenbrock_2D_C,v54,38,1,3.0,74,direct_newton
Rosenbrock_2D_C,v71,38,1,3.0,74,direct_newton
Rosenbrock_2D_C,v74a,38,1,3.0,74,direct_newton
Rosenbrock_2D_C,v74,38,1,3.0,74,direct_newton
Rosenbrock_2D_C,v54,39,1,2.0,65,direct_newton
Rosenbrock_2D_C,v71,39,1,3.0,65,direct_newton
Rosenbrock_2D_C,v74a,39,1,3.0,65,direct_newton
Rosenbrock_2D_C,v74,39,1,3.0,65,direct_newton
Rosenbrock_2D_C,v54,40,1,3.0,71,direct_newton
Rosenbrock_2D_C,v71,40,1,3.0,71,direct_newton
Rosenbrock_2D_C,v74a,40,1,3.0,71,direct_newton
Rosenbrock_2D_C,v74,40,1,3.0,71,direct_newton
Rosenbrock_2D_C,v54,41,1,3.0,71,direct_newton
Rosenbrock_2D_C,v71,41,1,4.0,71,direct_newton
Rosenbrock_2D_C,v74a,41,1,4.0,71,direct_newton
Rosenbrock_2D_C,v74,41,1,3.0,71,direct_newton
Rosenbrock_2D_C,v54,42,1,3.1,72,direct_newton
Rosenbrock_2D_C,v71,42,1,2.5,72,direct_newton
Rosenbrock_2D_C,v74a,42,1,4.0,72,direct_newton
Rosenbrock_2D_C,v74,42,1,2.0,72,direct_newton
Rosenbrock_2D_C,v54,43,1,3.0,67,direct_newton
Rosenbrock_2D_C,v71,43,1,2.0,67,direct_newton
Rosenbrock_2D_C,v74a,43,1,3.0,67,direct_newton
Rosenbrock_2D_C,v74,43,1,3.0,67,direct_newton
Rosenbrock_2D_C,v54,44,1,3.0,71,direct_newton
Rosenbrock_2D_C,v71,44,1,4.0,71,direct_newton
Rosenbrock_2D_C,v74a,44,1,7.0,71,direct_newton
Rosenbrock_2D_C,v74,44,1,7.0,71,direct_newton
Rosenbrock_2D_C,v54,45,1,3.0,70,direct_newton
Rosenbrock_2D_C,v71,45,1,3.0,70,direct_newton
Rosenbrock_2D_C,v74a,45,1,2.0,70,direct_newton
Rosenbrock_2D_C,v74,45,1,3.0,70,direct_newton
Rosenbrock_2D_C,v54,46,1,3.0,66,direct_newton
Rosenbrock_2D_C,v71,46,1,2.0,66,direct_newton
Rosenbrock_2D_C,v74a,46,1,3.0,66,direct_newton
Rosenbrock_2D_C,v74,46,1,2.1,66,direct_newton
Rosenbrock_2D_C,v54,47,1,2.9,70,direct_newton
Rosenbrock_2D_C,v71,47,1,2.9,70,direct_newton
Rosenbrock_2D_C,v74a,47,1,2.0,70,direct_newton
Rosenbrock_2D_C,v74,47,1,3.0,70,direct_newton
Rosenbrock_2D_C,v54,48,1,2.1,74,direct_newton
Rosenbrock_2D_C,v71,48,1,2.0,74,direct_newton
Rosenbrock_2D_C,v74a,48,1,3.0,74,direct_newton
Rosenbrock_2D_C,v74,48,1,3.0,74,direct_newton
Rosenbrock_2D_C,v54,49,1,2.0,68,direct_newton
Rosenbrock_2D_C,v71,49,1,3.0,68,direct_newton
Rosenbrock_2D_C,v74a,49,1,3.0,68,direct_newton
Rosenbrock_2D_C,v74,49,1,2.0,68,direct_newton
Rosenbrock_2D_E,v54,0,1,4.1,101,direct_newton
Rosenbrock_2D_E,v71,0,1,3.9,101,direct_newton
Rosenbrock_2D_E,v74a,0,1,5.0,101,direct_newton
Rosenbrock_2D_E,v74,0,1,4.1,101,direct_newton
Rosenbrock_2D_E,v54,1,1,4.0,113,direct_newton
Rosenbrock_2D_E,v71,1,1,4.9,113,direct_newton
Rosenbrock_2D_E,v74a,1,1,4.0,113,direct_newton
Rosenbrock_2D_E,v74,1,1,4.0,113,direct_newton
Rosenbrock_2D_E,v54,2,1,4.1,99,direct_newton
Rosenbrock_2D_E,v71,2,1,3.9,99,direct_newton
Rosenbrock_2D_E,v74a,2,1,4.0,99,direct_newton
Rosenbrock_2D_E,v74,2,1,4.0,99,direct_newton
Rosenbrock_2D_E,v54,3,1,4.1,103,direct_newton
Rosenbrock_2D_E,v71,3,1,4.0,103,direct_newton
Rosenbrock_2D_E,v74a,3,1,4.0,103,direct_newton
Rosenbrock_2D_E,v74,3,1,4.9,103,direct_newton
Rosenbrock_2D_E,v54,4,1,4.1,104,direct_newton
Rosenbrock_2D_E,v71,4,1,4.0,104,direct_newton
Rosenbrock_2D_E,v74a,4,1,5.0,104,direct_newton
Rosenbrock_2D_E,v74,4,1,4.0,104,direct_newton
Rosenbrock_2D_E,v54,5,1,3.9,106,direct_newton
Rosenbrock_2D_E,v71,5,1,4.1,106,direct_newton
Rosenbrock_2D_E,v74a,5,1,5.0,106,direct_newton
Rosenbrock_2D_E,v74,5,1,3.9,106,direct_newton
Rosenbrock_2D_E,v54,6,1,5.0,109,direct_newton
Rosenbrock_2D_E,v71,6,1,4.0,109,direct_newton
Rosenbrock_2D_E,v74a,6,1,5.1,109,direct_newton
Rosenbrock_2D_E,v74,6,1,3.9,109,direct_newton
Rosenbrock_2D_E,v54,7,1,4.1,110,direct_newton
Rosenbrock_2D_E,v71,7,1,4.9,110,direct_newton
Rosenbrock_2D_E,v74a,7,1,4.0,110,direct_newton
Rosenbrock_2D_E,v74,7,1,5.1,110,direct_newton
Rosenbrock_2D_E,v54,8,1,4.0,97,direct_newton
Rosenbrock_2D_E,v71,8,1,3.9,97,direct_newton
Rosenbrock_2D_E,v74a,8,1,4.0,97,direct_newton
Rosenbrock_2D_E,v74,8,1,4.0,97,direct_newton
Rosenbrock_2D_E,v54,9,1,4.4,107,direct_newton
Rosenbrock_2D_E,v71,9,1,4.6,107,direct_newton
Rosenbrock_2D_E,v74a,9,1,4.0,107,direct_newton
Rosenbrock_2D_E,v74,9,1,4.0,107,direct_newton
Rosenbrock_2D_E,v54,10,1,4.0,100,direct_newton
Rosenbrock_2D_E,v71,10,1,4.1,100,direct_newton
Rosenbrock_2D_E,v74a,10,1,3.0,100,direct_newton
Rosenbrock_2D_E,v74,10,1,5.0,100,direct_newton
Rosenbrock_2D_E,v54,11,1,3.9,106,direct_newton
Rosenbrock_2D_E,v71,11,1,8.1,106,direct_newton
Rosenbrock_2D_E,v74a,11,1,4.9,106,direct_newton
Rosenbrock_2D_E,v74,11,1,4.0,106,direct_newton
Rosenbrock_2D_E,v54,12,1,4.0,98,direct_newton
Rosenbrock_2D_E,v71,12,1,4.0,98,direct_newton
Rosenbrock_2D_E,v74a,12,1,5.0,98,direct_newton
Rosenbrock_2D_E,v74,12,1,4.0,98,direct_newton
Rosenbrock_2D_E,v54,13,1,4.1,98,direct_newton
Rosenbrock_2D_E,v71,13,1,5.0,98,direct_newton
Rosenbrock_2D_E,v74a,13,1,5.0,98,direct_newton
Rosenbrock_2D_E,v74,13,1,4.0,98,direct_newton
Rosenbrock_2D_E,v54,14,1,5.1,109,direct_newton
Rosenbrock_2D_E,v71,14,1,4.9,109,direct_newton
Rosenbrock_2D_E,v74a,14,1,4.0,109,direct_newton
Rosenbrock_2D_E,v74,14,1,5.0,109,direct_newton
Rosenbrock_2D_E,v54,15,1,4.0,106,direct_newton
Rosenbrock_2D_E,v71,15,1,4.0,106,direct_newton
Rosenbrock_2D_E,v74a,15,1,4.0,106,direct_newton
Rosenbrock_2D_E,v74,15,1,4.0,106,direct_newton
Rosenbrock_2D_E,v54,16,1,5.0,113,direct_newton
Rosenbrock_2D_E,v71,16,1,4.0,113,direct_newton
Rosenbrock_2D_E,v74a,16,1,5.0,113,direct_newton
Rosenbrock_2D_E,v74,16,1,4.0,113,direct_newton
Rosenbrock_2D_E,v54,17,1,4.0,98,direct_newton
Rosenbrock_2D_E,v71,17,1,4.0,98,direct_newton
Rosenbrock_2D_E,v74a,17,1,4.0,98,direct_newton
Rosenbrock_2D_E,v74,17,1,4.0,98,direct_newton
Rosenbrock_2D_E,v54,18,1,5.0,104,direct_newton
Rosenbrock_2D_E,v71,18,1,4.0,104,direct_newton
Rosenbrock_2D_E,v74a,18,1,4.0,104,direct_newton
Rosenbrock_2D_E,v74,18,1,5.0,104,direct_newton
Rosenbrock_2D_E,v54,19,1,4.0,93,direct_newton
Rosenbrock_2D_E,v71,19,1,4.0,93,direct_newton
Rosenbrock_2D_E,v74a,19,1,4.0,93,direct_newton
Rosenbrock_2D_E,v74,19,1,4.0,93,direct_newton
Rosenbrock_2D_E,v54,20,1,4.0,108,direct_newton
Rosenbrock_2D_E,v71,20,1,4.0,108,direct_newton
Rosenbrock_2D_E,v74a,20,1,5.0,108,direct_newton
Rosenbrock_2D_E,v74,20,1,4.0,108,direct_newton
Rosenbrock_2D_E,v54,21,1,4.0,105,direct_newton
Rosenbrock_2D_E,v71,21,1,5.0,105,direct_newton
Rosenbrock_2D_E,v74a,21,1,4.0,105,direct_newton
Rosenbrock_2D_E,v74,21,1,4.0,105,direct_newton
Rosenbrock_2D_E,v54,22,1,4.0,99,direct_newton
Rosenbrock_2D_E,v71,22,1,4.0,99,direct_newton
Rosenbrock_2D_E,v74a,22,1,4.0,99,direct_newton
Rosenbrock_2D_E,v74,22,1,4.0,99,direct_newton
Rosenbrock_2D_E,v54,23,1,4.0,108,direct_newton
Rosenbrock_2D_E,v71,23,1,5.0,108,direct_newton
Rosenbrock_2D_E,v74a,23,1,4.0,108,direct_newton
Rosenbrock_2D_E,v74,23,1,4.0,108,direct_newton
Rosenbrock_2D_E,v54,24,1,5.0,102,direct_newton
Rosenbrock_2D_E,v71,24,1,4.0,102,direct_newton
Rosenbrock_2D_E,v74a,24,1,4.0,102,direct_newton
Rosenbrock_2D_E,v74,24,1,4.0,102,direct_newton
Rosenbrock_2D_E,v54,25,1,4.0,99,direct_newton
Rosenbrock_2D_E,v71,25,1,4.0,99,direct_newton
Rosenbrock_2D_E,v74a,25,1,4.0,99,direct_newton
Rosenbrock_2D_E,v74,25,1,4.0,99,direct_newton
Rosenbrock_2D_E,v54,26,1,4.0,93,direct_newton
Rosenbrock_2D_E,v71,26,1,3.0,93,direct_newton
Rosenbrock_2D_E,v74a,26,1,4.0,93,direct_newton
Rosenbrock_2D_E,v74,26,1,4.0,93,direct_newton
Rosenbrock_2D_E,v54,27,1,5.0,104,direct_newton
Rosenbrock_2D_E,v71,27,1,4.0,104,direct_newton
Rosenbrock_2D_E,v74a,27,1,4.0,104,direct_newton
Rosenbrock_2D_E,v74,27,1,5.0,104,direct_newton
Rosenbrock_2D_E,v54,28,1,4.0,111,direct_newton
Rosenbrock_2D_E,v71,28,1,5.0,111,direct_newton
Rosenbrock_2D_E,v74a,28,1,5.0,111,direct_newton
Rosenbrock_2D_E,v74,28,1,5.0,111,direct_newton
Rosenbrock_2D_E,v54,29,1,4.5,107,direct_newton
Rosenbrock_2D_E,v71,29,1,4.0,107,direct_newton
Rosenbrock_2D_E,v74a,29,1,5.0,107,direct_newton
Rosenbrock_2D_E,v74,29,1,5.0,107,direct_newton
Rosenbrock_2D_E,v54,30,1,5.0,103,direct_newton
Rosenbrock_2D_E,v71,30,1,4.0,103,direct_newton
Rosenbrock_2D_E,v74a,30,1,4.0,103,direct_newton
Rosenbrock_2D_E,v74,30,1,5.0,103,direct_newton
Rosenbrock_2D_E,v54,31,1,4.0,108,direct_newton
Rosenbrock_2D_E,v71,31,1,4.0,108,direct_newton
Rosenbrock_2D_E,v74a,31,1,5.0,108,direct_newton
Rosenbrock_2D_E,v74,31,1,4.0,108,direct_newton
Rosenbrock_2D_E,v54,32,1,4.0,104,direct_newton
Rosenbrock_2D_E,v71,32,1,5.0,104,direct_newton
Rosenbrock_2D_E,v74a,32,1,4.0,104,direct_newton
Rosenbrock_2D_E,v74,32,1,4.0,104,direct_newton
Rosenbrock_2D_E,v54,33,1,4.0,94,direct_newton
Rosenbrock_2D_E,v71,33,1,4.0,94,direct_newton
Rosenbrock_2D_E,v74a,33,1,5.0,94,direct_newton
Rosenbrock_2D_E,v74,33,1,3.0,94,direct_newton
Rosenbrock_2D_E,v54,34,1,4.0,115,direct_newton
Rosenbrock_2D_E,v71,34,1,5.0,115,direct_newton
Rosenbrock_2D_E,v74a,34,1,5.0,115,direct_newton
Rosenbrock_2D_E,v74,34,1,4.0,115,direct_newton
Rosenbrock_2D_E,v54,35,1,4.0,98,direct_newton
Rosenbrock_2D_E,v71,35,1,5.0,98,direct_newton
Rosenbrock_2D_E,v74a,35,1,4.0,98,direct_newton
Rosenbrock_2D_E,v74,35,1,4.0,98,direct_newton
Rosenbrock_2D_E,v54,36,1,4.0,106,direct_newton
Rosenbrock_2D_E,v71,36,1,5.0,106,direct_newton
Rosenbrock_2D_E,v74a,36,1,4.0,106,direct_newton
Rosenbrock_2D_E,v74,36,1,4.0,106,direct_newton
Rosenbrock_2D_E,v54,37,1,4.0,107,direct_newton
Rosenbrock_2D_E,v71,37,1,5.0,107,direct_newton
Rosenbrock_2D_E,v74a,37,1,4.0,107,direct_newton
Rosenbrock_2D_E,v74,37,1,5.0,107,direct_newton
Rosenbrock_2D_E,v54,38,1,4.0,98,direct_newton
Rosenbrock_2D_E,v71,38,1,4.0,98,direct_newton
Rosenbrock_2D_E,v74a,38,1,4.0,98,direct_newton
Rosenbrock_2D_E,v74,38,1,4.0,98,direct_newton
Rosenbrock_2D_E,v54,39,1,4.0,109,direct_newton
Rosenbrock_2D_E,v71,39,1,5.0,109,direct_newton
Rosenbrock_2D_E,v74a,39,1,4.0,109,direct_newton
Rosenbrock_2D_E,v74,39,1,5.0,109,direct_newton
Rosenbrock_2D_E,v54,40,1,4.0,102,direct_newton
Rosenbrock_2D_E,v71,40,1,4.0,102,direct_newton
Rosenbrock_2D_E,v74a,40,1,5.0,102,direct_newton
Rosenbrock_2D_E,v74,40,1,4.0,102,direct_newton
Rosenbrock_2D_E,v54,41,1,4.0,106,direct_newton
Rosenbrock_2D_E,v71,41,1,4.0,106,direct_newton
Rosenbrock_2D_E,v74a,41,1,5.0,106,direct_newton
Rosenbrock_2D_E,v74,41,1,4.0,106,direct_newton
Rosenbrock_2D_E,v54,42,1,4.0,96,direct_newton
Rosenbrock_2D_E,v71,42,1,4.0,96,direct_newton
Rosenbrock_2D_E,v74a,42,1,4.0,96,direct_newton
Rosenbrock_2D_E,v74,42,1,3.0,96,direct_newton
Rosenbrock_2D_E,v54,43,1,3.0,96,direct_newton
Rosenbrock_2D_E,v71,43,1,4.0,96,direct_newton
Rosenbrock_2D_E,v74a,43,1,4.0,96,direct_newton
Rosenbrock_2D_E,v74,43,1,4.0,96,direct_newton
Rosenbrock_2D_E,v54,44,1,5.0,109,direct_newton
Rosenbrock_2D_E,v71,44,1,5.0,109,direct_newton
Rosenbrock_2D_E,v74a,44,1,4.0,109,direct_newton
Rosenbrock_2D_E,v74,44,1,5.0,109,direct_newton
Rosenbrock_2D_E,v54,45,1,3.0,90,direct_newton
Rosenbrock_2D_E,v71,45,1,4.0,90,direct_newton
Rosenbrock_2D_E,v74a,45,1,4.0,90,direct_newton
Rosenbrock_2D_E,v74,45,1,3.0,90,direct_newton
Rosenbrock_2D_E,v54,46,1,4.0,106,direct_newton
Rosenbrock_2D_E,v71,46,1,5.0,106,direct_newton
Rosenbrock_2D_E,v74a,46,1,4.0,106,direct_newton
Rosenbrock_2D_E,v74,46,1,4.0,106,direct_newton
Rosenbrock_2D_E,v54,47,1,4.0,105,direct_newton
Rosenbrock_2D_E,v71,47,1,5.1,105,direct_newton
Rosenbrock_2D_E,v74a,47,1,3.9,105,direct_newton
Rosenbrock_2D_E,v74,47,1,4.0,105,direct_newton
Rosenbrock_2D_E,v54,48,1,5.0,105,direct_newton
Rosenbrock_2D_E,v71,48,1,4.0,105,direct_newton
Rosenbrock_2D_E,v74a,48,1,4.1,105,direct_newton
Rosenbrock_2D_E,v74,48,1,4.0,105,direct_newton
Rosenbrock_2D_E,v54,49,1,3.9,107,direct_newton
Rosenbrock_2D_E,v71,49,1,4.0,107,direct_newton
Rosenbrock_2D_E,v74a,49,1,5.1,107,direct_newton
Rosenbrock_2D_E,v74,49,1,3.9,107,direct_newton
Rosenbrock_2D_H,v54,0,1,2.0,55,direct_newton
Rosenbrock_2D_H,v71,0,1,3.0,55,direct_newton
Rosenbrock_2D_H,v74a,0,1,2.0,55,direct_newton
Rosenbrock_2D_H,v74,0,1,2.0,55,direct_newton
Rosenbrock_2D_H,v54,1,1,1.0,44,direct_newton
Rosenbrock_2D_H,v71,1,1,2.0,44,direct_newton
Rosenbrock_2D_H,v74a,1,1,2.0,44,direct_newton
Rosenbrock_2D_H,v74,1,1,2.0,44,direct_newton
Rosenbrock_2D_H,v54,2,1,2.0,44,direct_newton
Rosenbrock_2D_H,v71,2,1,2.0,44,direct_newton
Rosenbrock_2D_H,v74a,2,1,2.0,44,direct_newton
Rosenbrock_2D_H,v74,2,1,2.0,44,direct_newton
Rosenbrock_2D_H,v54,3,1,2.0,58,direct_newton
Rosenbrock_2D_H,v71,3,1,3.0,58,direct_newton
Rosenbrock_2D_H,v74a,3,1,2.0,58,direct_newton
Rosenbrock_2D_H,v74,3,1,2.0,58,direct_newton
Rosenbrock_2D_H,v54,4,1,1.0,47,direct_newton
Rosenbrock_2D_H,v71,4,1,2.0,47,direct_newton
Rosenbrock_2D_H,v74a,4,1,2.0,47,direct_newton
Rosenbrock_2D_H,v74,4,1,2.0,47,direct_newton
Rosenbrock_2D_H,v54,5,1,2.0,52,direct_newton
Rosenbrock_2D_H,v71,5,1,2.0,52,direct_newton
Rosenbrock_2D_H,v74a,5,1,3.0,52,direct_newton
Rosenbrock_2D_H,v74,5,1,2.0,52,direct_newton
Rosenbrock_2D_H,v54,6,1,1.0,39,direct_newton
Rosenbrock_2D_H,v71,6,1,2.0,39,direct_newton
Rosenbrock_2D_H,v74a,6,1,2.0,39,direct_newton
Rosenbrock_2D_H,v74,6,1,1.0,39,direct_newton
Rosenbrock_2D_H,v54,7,1,2.0,45,direct_newton
Rosenbrock_2D_H,v71,7,1,2.0,45,direct_newton
Rosenbrock_2D_H,v74a,7,1,2.0,45,direct_newton
Rosenbrock_2D_H,v74,7,1,2.0,45,direct_newton
Rosenbrock_2D_H,v54,8,1,2.0,43,direct_newton
Rosenbrock_2D_H,v71,8,1,2.0,43,direct_newton
Rosenbrock_2D_H,v74a,8,1,2.0,43,direct_newton
Rosenbrock_2D_H,v74,8,1,2.0,43,direct_newton
Rosenbrock_2D_H,v54,9,1,2.0,59,direct_newton
Rosenbrock_2D_H,v71,9,1,3.0,59,direct_newton
Rosenbrock_2D_H,v74a,9,1,2.0,59,direct_newton
Rosenbrock_2D_H,v74,9,1,3.0,59,direct_newton
Rosenbrock_2D_H,v54,10,1,2.0,45,direct_newton
Rosenbrock_2D_H,v71,10,1,2.0,45,direct_newton
Rosenbrock_2D_H,v74a,10,1,2.0,45,direct_newton
Rosenbrock_2D_H,v74,10,1,1.0,45,direct_newton
Rosenbrock_2D_H,v54,11,1,1.0,48,direct_newton
Rosenbrock_2D_H,v71,11,1,3.0,48,direct_newton
Rosenbrock_2D_H,v74a,11,1,2.0,48,direct_newton
Rosenbrock_2D_H,v74,11,1,2.0,48,direct_newton
Rosenbrock_2D_H,v54,12,1,2.0,48,direct_newton
Rosenbrock_2D_H,v71,12,1,2.0,48,direct_newton
Rosenbrock_2D_H,v74a,12,1,2.0,48,direct_newton
Rosenbrock_2D_H,v74,12,1,2.0,48,direct_newton
Rosenbrock_2D_H,v54,13,1,3.0,56,direct_newton
Rosenbrock_2D_H,v71,13,1,2.0,56,direct_newton
Rosenbrock_2D_H,v74a,13,1,3.0,56,direct_newton
Rosenbrock_2D_H,v74,13,1,2.0,56,direct_newton
Rosenbrock_2D_H,v54,14,1,2.0,50,direct_newton
Rosenbrock_2D_H,v71,14,1,2.0,50,direct_newton
Rosenbrock_2D_H,v74a,14,1,2.0,50,direct_newton
Rosenbrock_2D_H,v74,14,1,3.0,50,direct_newton
Rosenbrock_2D_H,v54,15,1,2.0,48,direct_newton
Rosenbrock_2D_H,v71,15,1,2.0,48,direct_newton
Rosenbrock_2D_H,v74a,15,1,2.0,48,direct_newton
Rosenbrock_2D_H,v74,15,1,2.0,48,direct_newton
Rosenbrock_2D_H,v54,16,1,2.0,50,direct_newton
Rosenbrock_2D_H,v71,16,1,2.0,50,direct_newton
Rosenbrock_2D_H,v74a,16,1,2.0,50,direct_newton
Rosenbrock_2D_H,v74,16,1,2.0,50,direct_newton
Rosenbrock_2D_H,v54,17,1,3.0,49,direct_newton
Rosenbrock_2D_H,v71,17,1,2.0,49,direct_newton
Rosenbrock_2D_H,v74a,17,1,2.0,49,direct_newton
Rosenbrock_2D_H,v74,17,1,2.0,49,direct_newton
Rosenbrock_2D_H,v54,18,1,2.0,48,direct_newton
Rosenbrock_2D_H,v71,18,1,2.0,48,direct_newton
Rosenbrock_2D_H,v74a,18,1,2.0,48,direct_newton
Rosenbrock_2D_H,v74,18,1,3.0,48,direct_newton
Rosenbrock_2D_H,v54,19,1,2.0,50,direct_newton
Rosenbrock_2D_H,v71,19,1,2.0,50,direct_newton
Rosenbrock_2D_H,v74a,19,1,3.0,50,direct_newton
Rosenbrock_2D_H,v74,19,1,2.0,50,direct_newton
Rosenbrock_2D_H,v54,20,1,2.0,55,direct_newton
Rosenbrock_2D_H,v71,20,1,2.0,55,direct_newton
Rosenbrock_2D_H,v74a,20,1,3.0,55,direct_newton
Rosenbrock_2D_H,v74,20,1,2.0,55,direct_newton
Rosenbrock_2D_H,v54,21,1,2.0,48,direct_newton
Rosenbrock_2D_H,v71,21,1,2.0,48,direct_newton
Rosenbrock_2D_H,v74a,21,1,2.0,48,direct_newton
Rosenbrock_2D_H,v74,21,1,2.0,48,direct_newton
Rosenbrock_2D_H,v54,22,1,2.0,52,direct_newton
Rosenbrock_2D_H,v71,22,1,2.0,52,direct_newton
Rosenbrock_2D_H,v74a,22,1,3.0,52,direct_newton
Rosenbrock_2D_H,v74,22,1,2.0,52,direct_newton
Rosenbrock_2D_H,v54,23,1,2.0,45,direct_newton
Rosenbrock_2D_H,v71,23,1,1.0,45,direct_newton
Rosenbrock_2D_H,v74a,23,1,2.0,45,direct_newton
Rosenbrock_2D_H,v74,23,1,2.0,45,direct_newton
Rosenbrock_2D_H,v54,24,1,2.0,51,direct_newton
Rosenbrock_2D_H,v71,24,1,2.0,51,direct_newton
Rosenbrock_2D_H,v74a,24,1,3.0,51,direct_newton
Rosenbrock_2D_H,v74,24,1,2.0,51,direct_newton
Rosenbrock_2D_H,v54,25,1,2.0,56,direct_newton
Rosenbrock_2D_H,v71,25,1,2.0,56,direct_newton
Rosenbrock_2D_H,v74a,25,1,3.0,56,direct_newton
Rosenbrock_2D_H,v74,25,1,2.0,56,direct_newton
Rosenbrock_2D_H,v54,26,1,2.0,55,direct_newton
Rosenbrock_2D_H,v71,26,1,3.1,55,direct_newton
Rosenbrock_2D_H,v74a,26,1,2.0,55,direct_newton
Rosenbrock_2D_H,v74,26,1,2.0,55,direct_newton
Rosenbrock_2D_H,v54,27,1,1.9,41,direct_newton
Rosenbrock_2D_H,v71,27,1,1.0,41,direct_newton
Rosenbrock_2D_H,v74a,27,1,2.0,41,direct_newton
Rosenbrock_2D_H,v74,27,1,2.0,41,direct_newton
Rosenbrock_2D_H,v54,28,1,2.1,41,direct_newton
Rosenbrock_2D_H,v71,28,1,1.9,41,direct_newton
Rosenbrock_2D_H,v74a,28,1,1.0,41,direct_newton
Rosenbrock_2D_H,v74,28,1,2.1,41,direct_newton
Rosenbrock_2D_H,v54,29,1,2.0,51,direct_newton
Rosenbrock_2D_H,v71,29,1,2.9,51,direct_newton
Rosenbrock_2D_H,v74a,29,1,2.0,51,direct_newton
Rosenbrock_2D_H,v74,29,1,2.0,51,direct_newton
Rosenbrock_2D_H,v54,30,1,2.1,44,direct_newton
Rosenbrock_2D_H,v71,30,1,2.0,44,direct_newton
Rosenbrock_2D_H,v74a,30,1,2.0,44,direct_newton
Rosenbrock_2D_H,v74,30,1,2.0,44,direct_newton
Rosenbrock_2D_H,v54,31,1,2.0,48,direct_newton
Rosenbrock_2D_H,v71,31,1,2.0,48,direct_newton
Rosenbrock_2D_H,v74a,31,1,2.0,48,direct_newton
Rosenbrock_2D_H,v74,31,1,2.0,48,direct_newton
Rosenbrock_2D_H,v54,32,1,3.0,53,direct_newton
Rosenbrock_2D_H,v71,32,1,2.0,53,direct_newton
Rosenbrock_2D_H,v74a,32,1,2.0,53,direct_newton
Rosenbrock_2D_H,v74,32,1,2.0,53,direct_newton
Rosenbrock_2D_H,v54,33,1,2.0,45,direct_newton
Rosenbrock_2D_H,v71,33,1,2.0,45,direct_newton
Rosenbrock_2D_H,v74a,33,1,1.9,45,direct_newton
Rosenbrock_2D_H,v74,33,1,2.0,45,direct_newton
Rosenbrock_2D_H,v54,34,1,2.1,44,direct_newton
Rosenbrock_2D_H,v71,34,1,2.0,44,direct_newton
Rosenbrock_2D_H,v74a,34,1,2.0,44,direct_newton
Rosenbrock_2D_H,v74,34,1,2.0,44,direct_newton
Rosenbrock_2D_H,v54,35,1,1.9,55,direct_newton
Rosenbrock_2D_H,v71,35,1,2.0,55,direct_newton
Rosenbrock_2D_H,v74a,35,1,2.0,55,direct_newton
Rosenbrock_2D_H,v74,35,1,3.1,55,direct_newton
Rosenbrock_2D_H,v54,36,1,2.0,43,direct_newton
Rosenbrock_2D_H,v71,36,1,1.0,43,direct_newton
Rosenbrock_2D_H,v74a,36,1,2.0,43,direct_newton
Rosenbrock_2D_H,v74,36,1,2.0,43,direct_newton
Rosenbrock_2D_H,v54,37,1,2.9,50,direct_newton
Rosenbrock_2D_H,v71,37,1,2.1,50,direct_newton
Rosenbrock_2D_H,v74a,37,1,2.0,50,direct_newton
Rosenbrock_2D_H,v74,37,1,1.9,50,direct_newton
Rosenbrock_2D_H,v54,38,1,3.0,56,direct_newton
Rosenbrock_2D_H,v71,38,1,2.0,56,direct_newton
Rosenbrock_2D_H,v74a,38,1,2.1,56,direct_newton
Rosenbrock_2D_H,v74,38,1,3.0,56,direct_newton
Rosenbrock_2D_H,v54,39,1,2.0,48,direct_newton
Rosenbrock_2D_H,v71,39,1,2.0,48,direct_newton
Rosenbrock_2D_H,v74a,39,1,2.0,48,direct_newton
Rosenbrock_2D_H,v74,39,1,2.0,48,direct_newton
Rosenbrock_2D_H,v54,40,1,2.1,50,direct_newton
Rosenbrock_2D_H,v71,40,1,1.9,50,direct_newton
Rosenbrock_2D_H,v74a,40,1,2.1,50,direct_newton
Rosenbrock_2D_H,v74,40,1,2.0,50,direct_newton
Rosenbrock_2D_H,v54,41,1,2.0,43,direct_newton
Rosenbrock_2D_H,v71,41,1,1.9,43,direct_newton
Rosenbrock_2D_H,v74a,41,1,2.0,43,direct_newton
Rosenbrock_2D_H,v74,41,1,1.0,43,direct_newton
Rosenbrock_2D_H,v54,42,1,2.0,55,direct_newton
Rosenbrock_2D_H,v71,42,1,2.0,55,direct_newton
Rosenbrock_2D_H,v74a,42,1,2.9,55,direct_newton
Rosenbrock_2D_H,v74,42,1,2.0,55,direct_newton
Rosenbrock_2D_H,v54,43,1,3.0,57,direct_newton
Rosenbrock_2D_H,v71,43,1,2.6,57,direct_newton
Rosenbrock_2D_H,v74a,43,1,2.0,57,direct_newton
Rosenbrock_2D_H,v74,43,1,3.0,57,direct_newton
Rosenbrock_2D_H,v54,44,1,2.1,51,direct_newton
Rosenbrock_2D_H,v71,44,1,2.0,51,direct_newton
Rosenbrock_2D_H,v74a,44,1,2.0,51,direct_newton
Rosenbrock_2D_H,v74,44,1,3.0,51,direct_newton
Rosenbrock_2D_H,v54,45,1,2.0,58,direct_newton
Rosenbrock_2D_H,v71,45,1,3.0,58,direct_newton
Rosenbrock_2D_H,v74a,45,1,2.0,58,direct_newton
Rosenbrock_2D_H,v74,45,1,3.0,58,direct_newton
Rosenbrock_2D_H,v54,46,1,1.0,44,direct_newton
Rosenbrock_2D_H,v71,46,1,2.0,44,direct_newton
Rosenbrock_2D_H,v74a,46,1,2.0,44,direct_newton
Rosenbrock_2D_H,v74,46,1,2.0,44,direct_newton
Rosenbrock_2D_H,v54,47,1,2.0,45,direct_newton
Rosenbrock_2D_H,v71,47,1,2.0,45,direct_newton
Rosenbrock_2D_H,v74a,47,1,2.0,45,direct_newton
Rosenbrock_2D_H,v74,47,1,2.0,45,direct_newton
Rosenbrock_2D_H,v54,48,1,1.0,43,direct_newton
Rosenbrock_2D_H,v71,48,1,1.9,43,direct_newton
Rosenbrock_2D_H,v74a,48,1,2.0,43,direct_newton
Rosenbrock_2D_H,v74,48,1,2.0,43,direct_newton
Rosenbrock_2D_H,v54,49,1,2.0,59,direct_newton
Rosenbrock_2D_H,v71,49,1,3.0,59,direct_newton
Rosenbrock_2D_H,v74a,49,1,3.0,59,direct_newton
Rosenbrock_2D_H,v74,49,1,2.0,59,direct_newton
Rosenbrock_2D_M,v54,0,1,1.0,33,direct_newton
Rosenbrock_2D_M,v71,0,1,2.0,33,direct_newton
Rosenbrock_2D_M,v74a,0,1,2.0,33,direct_newton
Rosenbrock_2D_M,v74,0,1,1.0,33,direct_newton
Rosenbrock_2D_M,v54,1,1,1.0,31,direct_newton
Rosenbrock_2D_M,v71,1,1,2.0,31,direct_newton
Rosenbrock_2D_M,v74a,1,1,1.0,31,direct_newton
Rosenbrock_2D_M,v74,1,1,2.0,31,direct_newton
Rosenbrock_2D_M,v54,2,1,2.1,35,direct_newton
Rosenbrock_2D_M,v71,2,1,1.0,35,direct_newton
Rosenbrock_2D_M,v74a,2,1,2.0,35,direct_newton
Rosenbrock_2D_M,v74,2,1,1.0,35,direct_newton
Rosenbrock_2D_M,v54,3,1,1.9,30,direct_newton
Rosenbrock_2D_M,v71,3,1,1.0,30,direct_newton
Rosenbrock_2D_M,v74a,3,1,1.0,30,direct_newton
Rosenbrock_2D_M,v74,3,1,2.0,30,direct_newton
Rosenbrock_2D_M,v54,4,1,1.0,31,direct_newton
Rosenbrock_2D_M,v71,4,1,1.0,31,direct_newton
Rosenbrock_2D_M,v74a,4,1,2.0,31,direct_newton
Rosenbrock_2D_M,v74,4,1,1.0,31,direct_newton
Rosenbrock_2D_M,v54,5,1,1.0,35,direct_newton
Rosenbrock_2D_M,v71,5,1,2.0,35,direct_newton
Rosenbrock_2D_M,v74a,5,1,1.0,35,direct_newton
Rosenbrock_2D_M,v74,5,1,2.0,35,direct_newton
Rosenbrock_2D_M,v54,6,1,1.1,29,direct_newton
Rosenbrock_2D_M,v71,6,1,1.0,29,direct_newton
Rosenbrock_2D_M,v74a,6,1,1.0,29,direct_newton
Rosenbrock_2D_M,v74,6,1,2.0,29,direct_newton
Rosenbrock_2D_M,v54,7,1,1.0,34,direct_newton
Rosenbrock_2D_M,v71,7,1,2.0,34,direct_newton
Rosenbrock_2D_M,v74a,7,1,1.0,34,direct_newton
Rosenbrock_2D_M,v74,7,1,2.0,34,direct_newton
Rosenbrock_2D_M,v54,8,1,1.0,35,direct_newton
Rosenbrock_2D_M,v71,8,1,1.9,35,direct_newton
Rosenbrock_2D_M,v74a,8,1,1.0,35,direct_newton
Rosenbrock_2D_M,v74,8,1,2.0,35,direct_newton
Rosenbrock_2D_M,v54,9,1,1.0,32,direct_newton
Rosenbrock_2D_M,v71,9,1,2.1,32,direct_newton
Rosenbrock_2D_M,v74a,9,1,1.0,32,direct_newton
Rosenbrock_2D_M,v74,9,1,1.0,32,direct_newton
Rosenbrock_2D_M,v54,10,1,1.0,33,direct_newton
Rosenbrock_2D_M,v71,10,1,0.9,33,direct_newton
Rosenbrock_2D_M,v74a,10,1,2.0,33,direct_newton
Rosenbrock_2D_M,v74,10,1,1.0,33,direct_newton
Rosenbrock_2D_M,v54,11,1,2.0,32,direct_newton
Rosenbrock_2D_M,v71,11,1,1.0,32,direct_newton
Rosenbrock_2D_M,v74a,11,1,2.0,32,direct_newton
Rosenbrock_2D_M,v74,11,1,1.0,32,direct_newton
Rosenbrock_2D_M,v54,12,1,1.0,29,direct_newton
Rosenbrock_2D_M,v71,12,1,2.0,29,direct_newton
Rosenbrock_2D_M,v74a,12,1,1.0,29,direct_newton
Rosenbrock_2D_M,v74,12,1,1.0,29,direct_newton
Rosenbrock_2D_M,v54,13,1,1.0,32,direct_newton
Rosenbrock_2D_M,v71,13,1,1.0,32,direct_newton
Rosenbrock_2D_M,v74a,13,1,2.0,32,direct_newton
Rosenbrock_2D_M,v74,13,1,1.0,32,direct_newton
Rosenbrock_2D_M,v54,14,1,1.0,28,direct_newton
Rosenbrock_2D_M,v71,14,1,2.0,28,direct_newton
Rosenbrock_2D_M,v74a,14,1,1.1,28,direct_newton
Rosenbrock_2D_M,v74,14,1,0.9,28,direct_newton
Rosenbrock_2D_M,v54,15,1,2.0,35,direct_newton
Rosenbrock_2D_M,v71,15,1,1.0,35,direct_newton
Rosenbrock_2D_M,v74a,15,1,2.0,35,direct_newton
Rosenbrock_2D_M,v74,15,1,1.0,35,direct_newton
Rosenbrock_2D_M,v54,16,1,2.0,29,direct_newton
Rosenbrock_2D_M,v71,16,1,1.0,29,direct_newton
Rosenbrock_2D_M,v74a,16,1,1.0,29,direct_newton
Rosenbrock_2D_M,v74,16,1,2.0,29,direct_newton
Rosenbrock_2D_M,v54,17,1,1.0,30,direct_newton
Rosenbrock_2D_M,v71,17,1,1.0,30,direct_newton
Rosenbrock_2D_M,v74a,17,1,1.0,30,direct_newton
Rosenbrock_2D_M,v74,17,1,2.0,30,direct_newton
Rosenbrock_2D_M,v54,18,1,1.0,32,direct_newton
Rosenbrock_2D_M,v71,18,1,2.0,32,direct_newton
Rosenbrock_2D_M,v74a,18,1,1.0,32,direct_newton
Rosenbrock_2D_M,v74,18,1,2.0,32,direct_newton
Rosenbrock_2D_M,v54,19,1,1.0,34,direct_newton
Rosenbrock_2D_M,v71,19,1,2.0,34,direct_newton
Rosenbrock_2D_M,v74a,19,1,1.0,34,direct_newton
Rosenbrock_2D_M,v74,19,1,1.0,34,direct_newton
Rosenbrock_2D_M,v54,20,1,1.0,36,direct_newton
Rosenbrock_2D_M,v71,20,1,2.0,36,direct_newton
Rosenbrock_2D_M,v74a,20,1,1.0,36,direct_newton
Rosenbrock_2D_M,v74,20,1,2.0,36,direct_newton
Rosenbrock_2D_M,v54,21,1,1.0,33,direct_newton
Rosenbrock_2D_M,v71,21,1,1.0,33,direct_newton
Rosenbrock_2D_M,v74a,21,1,2.0,33,direct_newton
Rosenbrock_2D_M,v74,21,1,1.0,33,direct_newton
Rosenbrock_2D_M,v54,22,1,2.0,34,direct_newton
Rosenbrock_2D_M,v71,22,1,1.0,34,direct_newton
Rosenbrock_2D_M,v74a,22,1,2.0,34,direct_newton
Rosenbrock_2D_M,v74,22,1,1.0,34,direct_newton
Rosenbrock_2D_M,v54,23,1,1.0,28,direct_newton
Rosenbrock_2D_M,v71,23,1,2.0,28,direct_newton
Rosenbrock_2D_M,v74a,23,1,1.0,28,direct_newton
Rosenbrock_2D_M,v74,23,1,1.0,28,direct_newton
Rosenbrock_2D_M,v54,24,1,2.0,34,direct_newton
Rosenbrock_2D_M,v71,24,1,1.0,34,direct_newton
Rosenbrock_2D_M,v74a,24,1,2.0,34,direct_newton
Rosenbrock_2D_M,v74,24,1,1.0,34,direct_newton
Rosenbrock_2D_M,v54,25,1,1.0,30,direct_newton
Rosenbrock_2D_M,v71,25,1,2.0,30,direct_newton
Rosenbrock_2D_M,v74a,25,1,1.0,30,direct_newton
Rosenbrock_2D_M,v74,25,1,2.0,30,direct_newton
Rosenbrock_2D_M,v54,26,1,1.0,34,direct_newton
Rosenbrock_2D_M,v71,26,1,2.0,34,direct_newton
Rosenbrock_2D_M,v74a,26,1,1.0,34,direct_newton
Rosenbrock_2D_M,v74,26,1,1.0,34,direct_newton
Rosenbrock_2D_M,v54,27,1,1.0,31,direct_newton
Rosenbrock_2D_M,v71,27,1,1.0,31,direct_newton
Rosenbrock_2D_M,v74a,27,1,1.0,31,direct_newton
Rosenbrock_2D_M,v74,27,1,2.0,31,direct_newton
Rosenbrock_2D_M,v54,28,1,1.0,34,direct_newton
Rosenbrock_2D_M,v71,28,1,2.0,34,direct_newton
Rosenbrock_2D_M,v74a,28,1,1.0,34,direct_newton
Rosenbrock_2D_M,v74,28,1,2.0,34,direct_newton
Rosenbrock_2D_M,v54,29,1,1.0,30,direct_newton
Rosenbrock_2D_M,v71,29,1,1.0,30,direct_newton
Rosenbrock_2D_M,v74a,29,1,2.0,30,direct_newton
Rosenbrock_2D_M,v74,29,1,1.0,30,direct_newton
Rosenbrock_2D_M,v54,30,1,1.0,33,direct_newton
Rosenbrock_2D_M,v71,30,1,2.0,33,direct_newton
Rosenbrock_2D_M,v74a,30,1,1.0,33,direct_newton
Rosenbrock_2D_M,v74,30,1,2.0,33,direct_newton
Rosenbrock_2D_M,v54,31,1,2.0,34,direct_newton
Rosenbrock_2D_M,v71,31,1,1.0,34,direct_newton
Rosenbrock_2D_M,v74a,31,1,1.0,34,direct_newton
Rosenbrock_2D_M,v74,31,1,2.0,34,direct_newton
Rosenbrock_2D_M,v54,32,1,1.0,36,direct_newton
Rosenbrock_2D_M,v71,32,1,2.0,36,direct_newton
Rosenbrock_2D_M,v74a,32,1,1.0,36,direct_newton
Rosenbrock_2D_M,v74,32,1,2.0,36,direct_newton
Rosenbrock_2D_M,v54,33,1,1.0,29,direct_newton
Rosenbrock_2D_M,v71,33,1,2.0,29,direct_newton
Rosenbrock_2D_M,v74a,33,1,1.0,29,direct_newton
Rosenbrock_2D_M,v74,33,1,1.0,29,direct_newton
Rosenbrock_2D_M,v54,34,1,2.0,33,direct_newton
Rosenbrock_2D_M,v71,34,1,1.0,33,direct_newton
Rosenbrock_2D_M,v74a,34,1,1.0,33,direct_newton
Rosenbrock_2D_M,v74,34,1,2.0,33,direct_newton
Rosenbrock_2D_M,v54,35,1,1.0,29,direct_newton
Rosenbrock_2D_M,v71,35,1,1.0,29,direct_newton
Rosenbrock_2D_M,v74a,35,1,2.0,29,direct_newton
Rosenbrock_2D_M,v74,35,1,1.0,29,direct_newton
Rosenbrock_2D_M,v54,36,1,2.0,32,direct_newton
Rosenbrock_2D_M,v71,36,1,1.0,32,direct_newton
Rosenbrock_2D_M,v74a,36,1,1.0,32,direct_newton
Rosenbrock_2D_M,v74,36,1,2.0,32,direct_newton
Rosenbrock_2D_M,v54,37,1,1.0,31,direct_newton
Rosenbrock_2D_M,v71,37,1,1.0,31,direct_newton
Rosenbrock_2D_M,v74a,37,1,2.0,31,direct_newton
Rosenbrock_2D_M,v74,37,1,1.0,31,direct_newton
Rosenbrock_2D_M,v54,38,1,2.0,28,direct_newton
Rosenbrock_2D_M,v71,38,1,1.0,28,direct_newton
Rosenbrock_2D_M,v74a,38,1,1.0,28,direct_newton
Rosenbrock_2D_M,v74,38,1,1.0,28,direct_newton
Rosenbrock_2D_M,v54,39,1,2.0,32,direct_newton
Rosenbrock_2D_M,v71,39,1,1.0,32,direct_newton
Rosenbrock_2D_M,v74a,39,1,2.0,32,direct_newton
Rosenbrock_2D_M,v74,39,1,1.0,32,direct_newton
Rosenbrock_2D_M,v54,40,1,2.0,34,direct_newton
Rosenbrock_2D_M,v71,40,1,1.0,34,direct_newton
Rosenbrock_2D_M,v74a,40,1,2.0,34,direct_newton
Rosenbrock_2D_M,v74,40,1,1.0,34,direct_newton
Rosenbrock_2D_M,v54,41,1,2.0,28,direct_newton
Rosenbrock_2D_M,v71,41,1,1.0,28,direct_newton
Rosenbrock_2D_M,v74a,41,1,2.0,28,direct_newton
Rosenbrock_2D_M,v74,41,1,1.0,28,direct_newton
Rosenbrock_2D_M,v54,42,1,2.0,33,direct_newton
Rosenbrock_2D_M,v71,42,1,1.0,33,direct_newton
Rosenbrock_2D_M,v74a,42,1,1.0,33,direct_newton
Rosenbrock_2D_M,v74,42,1,2.0,33,direct_newton
Rosenbrock_2D_M,v54,43,1,1.0,28,direct_newton
Rosenbrock_2D_M,v71,43,1,1.0,28,direct_newton
Rosenbrock_2D_M,v74a,43,1,1.0,28,direct_newton
Rosenbrock_2D_M,v74,43,1,1.0,28,direct_newton
Rosenbrock_2D_M,v54,44,1,2.0,29,direct_newton
Rosenbrock_2D_M,v71,44,1,1.0,29,direct_newton
Rosenbrock_2D_M,v74a,44,1,1.0,29,direct_newton
Rosenbrock_2D_M,v74,44,1,1.1,29,direct_newton
Rosenbrock_2D_M,v54,45,1,2.0,34,direct_newton
Rosenbrock_2D_M,v71,45,1,1.0,34,direct_newton
Rosenbrock_2D_M,v74a,45,1,2.0,34,direct_newton
Rosenbrock_2D_M,v74,45,1,1.0,34,direct_newton
Rosenbrock_2D_M,v54,46,1,2.0,35,direct_newton
Rosenbrock_2D_M,v71,46,1,0.9,35,direct_newton
Rosenbrock_2D_M,v74a,46,1,2.0,35,direct_newton
Rosenbrock_2D_M,v74,46,1,1.0,35,direct_newton
Rosenbrock_2D_M,v54,47,1,2.0,31,direct_newton
Rosenbrock_2D_M,v71,47,1,1.0,31,direct_newton
Rosenbrock_2D_M,v74a,47,1,1.0,31,direct_newton
Rosenbrock_2D_M,v74,47,1,2.1,31,direct_newton
Rosenbrock_2D_M,v54,48,1,0.9,28,direct_newton
Rosenbrock_2D_M,v71,48,1,1.1,28,direct_newton
Rosenbrock_2D_M,v74a,48,1,1.9,28,direct_newton
Rosenbrock_2D_M,v74,48,1,1.0,28,direct_newton
Rosenbrock_2D_M,v54,49,1,1.1,31,direct_newton
Rosenbrock_2D_M,v71,49,1,1.0,31,direct_newton
Rosenbrock_2D_M,v74a,49,1,2.0,31,direct_newton
Rosenbrock_2D_M,v74,49,1,0.9,31,direct_newton
Rotated_Ackley_20D,v54,0,1,1161.4,96157,hgca_refined_f
Rotated_Ackley_20D,v71,0,1,1121.1,96157,hgca_refined_f
Rotated_Ackley_20D,v74a,0,1,30326.5,96157,hgca_refined_f
Rotated_Ackley_20D,v74,0,1,29352.5,96157,hgca_refined_f
Rotated_Ackley_20D,v54,1,1,779.0,81720,hgca_refined_f
Rotated_Ackley_20D,v71,1,1,777.6,81720,hgca_refined_f
Rotated_Ackley_20D,v74a,1,1,30231.1,81720,hgca_refined_f
Rotated_Ackley_20D,v74,1,1,30046.0,81720,hgca_refined_f
Rotated_Ackley_20D,v54,2,1,823.1,81732,hgca_refined_f
Rotated_Ackley_20D,v71,2,1,826.4,81732,hgca_refined_f
Rotated_Ackley_20D,v74a,2,1,35435.6,81732,hgca_refined_f
Rotated_Ackley_20D,v74,2,1,33262.3,81732,hgca_refined_f
Rotated_Ackley_20D,v54,3,1,805.9,81759,hgca_refined_f
Rotated_Ackley_20D,v71,3,1,718.4,81759,hgca_refined_f
Rotated_Ackley_20D,v74a,3,1,31762.8,81759,hgca_refined_f
Rotated_Ackley_20D,v74,3,1,32664.5,81759,hgca_refined_f
Rotated_Ackley_20D,v54,4,0,1172.0,96096,hgca_cma_failed
Rotated_Ackley_20D,v71,4,0,1221.2,96096,hgca_cma_failed
Rotated_Ackley_20D,v74a,4,0,28392.8,96096,hgca_cma_failed
Rotated_Ackley_20D,v74,4,0,27322.4,96096,hgca_cma_failed
Rotated_Ackley_20D,v54,5,1,975.7,96130,hgca_refined_f
Rotated_Ackley_20D,v71,5,1,981.4,96130,hgca_refined_f
Rotated_Ackley_20D,v74a,5,1,28685.4,96130,hgca_refined_f
Rotated_Ackley_20D,v74,5,1,29298.1,96130,hgca_refined_f
Rotated_Ackley_20D,v54,6,1,708.8,81739,hgca_refined_f
Rotated_Ackley_20D,v71,6,1,718.1,81739,hgca_refined_f
Rotated_Ackley_20D,v74a,6,1,33545.6,81739,hgca_refined_f
Rotated_Ackley_20D,v74,6,1,33528.6,81739,hgca_refined_f
Rotated_Ackley_20D,v54,7,1,743.2,81729,hgca_refined_f
Rotated_Ackley_20D,v71,7,1,749.9,81729,hgca_refined_f
Rotated_Ackley_20D,v74a,7,1,29664.7,81729,hgca_refined_f
Rotated_Ackley_20D,v74,7,1,30084.7,81729,hgca_refined_f
Rotated_Ackley_20D,v54,8,1,757.9,81727,hgca_refined_f
Rotated_Ackley_20D,v71,8,1,756.0,81727,hgca_refined_f
Rotated_Ackley_20D,v74a,8,1,29237.6,81727,hgca_refined_f
Rotated_Ackley_20D,v74,8,1,29747.2,81727,hgca_refined_f
Rotated_Ackley_20D,v54,9,1,776.0,81732,hgca_refined_f
Rotated_Ackley_20D,v71,9,1,756.9,81732,hgca_refined_f
Rotated_Ackley_20D,v74a,9,1,32021.3,81732,hgca_refined_f
Rotated_Ackley_20D,v74,9,1,31208.0,81732,hgca_refined_f
Rotated_Ackley_20D,v54,10,1,806.6,81796,hgca_refined_f
Rotated_Ackley_20D,v71,10,1,810.0,81796,hgca_refined_f
Rotated_Ackley_20D,v74a,10,1,29322.0,81796,hgca_refined_f
Rotated_Ackley_20D,v74,10,1,29336.5,81796,hgca_refined_f
Rotated_Ackley_20D,v54,11,1,740.1,81729,hgca_refined_f
Rotated_Ackley_20D,v71,11,1,726.9,81729,hgca_refined_f
Rotated_Ackley_20D,v74a,11,1,29136.2,81729,hgca_refined_f
Rotated_Ackley_20D,v74,11,1,29727.2,81729,hgca_refined_f
Rotated_Ackley_20D,v54,12,1,1226.5,96191,hgca_refined_f
Rotated_Ackley_20D,v71,12,1,1212.9,96191,hgca_refined_f
Rotated_Ackley_20D,v74a,12,1,32191.8,96191,hgca_refined_f
Rotated_Ackley_20D,v74,12,1,32603.8,96191,hgca_refined_f
Rotated_Ackley_20D,v54,13,0,775.3,81720,hgca_cma_failed
Rotated_Ackley_20D,v71,13,0,783.9,81720,hgca_cma_failed
Rotated_Ackley_20D,v74a,13,0,30025.9,81720,hgca_cma_failed
Rotated_Ackley_20D,v74,13,0,29499.7,81720,hgca_cma_failed
Rotated_Ackley_20D,v54,14,1,994.5,96143,hgca_refined_f
Rotated_Ackley_20D,v71,14,1,1005.4,96143,hgca_refined_f
Rotated_Ackley_20D,v74a,14,1,29854.3,96143,hgca_refined_f
Rotated_Ackley_20D,v74,14,1,29665.8,96143,hgca_refined_f
Rotated_Ackley_20D,v54,15,1,728.9,81725,hgca_refined_f
Rotated_Ackley_20D,v71,15,1,727.7,81725,hgca_refined_f
Rotated_Ackley_20D,v74a,15,1,30560.8,81725,hgca_refined_f
Rotated_Ackley_20D,v74,15,1,31102.8,81725,hgca_refined_f
Rotated_Ackley_20D,v54,16,1,777.0,81746,hgca_refined_f
Rotated_Ackley_20D,v71,16,1,770.7,81746,hgca_refined_f
Rotated_Ackley_20D,v74a,16,1,28798.4,81746,hgca_refined_f
Rotated_Ackley_20D,v74,16,1,29149.5,81746,hgca_refined_f
Rotated_Ackley_20D,v54,17,1,773.2,81738,hgca_refined_f
Rotated_Ackley_20D,v71,17,1,785.9,81738,hgca_refined_f
Rotated_Ackley_20D,v74a,17,1,29435.1,81738,hgca_refined_f
Rotated_Ackley_20D,v74,17,1,29488.4,81738,hgca_refined_f
Rotated_Ackley_20D,v54,18,1,818.9,79427,hgca_refined_f
Rotated_Ackley_20D,v71,18,1,829.9,79427,hgca_refined_f
Rotated_Ackley_20D,v74a,18,1,31909.6,79427,hgca_refined_f
Rotated_Ackley_20D,v74,18,1,34207.7,79427,hgca_refined_f
Rotated_Ackley_20D,v54,19,1,1055.1,96159,hgca_refined_f
Rotated_Ackley_20D,v71,19,1,1085.0,96159,hgca_refined_f
Rotated_Ackley_20D,v74a,19,1,32499.5,96159,hgca_refined_f
Rotated_Ackley_20D,v74,19,1,32677.7,96159,hgca_refined_f
Rotated_Ackley_20D,v54,20,1,834.0,81735,hgca_refined_f
Rotated_Ackley_20D,v71,20,1,789.1,81735,hgca_refined_f
Rotated_Ackley_20D,v74a,20,1,30916.7,81735,hgca_refined_f
Rotated_Ackley_20D,v74,20,1,30975.3,81735,hgca_refined_f
Rotated_Ackley_20D,v54,21,1,782.3,81742,hgca_refined_f
Rotated_Ackley_20D,v71,21,1,805.0,81742,hgca_refined_f
Rotated_Ackley_20D,v74a,21,1,35643.7,81742,hgca_refined_f
Rotated_Ackley_20D,v74,21,1,33799.3,81742,hgca_refined_f
Rotated_Ackley_20D,v54,22,1,768.1,81744,hgca_refined_f
Rotated_Ackley_20D,v71,22,1,774.0,81744,hgca_refined_f
Rotated_Ackley_20D,v74a,22,1,30798.9,81744,hgca_refined_f
Rotated_Ackley_20D,v74,22,1,30568.0,81744,hgca_refined_f
Rotated_Ackley_20D,v54,23,1,898.9,81813,hgca_refined_f
Rotated_Ackley_20D,v71,23,1,905.0,81813,hgca_refined_f
Rotated_Ackley_20D,v74a,23,1,32084.9,81813,hgca_refined_f
Rotated_Ackley_20D,v74,23,1,31398.7,81813,hgca_refined_f
Rotated_Ackley_20D,v54,24,1,1101.9,96150,hgca_refined_f
Rotated_Ackley_20D,v71,24,1,1110.2,96150,hgca_refined_f
Rotated_Ackley_20D,v74a,24,1,33485.7,96150,hgca_refined_f
Rotated_Ackley_20D,v74,24,1,32888.6,96150,hgca_refined_f
Rotated_Ackley_20D,v54,25,1,796.2,81787,hgca_refined_f
Rotated_Ackley_20D,v71,25,1,786.5,81787,hgca_refined_f
Rotated_Ackley_20D,v74a,25,1,30472.9,81787,hgca_refined_f
Rotated_Ackley_20D,v74,25,1,31128.1,81787,hgca_refined_f
Rotated_Ackley_20D,v54,26,1,829.0,81755,hgca_refined_f
Rotated_Ackley_20D,v71,26,1,788.9,81755,hgca_refined_f
Rotated_Ackley_20D,v74a,26,1,34400.5,81755,hgca_refined_f
Rotated_Ackley_20D,v74,26,1,34626.8,81755,hgca_refined_f
Rotated_Ackley_20D,v54,27,1,835.0,81823,hgca_refined_f
Rotated_Ackley_20D,v71,27,1,817.2,81823,hgca_refined_f
Rotated_Ackley_20D,v74a,27,1,31575.3,81823,hgca_refined_f
Rotated_Ackley_20D,v74,27,1,32165.7,81823,hgca_refined_f
Rotated_Ackley_20D,v54,28,1,791.0,81726,hgca_refined_f
Rotated_Ackley_20D,v71,28,1,766.1,81726,hgca_refined_f
Rotated_Ackley_20D,v74a,28,1,29734.2,81726,hgca_refined_f
Rotated_Ackley_20D,v74,28,1,29803.0,81726,hgca_refined_f
Rotated_Ackley_20D,v54,29,1,777.1,81768,hgca_refined_f
Rotated_Ackley_20D,v71,29,1,778.1,81768,hgca_refined_f
Rotated_Ackley_20D,v74a,29,1,29856.9,81768,hgca_refined_f
Rotated_Ackley_20D,v74,29,1,30320.9,81768,hgca_refined_f
Rotated_Ackley_20D,v54,30,1,1240.8,96169,hgca_refined_f
Rotated_Ackley_20D,v71,30,1,1226.1,96169,hgca_refined_f
Rotated_Ackley_20D,v74a,30,1,29573.1,96169,hgca_refined_f
Rotated_Ackley_20D,v74,30,1,30511.1,96169,hgca_refined_f
Rotated_Ackley_20D,v54,31,1,766.6,81727,hgca_refined_f
Rotated_Ackley_20D,v71,31,1,775.7,81727,hgca_refined_f
Rotated_Ackley_20D,v74a,31,1,28829.1,81727,hgca_refined_f
Rotated_Ackley_20D,v74,31,1,29140.2,81727,hgca_refined_f
Rotated_Ackley_20D,v54,32,1,765.0,81726,hgca_refined_f
Rotated_Ackley_20D,v71,32,1,767.0,81726,hgca_refined_f
Rotated_Ackley_20D,v74a,32,1,32629.4,81726,hgca_refined_f
Rotated_Ackley_20D,v74,32,1,32720.9,81726,hgca_refined_f
Rotated_Ackley_20D,v54,33,1,760.0,81741,hgca_refined_f
Rotated_Ackley_20D,v71,33,1,757.0,81741,hgca_refined_f
Rotated_Ackley_20D,v74a,33,1,28717.1,81741,hgca_refined_f
Rotated_Ackley_20D,v74,33,1,28989.2,81741,hgca_refined_f
Rotated_Ackley_20D,v54,34,1,804.0,81766,hgca_refined_f
Rotated_Ackley_20D,v71,34,1,778.8,81766,hgca_refined_f
Rotated_Ackley_20D,v74a,34,1,31458.2,81766,hgca_refined_f
Rotated_Ackley_20D,v74,34,1,31489.6,81766,hgca_refined_f
Rotated_Ackley_20D,v54,35,1,865.7,81748,hgca_refined_f
Rotated_Ackley_20D,v71,35,1,846.0,81748,hgca_refined_f
Rotated_Ackley_20D,v74a,35,1,30224.3,81748,hgca_refined_f
Rotated_Ackley_20D,v74,35,1,30627.1,81748,hgca_refined_f
Rotated_Ackley_20D,v54,36,1,1259.5,96154,hgca_refined_f
Rotated_Ackley_20D,v71,36,1,1173.1,96154,hgca_refined_f
Rotated_Ackley_20D,v74a,36,1,33723.1,96154,hgca_refined_f
Rotated_Ackley_20D,v74,36,1,32982.0,96154,hgca_refined_f
Rotated_Ackley_20D,v54,37,1,855.0,81744,hgca_refined_f
Rotated_Ackley_20D,v71,37,1,851.2,81744,hgca_refined_f
Rotated_Ackley_20D,v74a,37,1,31167.5,81744,hgca_refined_f
Rotated_Ackley_20D,v74,37,1,30459.4,81744,hgca_refined_f
Rotated_Ackley_20D,v54,38,1,1056.0,96137,hgca_refined_f
Rotated_Ackley_20D,v71,38,1,1010.2,96137,hgca_refined_f
Rotated_Ackley_20D,v74a,38,1,32613.9,96137,hgca_refined_f
Rotated_Ackley_20D,v74,38,1,32355.5,96137,hgca_refined_f
Rotated_Ackley_20D,v54,39,1,1134.2,96137,hgca_refined_f
Rotated_Ackley_20D,v71,39,1,1134.0,96137,hgca_refined_f
Rotated_Ackley_20D,v74a,39,1,34261.1,96137,hgca_refined_f
Rotated_Ackley_20D,v74,39,1,34133.7,96137,hgca_refined_f
Rotated_Ackley_20D,v54,40,1,770.6,81740,hgca_refined_f
Rotated_Ackley_20D,v71,40,1,784.5,81740,hgca_refined_f
Rotated_Ackley_20D,v74a,40,1,29663.2,81740,hgca_refined_f
Rotated_Ackley_20D,v74,40,1,29919.0,81740,hgca_refined_f
Rotated_Ackley_20D,v54,41,1,1109.1,96137,hgca_refined_f
Rotated_Ackley_20D,v71,41,1,1089.1,96137,hgca_refined_f
Rotated_Ackley_20D,v74a,41,1,29936.9,96137,hgca_refined_f
Rotated_Ackley_20D,v74,41,1,30119.5,96137,hgca_refined_f
Rotated_Ackley_20D,v54,42,1,1031.9,96139,hgca_refined_f
Rotated_Ackley_20D,v71,42,1,1026.1,96139,hgca_refined_f
Rotated_Ackley_20D,v74a,42,1,30877.7,96139,hgca_refined_f
Rotated_Ackley_20D,v74,42,1,31388.3,96139,hgca_refined_f
Rotated_Ackley_20D,v54,43,1,840.9,81727,hgca_refined_f
Rotated_Ackley_20D,v71,43,1,846.0,81727,hgca_refined_f
Rotated_Ackley_20D,v74a,43,1,34327.4,81727,hgca_refined_f
Rotated_Ackley_20D,v74,43,1,34695.9,81727,hgca_refined_f
Rotated_Ackley_20D,v54,44,1,835.4,81770,hgca_refined_f
Rotated_Ackley_20D,v71,44,1,806.8,81770,hgca_refined_f
Rotated_Ackley_20D,v74a,44,1,30082.4,81770,hgca_refined_f
Rotated_Ackley_20D,v74,44,1,29736.9,81770,hgca_refined_f
Rotated_Ackley_20D,v54,45,1,712.6,81760,hgca_refined_f
Rotated_Ackley_20D,v71,45,1,725.0,81760,hgca_refined_f
Rotated_Ackley_20D,v74a,45,1,28648.5,81760,hgca_refined_f
Rotated_Ackley_20D,v74,45,1,28762.8,81760,hgca_refined_f
Rotated_Ackley_20D,v54,46,1,729.2,81753,hgca_refined_f
Rotated_Ackley_20D,v71,46,1,714.8,81753,hgca_refined_f
Rotated_Ackley_20D,v74a,46,1,31328.5,81753,hgca_refined_f
Rotated_Ackley_20D,v74,46,1,31395.4,81753,hgca_refined_f
Rotated_Ackley_20D,v54,47,1,947.6,96122,hgca_refined_f
Rotated_Ackley_20D,v71,47,1,962.6,96122,hgca_refined_f
Rotated_Ackley_20D,v74a,47,1,30048.6,96122,hgca_refined_f
Rotated_Ackley_20D,v74,47,1,29958.4,96122,hgca_refined_f
Rotated_Ackley_20D,v54,48,1,742.4,81765,hgca_refined_f
Rotated_Ackley_20D,v71,48,1,722.3,81765,hgca_refined_f
Rotated_Ackley_20D,v74a,48,1,27741.2,81765,hgca_refined_f
Rotated_Ackley_20D,v74,48,1,27880.7,81765,hgca_refined_f
Rotated_Ackley_20D,v54,49,1,717.3,81742,hgca_refined_f
Rotated_Ackley_20D,v71,49,1,707.1,81742,hgca_refined_f
Rotated_Ackley_20D,v74a,49,1,26665.7,81742,hgca_refined_f
Rotated_Ackley_20D,v74,49,1,26761.2,81742,hgca_refined_f
Rotated_Rastrigin_20D,v54,0,0,809.2,76857,hgca_cma_failed
Rotated_Rastrigin_20D,v71,0,1,4.1,2,pcu_ok
Rotated_Rastrigin_20D,v74a,0,1,968.1,2,struct_pcu_ok
Rotated_Rastrigin_20D,v74,0,1,5.0,2,pcu_ok
Rotated_Rastrigin_20D,v54,1,0,665.7,76857,hgca_cma_failed
Rotated_Rastrigin_20D,v71,1,1,4.1,2,pcu_ok
Rotated_Rastrigin_20D,v74a,1,1,962.9,2,struct_pcu_ok
Rotated_Rastrigin_20D,v74,1,1,5.0,2,pcu_ok
Rotated_Rastrigin_20D,v54,2,0,667.5,77186,hgca_cma_failed
Rotated_Rastrigin_20D,v71,2,1,6.0,2,pcu_ok
Rotated_Rastrigin_20D,v74a,2,1,940.7,2,struct_pcu_ok
Rotated_Rastrigin_20D,v74,2,1,5.0,2,pcu_ok
Rotated_Rastrigin_20D,v54,3,0,680.2,77187,hgca_cma_failed
Rotated_Rastrigin_20D,v71,3,1,5.0,2,pcu_ok
Rotated_Rastrigin_20D,v74a,3,1,950.0,2,struct_pcu_ok
Rotated_Rastrigin_20D,v74,3,1,5.0,2,pcu_ok
Rotated_Rastrigin_20D,v54,4,0,702.7,78173,hgca_cma_failed
Rotated_Rastrigin_20D,v71,4,1,4.9,2,pcu_ok
Rotated_Rastrigin_20D,v74a,4,1,936.6,2,struct_pcu_ok
Rotated_Rastrigin_20D,v74,4,1,5.0,2,pcu_ok
Rotated_Rastrigin_20D,v54,5,0,651.3,76857,hgca_cma_failed
Rotated_Rastrigin_20D,v71,5,1,5.0,2,pcu_ok
Rotated_Rastrigin_20D,v74a,5,1,950.5,2,struct_pcu_ok
Rotated_Rastrigin_20D,v74,5,1,5.0,2,pcu_ok
Rotated_Rastrigin_20D,v54,6,0,682.1,77515,hgca_cma_failed
Rotated_Rastrigin_20D,v71,6,1,4.9,2,pcu_ok
Rotated_Rastrigin_20D,v74a,6,1,906.4,2,struct_pcu_ok
Rotated_Rastrigin_20D,v74,6,1,5.0,2,pcu_ok
Rotated_Rastrigin_20D,v54,7,0,710.9,78503,hgca_cma_failed
Rotated_Rastrigin_20D,v71,7,1,5.1,2,pcu_ok
Rotated_Rastrigin_20D,v74a,7,1,946.0,2,struct_pcu_ok
Rotated_Rastrigin_20D,v74,7,1,5.0,2,pcu_ok
Rotated_Rastrigin_20D,v54,8,0,675.6,77515,hgca_cma_failed
Rotated_Rastrigin_20D,v71,8,1,5.0,2,pcu_ok
Rotated_Rastrigin_20D,v74a,8,1,932.8,2,struct_pcu_ok
Rotated_Rastrigin_20D,v74,8,1,5.0,2,pcu_ok
Rotated_Rastrigin_20D,v54,9,0,651.6,77187,hgca_cma_failed
Rotated_Rastrigin_20D,v71,9,1,5.0,2,pcu_ok
Rotated_Rastrigin_20D,v74a,9,1,955.5,2,struct_pcu_ok
Rotated_Rastrigin_20D,v74,9,1,5.0,2,pcu_ok
Rotated_Rastrigin_20D,v54,10,0,691.9,77844,hgca_cma_failed
Rotated_Rastrigin_20D,v71,10,1,5.1,2,pcu_ok
Rotated_Rastrigin_20D,v74a,10,1,1003.4,2,struct_pcu_ok
Rotated_Rastrigin_20D,v74,10,1,5.0,2,pcu_ok
Rotated_Rastrigin_20D,v54,11,0,694.8,77844,hgca_cma_failed
Rotated_Rastrigin_20D,v71,11,1,5.0,2,pcu_ok
Rotated_Rastrigin_20D,v74a,11,1,942.4,2,struct_pcu_ok
Rotated_Rastrigin_20D,v74,11,1,6.0,2,pcu_ok
Rotated_Rastrigin_20D,v54,12,0,701.1,77844,hgca_cma_failed
Rotated_Rastrigin_20D,v71,12,1,5.1,2,pcu_ok
Rotated_Rastrigin_20D,v74a,12,1,904.5,2,struct_pcu_ok
Rotated_Rastrigin_20D,v74,12,1,5.0,2,pcu_ok
Rotated_Rastrigin_20D,v54,13,0,702.0,77844,hgca_cma_failed
Rotated_Rastrigin_20D,v71,13,1,4.0,2,pcu_ok
Rotated_Rastrigin_20D,v74a,13,1,938.2,2,struct_pcu_ok
Rotated_Rastrigin_20D,v74,13,1,5.0,2,pcu_ok
Rotated_Rastrigin_20D,v54,14,0,748.6,78502,hgca_cma_failed
Rotated_Rastrigin_20D,v71,14,1,4.1,2,pcu_ok
Rotated_Rastrigin_20D,v74a,14,1,971.4,2,struct_pcu_ok
Rotated_Rastrigin_20D,v74,14,1,5.0,2,pcu_ok
Rotated_Rastrigin_20D,v54,15,0,678.4,76857,hgca_cma_failed
Rotated_Rastrigin_20D,v71,15,1,5.0,2,pcu_ok
Rotated_Rastrigin_20D,v74a,15,1,929.5,2,struct_pcu_ok
Rotated_Rastrigin_20D,v74,15,1,5.1,2,pcu_ok
Rotated_Rastrigin_20D,v54,16,0,736.5,77515,hgca_cma_failed
Rotated_Rastrigin_20D,v71,16,1,5.0,2,pcu_ok
Rotated_Rastrigin_20D,v74a,16,1,899.2,2,struct_pcu_ok
Rotated_Rastrigin_20D,v74,16,1,5.0,2,pcu_ok
Rotated_Rastrigin_20D,v54,17,0,723.0,77844,hgca_cma_failed
Rotated_Rastrigin_20D,v71,17,1,6.0,2,pcu_ok
Rotated_Rastrigin_20D,v74a,17,1,932.9,2,struct_pcu_ok
Rotated_Rastrigin_20D,v74,17,1,5.0,2,pcu_ok
Rotated_Rastrigin_20D,v54,18,0,655.0,76859,hgca_cma_failed
Rotated_Rastrigin_20D,v71,18,1,5.0,2,pcu_ok
Rotated_Rastrigin_20D,v74a,18,1,922.4,2,struct_pcu_ok
Rotated_Rastrigin_20D,v74,18,1,5.0,2,pcu_ok
Rotated_Rastrigin_20D,v54,19,0,719.8,77844,hgca_cma_failed
Rotated_Rastrigin_20D,v71,19,1,5.0,2,pcu_ok
Rotated_Rastrigin_20D,v74a,19,1,950.3,2,struct_pcu_ok
Rotated_Rastrigin_20D,v74,19,1,5.0,2,pcu_ok
Rotated_Rastrigin_20D,v54,20,0,698.1,77515,hgca_cma_failed
Rotated_Rastrigin_20D,v71,20,1,5.0,2,pcu_ok
Rotated_Rastrigin_20D,v74a,20,1,937.4,2,struct_pcu_ok
Rotated_Rastrigin_20D,v74,20,1,5.0,2,pcu_ok
Rotated_Rastrigin_20D,v54,21,0,707.4,77515,hgca_cma_failed
Rotated_Rastrigin_20D,v71,21,1,5.0,2,pcu_ok
Rotated_Rastrigin_20D,v74a,21,1,919.5,2,struct_pcu_ok
Rotated_Rastrigin_20D,v74,21,1,5.0,2,pcu_ok
Rotated_Rastrigin_20D,v54,22,0,707.2,77186,hgca_cma_failed
Rotated_Rastrigin_20D,v71,22,1,6.0,2,pcu_ok
Rotated_Rastrigin_20D,v74a,22,1,963.8,2,struct_pcu_ok
Rotated_Rastrigin_20D,v74,22,1,5.0,2,pcu_ok
Rotated_Rastrigin_20D,v54,23,0,731.7,78173,hgca_cma_failed
Rotated_Rastrigin_20D,v71,23,1,5.0,2,pcu_ok
Rotated_Rastrigin_20D,v74a,23,1,943.8,2,struct_pcu_ok
Rotated_Rastrigin_20D,v74,23,1,5.0,2,pcu_ok
Rotated_Rastrigin_20D,v54,24,0,674.3,77187,hgca_cma_failed
Rotated_Rastrigin_20D,v71,24,1,5.0,2,pcu_ok
Rotated_Rastrigin_20D,v74a,24,1,962.7,2,struct_pcu_ok
Rotated_Rastrigin_20D,v74,24,1,5.0,2,pcu_ok
Rotated_Rastrigin_20D,v54,25,0,709.9,77844,hgca_cma_failed
Rotated_Rastrigin_20D,v71,25,1,6.0,2,pcu_ok
Rotated_Rastrigin_20D,v74a,25,1,957.6,2,struct_pcu_ok
Rotated_Rastrigin_20D,v74,25,1,5.0,2,pcu_ok
Rotated_Rastrigin_20D,v54,26,0,699.7,77515,hgca_cma_failed
Rotated_Rastrigin_20D,v71,26,1,5.0,2,pcu_ok
Rotated_Rastrigin_20D,v74a,26,1,949.2,2,struct_pcu_ok
Rotated_Rastrigin_20D,v74,26,1,5.0,2,pcu_ok
Rotated_Rastrigin_20D,v54,27,0,696.8,77844,hgca_cma_failed
Rotated_Rastrigin_20D,v71,27,1,5.1,2,pcu_ok
Rotated_Rastrigin_20D,v74a,27,1,958.1,2,struct_pcu_ok
Rotated_Rastrigin_20D,v74,27,1,5.1,2,pcu_ok
Rotated_Rastrigin_20D,v54,28,0,723.4,78173,hgca_cma_failed
Rotated_Rastrigin_20D,v71,28,1,5.0,2,pcu_ok
Rotated_Rastrigin_20D,v74a,28,1,1008.7,2,struct_pcu_ok
Rotated_Rastrigin_20D,v74,28,1,5.0,2,pcu_ok
Rotated_Rastrigin_20D,v54,29,0,694.8,77844,hgca_cma_failed
Rotated_Rastrigin_20D,v71,29,1,4.0,2,pcu_ok
Rotated_Rastrigin_20D,v74a,29,1,973.4,2,struct_pcu_ok
Rotated_Rastrigin_20D,v74,29,1,5.0,2,pcu_ok
Rotated_Rastrigin_20D,v54,30,0,695.8,77513,hgca_cma_failed
Rotated_Rastrigin_20D,v71,30,1,4.0,2,pcu_ok
Rotated_Rastrigin_20D,v74a,30,1,929.1,2,struct_pcu_ok
Rotated_Rastrigin_20D,v74,30,1,4.9,2,pcu_ok
Rotated_Rastrigin_20D,v54,31,0,705.5,77845,hgca_cma_failed
Rotated_Rastrigin_20D,v71,31,1,5.0,2,pcu_ok
Rotated_Rastrigin_20D,v74a,31,1,961.8,2,struct_pcu_ok
Rotated_Rastrigin_20D,v74,31,1,5.0,2,pcu_ok
Rotated_Rastrigin_20D,v54,32,0,719.2,77845,hgca_cma_failed
Rotated_Rastrigin_20D,v71,32,1,5.1,2,pcu_ok
Rotated_Rastrigin_20D,v74a,32,1,933.4,2,struct_pcu_ok
Rotated_Rastrigin_20D,v74,32,1,4.0,2,pcu_ok
Rotated_Rastrigin_20D,v54,33,0,706.0,77186,hgca_cma_failed
Rotated_Rastrigin_20D,v71,33,1,5.1,2,pcu_ok
Rotated_Rastrigin_20D,v74a,33,1,956.6,2,struct_pcu_ok
Rotated_Rastrigin_20D,v74,33,1,5.1,2,pcu_ok
Rotated_Rastrigin_20D,v54,34,0,745.4,78502,hgca_cma_failed
Rotated_Rastrigin_20D,v71,34,1,5.0,2,pcu_ok
Rotated_Rastrigin_20D,v74a,34,1,961.7,2,struct_pcu_ok
Rotated_Rastrigin_20D,v74,34,1,5.0,2,pcu_ok
Rotated_Rastrigin_20D,v54,35,0,690.6,77186,hgca_cma_failed
Rotated_Rastrigin_20D,v71,35,1,4.0,2,pcu_ok
Rotated_Rastrigin_20D,v74a,35,1,981.8,2,struct_pcu_ok
Rotated_Rastrigin_20D,v74,35,1,5.0,2,pcu_ok
Rotated_Rastrigin_20D,v54,36,0,701.2,78174,hgca_cma_failed
Rotated_Rastrigin_20D,v71,36,1,5.0,2,pcu_ok
Rotated_Rastrigin_20D,v74a,36,1,976.4,2,struct_pcu_ok
Rotated_Rastrigin_20D,v74,36,1,5.0,2,pcu_ok
Rotated_Rastrigin_20D,v54,37,0,711.7,77844,hgca_cma_failed
Rotated_Rastrigin_20D,v71,37,1,6.0,2,pcu_ok
Rotated_Rastrigin_20D,v74a,37,1,987.6,2,struct_pcu_ok
Rotated_Rastrigin_20D,v74,37,1,4.1,2,pcu_ok
Rotated_Rastrigin_20D,v54,38,0,678.2,77186,hgca_cma_failed
Rotated_Rastrigin_20D,v71,38,1,4.9,2,pcu_ok
Rotated_Rastrigin_20D,v74a,38,1,990.6,2,struct_pcu_ok
Rotated_Rastrigin_20D,v74,38,1,5.0,2,pcu_ok
Rotated_Rastrigin_20D,v54,39,0,736.1,78502,hgca_cma_failed
Rotated_Rastrigin_20D,v71,39,1,4.9,2,pcu_ok
Rotated_Rastrigin_20D,v74a,39,1,972.5,2,struct_pcu_ok
Rotated_Rastrigin_20D,v74,39,1,5.1,2,pcu_ok
Rotated_Rastrigin_20D,v54,40,0,713.1,77844,hgca_cma_failed
Rotated_Rastrigin_20D,v71,40,1,5.0,2,pcu_ok
Rotated_Rastrigin_20D,v74a,40,1,927.8,2,struct_pcu_ok
Rotated_Rastrigin_20D,v74,40,1,5.0,2,pcu_ok
Rotated_Rastrigin_20D,v54,41,0,719.7,77844,hgca_cma_failed
Rotated_Rastrigin_20D,v71,41,1,4.0,2,pcu_ok
Rotated_Rastrigin_20D,v74a,41,1,968.5,2,struct_pcu_ok
Rotated_Rastrigin_20D,v74,41,1,5.0,2,pcu_ok
Rotated_Rastrigin_20D,v54,42,0,675.2,77186,hgca_cma_failed
Rotated_Rastrigin_20D,v71,42,1,6.0,2,pcu_ok
Rotated_Rastrigin_20D,v74a,42,1,987.7,2,struct_pcu_ok
Rotated_Rastrigin_20D,v74,42,1,4.9,2,pcu_ok
Rotated_Rastrigin_20D,v54,43,0,714.4,77844,hgca_cma_failed
Rotated_Rastrigin_20D,v71,43,1,5.9,2,pcu_ok
Rotated_Rastrigin_20D,v74a,43,1,1173.3,2,struct_pcu_ok
Rotated_Rastrigin_20D,v74,43,1,7.0,2,pcu_ok
Rotated_Rastrigin_20D,v54,44,0,871.7,77844,hgca_cma_failed
Rotated_Rastrigin_20D,v71,44,1,5.0,2,pcu_ok
Rotated_Rastrigin_20D,v74a,44,1,1087.4,2,struct_pcu_ok
Rotated_Rastrigin_20D,v74,44,1,5.0,2,pcu_ok
Rotated_Rastrigin_20D,v54,45,0,793.9,78172,hgca_cma_failed
Rotated_Rastrigin_20D,v71,45,1,5.0,2,pcu_ok
Rotated_Rastrigin_20D,v74a,45,1,1081.3,2,struct_pcu_ok
Rotated_Rastrigin_20D,v74,45,1,5.0,2,pcu_ok
Rotated_Rastrigin_20D,v54,46,0,706.4,77845,hgca_cma_failed
Rotated_Rastrigin_20D,v71,46,1,5.1,2,pcu_ok
Rotated_Rastrigin_20D,v74a,46,1,940.0,2,struct_pcu_ok
Rotated_Rastrigin_20D,v74,46,1,5.1,2,pcu_ok
Rotated_Rastrigin_20D,v54,47,0,725.9,78502,hgca_cma_failed
Rotated_Rastrigin_20D,v71,47,1,4.9,2,pcu_ok
Rotated_Rastrigin_20D,v74a,47,1,942.8,2,struct_pcu_ok
Rotated_Rastrigin_20D,v74,47,1,5.0,2,pcu_ok
Rotated_Rastrigin_20D,v54,48,0,652.4,76857,hgca_cma_failed
Rotated_Rastrigin_20D,v71,48,1,3.9,2,pcu_ok
Rotated_Rastrigin_20D,v74a,48,1,997.8,2,struct_pcu_ok
Rotated_Rastrigin_20D,v74,48,1,4.9,2,pcu_ok
Rotated_Rastrigin_20D,v54,49,0,706.9,78173,hgca_cma_failed
Rotated_Rastrigin_20D,v71,49,1,5.0,2,pcu_ok
Rotated_Rastrigin_20D,v74a,49,1,976.0,2,struct_pcu_ok
Rotated_Rastrigin_20D,v74,49,1,5.0,2,pcu_ok
Schaffer_F6_2D_XE,v54,0,0,403.1,40636,hgca_cma_failed
Schaffer_F6_2D_XE,v71,0,0,334.0,40636,hgca_cma_failed
Schaffer_F6_2D_XE,v74a,0,0,832.9,40636,hgca_cma_failed
Schaffer_F6_2D_XE,v74,0,0,825.0,40636,hgca_cma_failed
Schaffer_F6_2D_XE,v54,1,0,360.4,40969,hgca_cma_failed
Schaffer_F6_2D_XE,v71,1,0,346.9,40969,hgca_cma_failed
Schaffer_F6_2D_XE,v74a,1,0,842.1,40969,hgca_cma_failed
Schaffer_F6_2D_XE,v74,1,0,858.5,40969,hgca_cma_failed
Schaffer_F6_2D_XE,v54,2,0,332.0,42171,hgca_cma_failed
Schaffer_F6_2D_XE,v71,2,0,356.6,42171,hgca_cma_failed
Schaffer_F6_2D_XE,v74a,2,0,819.6,42171,hgca_cma_failed
Schaffer_F6_2D_XE,v74,2,0,831.6,42171,hgca_cma_failed
Schaffer_F6_2D_XE,v54,3,0,326.3,40970,hgca_cma_failed
Schaffer_F6_2D_XE,v71,3,0,323.8,40970,hgca_cma_failed
Schaffer_F6_2D_XE,v74a,3,0,758.0,40970,hgca_cma_failed
Schaffer_F6_2D_XE,v74,3,0,740.2,40970,hgca_cma_failed
Schaffer_F6_2D_XE,v54,4,0,347.0,42171,hgca_cma_failed
Schaffer_F6_2D_XE,v71,4,0,350.2,42171,hgca_cma_failed
Schaffer_F6_2D_XE,v74a,4,0,795.0,42171,hgca_cma_failed
Schaffer_F6_2D_XE,v74,4,0,782.0,42171,hgca_cma_failed
Schaffer_F6_2D_XE,v54,5,0,322.7,40672,hgca_cma_failed
Schaffer_F6_2D_XE,v71,5,0,314.1,40672,hgca_cma_failed
Schaffer_F6_2D_XE,v74a,5,0,706.3,40672,hgca_cma_failed
Schaffer_F6_2D_XE,v74,5,0,713.8,40672,hgca_cma_failed
Schaffer_F6_2D_XE,v54,6,0,326.6,40637,hgca_cma_failed
Schaffer_F6_2D_XE,v71,6,0,333.0,40637,hgca_cma_failed
Schaffer_F6_2D_XE,v74a,6,0,716.6,40637,hgca_cma_failed
Schaffer_F6_2D_XE,v74,6,0,735.9,40637,hgca_cma_failed
Schaffer_F6_2D_XE,v54,7,0,333.0,42503,hgca_cma_failed
Schaffer_F6_2D_XE,v71,7,0,340.3,42503,hgca_cma_failed
Schaffer_F6_2D_XE,v74a,7,0,798.8,42503,hgca_cma_failed
Schaffer_F6_2D_XE,v74,7,0,790.4,42503,hgca_cma_failed
Schaffer_F6_2D_XE,v54,8,0,335.4,41632,hgca_cma_failed
Schaffer_F6_2D_XE,v71,8,0,338.3,41632,hgca_cma_failed
Schaffer_F6_2D_XE,v74a,8,0,774.5,41632,hgca_cma_failed
Schaffer_F6_2D_XE,v74,8,0,772.7,41632,hgca_cma_failed
Schaffer_F6_2D_XE,v54,9,0,354.0,41632,hgca_cma_failed
Schaffer_F6_2D_XE,v71,9,0,355.1,41632,hgca_cma_failed
Schaffer_F6_2D_XE,v74a,9,0,793.5,41632,hgca_cma_failed
Schaffer_F6_2D_XE,v74,9,0,807.8,41632,hgca_cma_failed
Schaffer_F6_2D_XE,v54,10,1,308.1,40840,hgca_cma_refined
Schaffer_F6_2D_XE,v71,10,1,299.0,40840,hgca_cma_refined
Schaffer_F6_2D_XE,v74a,10,1,803.0,40840,hgca_cma_refined
Schaffer_F6_2D_XE,v74,10,1,805.4,40840,hgca_cma_refined
Schaffer_F6_2D_XE,v54,11,0,358.9,40968,hgca_cma_failed
Schaffer_F6_2D_XE,v71,11,0,351.3,40968,hgca_cma_failed
Schaffer_F6_2D_XE,v74a,11,0,814.8,40968,hgca_cma_failed
Schaffer_F6_2D_XE,v74,11,0,822.6,40968,hgca_cma_failed
Schaffer_F6_2D_XE,v54,12,0,338.9,40968,hgca_cma_failed
Schaffer_F6_2D_XE,v71,12,0,343.2,40968,hgca_cma_failed
Schaffer_F6_2D_XE,v74a,12,0,789.9,40968,hgca_cma_failed
Schaffer_F6_2D_XE,v74,12,0,784.7,40968,hgca_cma_failed
Schaffer_F6_2D_XE,v54,13,0,314.1,41509,hgca_cma_failed
Schaffer_F6_2D_XE,v71,13,0,306.0,41509,hgca_cma_failed
Schaffer_F6_2D_XE,v74a,13,0,780.9,41509,hgca_cma_failed
Schaffer_F6_2D_XE,v74,13,0,751.4,41509,hgca_cma_failed
Schaffer_F6_2D_XE,v54,14,1,331.0,41300,hgca_refined_f
Schaffer_F6_2D_XE,v71,14,1,326.9,41300,hgca_refined_f
Schaffer_F6_2D_XE,v74a,14,1,794.8,41300,hgca_refined_f
Schaffer_F6_2D_XE,v74,14,1,812.0,41300,hgca_refined_f
Schaffer_F6_2D_XE,v54,15,0,367.1,42834,hgca_cma_failed
Schaffer_F6_2D_XE,v71,15,0,364.7,42834,hgca_cma_failed
Schaffer_F6_2D_XE,v74a,15,0,798.4,42834,hgca_cma_failed
Schaffer_F6_2D_XE,v74,15,0,821.4,42834,hgca_cma_failed
Schaffer_F6_2D_XE,v54,16,0,353.0,41632,hgca_cma_failed
Schaffer_F6_2D_XE,v71,16,0,358.5,41632,hgca_cma_failed
Schaffer_F6_2D_XE,v74a,16,0,778.7,41632,hgca_cma_failed
Schaffer_F6_2D_XE,v74,16,0,779.2,41632,hgca_cma_failed
Schaffer_F6_2D_XE,v54,17,0,324.8,40636,hgca_cma_failed
Schaffer_F6_2D_XE,v71,17,0,320.0,40636,hgca_cma_failed
Schaffer_F6_2D_XE,v74a,17,0,731.0,40636,hgca_cma_failed
Schaffer_F6_2D_XE,v74,17,0,742.6,40636,hgca_cma_failed
Schaffer_F6_2D_XE,v54,18,0,305.9,40304,hgca_cma_failed
Schaffer_F6_2D_XE,v71,18,0,301.3,40304,hgca_cma_failed
Schaffer_F6_2D_XE,v74a,18,0,729.3,40304,hgca_cma_failed
Schaffer_F6_2D_XE,v74,18,0,722.5,40304,hgca_cma_failed
Schaffer_F6_2D_XE,v54,19,0,288.0,39976,hgca_cma_failed
Schaffer_F6_2D_XE,v71,19,0,293.1,39976,hgca_cma_failed
Schaffer_F6_2D_XE,v74a,19,0,723.9,39976,hgca_cma_failed
Schaffer_F6_2D_XE,v74,19,0,707.1,39976,hgca_cma_failed
Schaffer_F6_2D_XE,v54,20,1,333.0,41300,hgca_refined_f
Schaffer_F6_2D_XE,v71,20,1,332.1,41300,hgca_refined_f
Schaffer_F6_2D_XE,v74a,20,1,823.0,41300,hgca_refined_f
Schaffer_F6_2D_XE,v74,20,1,822.1,41300,hgca_refined_f
Schaffer_F6_2D_XE,v54,21,1,263.1,40841,hgca_cma_refined
Schaffer_F6_2D_XE,v71,21,1,266.9,40841,hgca_cma_refined
Schaffer_F6_2D_XE,v74a,21,1,697.6,40841,hgca_cma_refined
Schaffer_F6_2D_XE,v74,21,1,692.0,40841,hgca_cma_refined
Schaffer_F6_2D_XE,v54,22,0,339.0,40968,hgca_cma_failed
Schaffer_F6_2D_XE,v71,22,0,335.1,40968,hgca_cma_failed
Schaffer_F6_2D_XE,v74a,22,0,699.6,40968,hgca_cma_failed
Schaffer_F6_2D_XE,v74,22,0,699.5,40968,hgca_cma_failed
Schaffer_F6_2D_XE,v54,23,0,269.1,40304,hgca_cma_failed
Schaffer_F6_2D_XE,v71,23,0,263.9,40304,hgca_cma_failed
Schaffer_F6_2D_XE,v74a,23,0,762.6,40304,hgca_cma_failed
Schaffer_F6_2D_XE,v74,23,0,759.1,40304,hgca_cma_failed
Schaffer_F6_2D_XE,v54,24,1,314.0,39637,hgca_cma_refined
Schaffer_F6_2D_XE,v71,24,1,266.0,39637,hgca_cma_refined
Schaffer_F6_2D_XE,v74a,24,1,672.0,39637,hgca_cma_refined
Schaffer_F6_2D_XE,v74,24,1,675.7,39637,hgca_cma_refined
Schaffer_F6_2D_XE,v54,25,1,283.0,39637,hgca_cma_refined
Schaffer_F6_2D_XE,v71,25,1,272.5,39637,hgca_cma_refined
Schaffer_F6_2D_XE,v74a,25,1,737.7,39637,hgca_cma_refined
Schaffer_F6_2D_XE,v74,25,1,702.1,39637,hgca_cma_refined
Schaffer_F6_2D_XE,v54,26,0,289.8,39973,hgca_cma_failed
Schaffer_F6_2D_XE,v71,26,0,289.3,39973,hgca_cma_failed
Schaffer_F6_2D_XE,v74a,26,0,736.9,39973,hgca_cma_failed
Schaffer_F6_2D_XE,v74,26,0,736.5,39973,hgca_cma_failed
Schaffer_F6_2D_XE,v54,27,0,327.8,40969,hgca_cma_failed
Schaffer_F6_2D_XE,v71,27,0,330.0,40969,hgca_cma_failed
Schaffer_F6_2D_XE,v74a,27,0,725.3,40969,hgca_cma_failed
Schaffer_F6_2D_XE,v74,27,0,730.4,40969,hgca_cma_failed
Schaffer_F6_2D_XE,v54,28,0,334.2,42503,hgca_cma_failed
Schaffer_F6_2D_XE,v71,28,0,328.9,42503,hgca_cma_failed
Schaffer_F6_2D_XE,v74a,28,0,784.9,42503,hgca_cma_failed
Schaffer_F6_2D_XE,v74,28,0,779.1,42503,hgca_cma_failed
Schaffer_F6_2D_XE,v54,29,1,334.1,41300,hgca_refined_f
Schaffer_F6_2D_XE,v71,29,1,339.9,41300,hgca_refined_f
Schaffer_F6_2D_XE,v74a,29,1,793.8,41300,hgca_refined_f
Schaffer_F6_2D_XE,v74,29,1,786.9,41300,hgca_refined_f
Schaffer_F6_2D_XE,v54,30,1,270.2,39637,hgca_cma_refined
Schaffer_F6_2D_XE,v71,30,1,266.0,39637,hgca_cma_refined
Schaffer_F6_2D_XE,v74a,30,1,688.2,39637,hgca_cma_refined
Schaffer_F6_2D_XE,v74,30,1,713.0,39637,hgca_cma_refined
Schaffer_F6_2D_XE,v54,31,0,315.1,40968,hgca_cma_failed
Schaffer_F6_2D_XE,v71,31,0,313.9,40968,hgca_cma_failed
Schaffer_F6_2D_XE,v74a,31,0,724.5,40968,hgca_cma_failed
Schaffer_F6_2D_XE,v74,31,0,713.9,40968,hgca_cma_failed
Schaffer_F6_2D_XE,v54,32,0,345.3,41838,hgca_cma_failed
Schaffer_F6_2D_XE,v71,32,0,346.5,41838,hgca_cma_failed
Schaffer_F6_2D_XE,v74a,32,0,792.9,41838,hgca_cma_failed
Schaffer_F6_2D_XE,v74,32,0,798.8,41838,hgca_cma_failed
Schaffer_F6_2D_XE,v54,33,0,339.6,41300,hgca_cma_failed
Schaffer_F6_2D_XE,v71,33,0,338.6,41300,hgca_cma_failed
Schaffer_F6_2D_XE,v74a,33,0,749.2,41300,hgca_cma_failed
Schaffer_F6_2D_XE,v74,33,0,756.7,41300,hgca_cma_failed
Schaffer_F6_2D_XE,v54,34,0,313.9,40637,hgca_cma_failed
Schaffer_F6_2D_XE,v71,34,0,304.0,40637,hgca_cma_failed
Schaffer_F6_2D_XE,v74a,34,0,696.9,40637,hgca_cma_failed
Schaffer_F6_2D_XE,v74,34,0,753.1,40637,hgca_cma_failed
Schaffer_F6_2D_XE,v54,35,0,348.0,40968,hgca_cma_failed
Schaffer_F6_2D_XE,v71,35,0,347.3,40968,hgca_cma_failed
Schaffer_F6_2D_XE,v74a,35,0,761.1,40968,hgca_cma_failed
Schaffer_F6_2D_XE,v74,35,0,751.0,40968,hgca_cma_failed
Schaffer_F6_2D_XE,v54,36,0,335.0,40636,hgca_cma_failed
Schaffer_F6_2D_XE,v71,36,0,339.0,40636,hgca_cma_failed
Schaffer_F6_2D_XE,v74a,36,0,841.8,40636,hgca_cma_failed
Schaffer_F6_2D_XE,v74,36,0,841.5,40636,hgca_cma_failed
Schaffer_F6_2D_XE,v54,37,1,344.8,42503,hgca_refined_f
Schaffer_F6_2D_XE,v71,37,1,353.0,42503,hgca_refined_f
Schaffer_F6_2D_XE,v74a,37,1,766.9,42503,hgca_refined_f
Schaffer_F6_2D_XE,v74,37,1,758.5,42503,hgca_refined_f
Schaffer_F6_2D_XE,v54,38,0,338.4,41300,hgca_cma_failed
Schaffer_F6_2D_XE,v71,38,0,337.5,41300,hgca_cma_failed
Schaffer_F6_2D_XE,v74a,38,0,695.3,41300,hgca_cma_failed
Schaffer_F6_2D_XE,v74,38,0,695.4,41300,hgca_cma_failed
Schaffer_F6_2D_XE,v54,39,1,331.5,40968,hgca_refined_f
Schaffer_F6_2D_XE,v71,39,1,334.0,40968,hgca_refined_f
Schaffer_F6_2D_XE,v74a,39,1,753.8,40968,hgca_refined_f
Schaffer_F6_2D_XE,v74,39,1,740.3,40968,hgca_refined_f
Schaffer_F6_2D_XE,v54,40,0,328.6,40968,hgca_cma_failed
Schaffer_F6_2D_XE,v71,40,0,326.7,40968,hgca_cma_failed
Schaffer_F6_2D_XE,v74a,40,0,796.6,40968,hgca_cma_failed
Schaffer_F6_2D_XE,v74,40,0,804.4,40968,hgca_cma_failed
Schaffer_F6_2D_XE,v54,41,0,350.6,42171,hgca_cma_failed
Schaffer_F6_2D_XE,v71,41,0,348.5,42171,hgca_cma_failed
Schaffer_F6_2D_XE,v74a,41,0,767.7,42171,hgca_cma_failed
Schaffer_F6_2D_XE,v74,41,0,793.8,42171,hgca_cma_failed
Schaffer_F6_2D_XE,v54,42,0,320.0,40637,hgca_cma_failed
Schaffer_F6_2D_XE,v71,42,0,322.9,40637,hgca_cma_failed
Schaffer_F6_2D_XE,v74a,42,0,725.2,40637,hgca_cma_failed
Schaffer_F6_2D_XE,v74,42,0,716.7,40637,hgca_cma_failed
Schaffer_F6_2D_XE,v54,43,0,281.9,39975,hgca_cma_failed
Schaffer_F6_2D_XE,v71,43,0,284.0,39975,hgca_cma_failed
Schaffer_F6_2D_XE,v74a,43,0,787.1,39975,hgca_cma_failed
Schaffer_F6_2D_XE,v74,43,0,763.6,39975,hgca_cma_failed
Schaffer_F6_2D_XE,v54,44,0,317.4,40968,hgca_cma_failed
Schaffer_F6_2D_XE,v71,44,0,319.1,40968,hgca_cma_failed
Schaffer_F6_2D_XE,v74a,44,0,737.1,40968,hgca_cma_failed
Schaffer_F6_2D_XE,v74,44,0,757.3,40968,hgca_cma_failed
Schaffer_F6_2D_XE,v54,45,0,342.2,41300,hgca_cma_failed
Schaffer_F6_2D_XE,v71,45,0,340.4,41300,hgca_cma_failed
Schaffer_F6_2D_XE,v74a,45,0,735.0,41300,hgca_cma_failed
Schaffer_F6_2D_XE,v74,45,0,739.1,41300,hgca_cma_failed
Schaffer_F6_2D_XE,v54,46,0,313.0,41507,hgca_cma_failed
Schaffer_F6_2D_XE,v71,46,0,318.0,41507,hgca_cma_failed
Schaffer_F6_2D_XE,v74a,46,0,698.4,41507,hgca_cma_failed
Schaffer_F6_2D_XE,v74,46,0,687.7,41507,hgca_cma_failed
Schaffer_F6_2D_XE,v54,47,0,349.3,42835,hgca_cma_failed
Schaffer_F6_2D_XE,v71,47,0,350.8,42835,hgca_cma_failed
Schaffer_F6_2D_XE,v74a,47,0,762.5,42835,hgca_cma_failed
Schaffer_F6_2D_XE,v74,47,0,762.0,42835,hgca_cma_failed
Schaffer_F6_2D_XE,v54,48,1,300.0,39637,hgca_cma_refined
Schaffer_F6_2D_XE,v71,48,1,292.4,39637,hgca_cma_refined
Schaffer_F6_2D_XE,v74a,48,1,708.8,39637,hgca_cma_refined
Schaffer_F6_2D_XE,v74,48,1,711.8,39637,hgca_cma_refined
Schaffer_F6_2D_XE,v54,49,1,346.3,42503,hgca_refined_f
Schaffer_F6_2D_XE,v71,49,1,344.1,42503,hgca_refined_f
Schaffer_F6_2D_XE,v74a,49,1,758.8,42503,hgca_refined_f
Schaffer_F6_2D_XE,v74,49,1,747.4,42503,hgca_refined_f
Simulink_Linear_Loop,v54,0,1,0.0,4,direct_newton
Simulink_Linear_Loop,v71,0,1,0.0,4,direct_newton
Simulink_Linear_Loop,v74a,0,1,1.0,4,direct_newton
Simulink_Linear_Loop,v74,0,1,0.0,4,direct_newton
Simulink_Linear_Loop,v54,1,1,0.0,4,direct_newton
Simulink_Linear_Loop,v71,1,1,0.0,4,direct_newton
Simulink_Linear_Loop,v74a,1,1,0.0,4,direct_newton
Simulink_Linear_Loop,v74,1,1,1.0,4,direct_newton
Simulink_Linear_Loop,v54,2,1,0.0,3,direct_newton
Simulink_Linear_Loop,v71,2,1,0.0,3,direct_newton
Simulink_Linear_Loop,v74a,2,1,0.0,3,direct_newton
Simulink_Linear_Loop,v74,2,1,0.0,3,direct_newton
Simulink_Linear_Loop,v54,3,1,1.0,4,direct_newton
Simulink_Linear_Loop,v71,3,1,0.0,4,direct_newton
Simulink_Linear_Loop,v74a,3,1,0.0,4,direct_newton
Simulink_Linear_Loop,v74,3,1,0.0,4,direct_newton
Simulink_Linear_Loop,v54,4,1,0.0,4,direct_newton
Simulink_Linear_Loop,v71,4,1,1.0,4,direct_newton
Simulink_Linear_Loop,v74a,4,1,0.0,4,direct_newton
Simulink_Linear_Loop,v74,4,1,0.0,4,direct_newton
Simulink_Linear_Loop,v54,5,1,1.0,3,direct_newton
Simulink_Linear_Loop,v71,5,1,0.0,3,direct_newton
Simulink_Linear_Loop,v74a,5,1,0.0,3,direct_newton
Simulink_Linear_Loop,v74,5,1,0.0,3,direct_newton
Simulink_Linear_Loop,v54,6,1,1.0,3,direct_newton
Simulink_Linear_Loop,v71,6,1,0.0,3,direct_newton
Simulink_Linear_Loop,v74a,6,1,0.0,3,direct_newton
Simulink_Linear_Loop,v74,6,1,0.0,3,direct_newton
Simulink_Linear_Loop,v54,7,1,0.0,4,direct_newton
Simulink_Linear_Loop,v71,7,1,1.0,4,direct_newton
Simulink_Linear_Loop,v74a,7,1,0.0,4,direct_newton
Simulink_Linear_Loop,v74,7,1,0.0,4,direct_newton
Simulink_Linear_Loop,v54,8,1,0.0,3,direct_newton
Simulink_Linear_Loop,v71,8,1,0.0,3,direct_newton
Simulink_Linear_Loop,v74a,8,1,1.0,3,direct_newton
Simulink_Linear_Loop,v74,8,1,0.0,3,direct_newton
Simulink_Linear_Loop,v54,9,1,0.0,3,direct_newton
Simulink_Linear_Loop,v71,9,1,0.0,3,direct_newton
Simulink_Linear_Loop,v74a,9,1,0.0,3,direct_newton
Simulink_Linear_Loop,v74,9,1,0.0,3,direct_newton
Simulink_Linear_Loop,v54,10,1,1.0,4,direct_newton
Simulink_Linear_Loop,v71,10,1,0.0,4,direct_newton
Simulink_Linear_Loop,v74a,10,1,0.0,4,direct_newton
Simulink_Linear_Loop,v74,10,1,0.0,4,direct_newton
Simulink_Linear_Loop,v54,11,1,1.0,4,direct_newton
Simulink_Linear_Loop,v71,11,1,0.0,4,direct_newton
Simulink_Linear_Loop,v74a,11,1,0.0,4,direct_newton
Simulink_Linear_Loop,v74,11,1,0.0,4,direct_newton
Simulink_Linear_Loop,v54,12,1,0.0,3,direct_newton
Simulink_Linear_Loop,v71,12,1,1.0,3,direct_newton
Simulink_Linear_Loop,v74a,12,1,0.0,3,direct_newton
Simulink_Linear_Loop,v74,12,1,0.0,3,direct_newton
Simulink_Linear_Loop,v54,13,1,0.0,4,direct_newton
Simulink_Linear_Loop,v71,13,1,0.0,4,direct_newton
Simulink_Linear_Loop,v74a,13,1,0.0,4,direct_newton
Simulink_Linear_Loop,v74,13,1,1.0,4,direct_newton
Simulink_Linear_Loop,v54,14,1,0.0,3,direct_newton
Simulink_Linear_Loop,v71,14,1,0.0,3,direct_newton
Simulink_Linear_Loop,v74a,14,1,0.0,3,direct_newton
Simulink_Linear_Loop,v74,14,1,0.0,3,direct_newton
Simulink_Linear_Loop,v54,15,1,1.0,4,direct_newton
Simulink_Linear_Loop,v71,15,1,0.0,4,direct_newton
Simulink_Linear_Loop,v74a,15,1,0.0,4,direct_newton
Simulink_Linear_Loop,v74,15,1,0.0,4,direct_newton
Simulink_Linear_Loop,v54,16,1,0.0,3,direct_newton
Simulink_Linear_Loop,v71,16,1,1.0,3,direct_newton
Simulink_Linear_Loop,v74a,16,1,0.0,3,direct_newton
Simulink_Linear_Loop,v74,16,1,0.0,3,direct_newton
Simulink_Linear_Loop,v54,17,1,0.0,4,direct_newton
Simulink_Linear_Loop,v71,17,1,0.0,4,direct_newton
Simulink_Linear_Loop,v74a,17,1,0.0,4,direct_newton
Simulink_Linear_Loop,v74,17,1,1.0,4,direct_newton
Simulink_Linear_Loop,v54,18,1,0.0,4,direct_newton
Simulink_Linear_Loop,v71,18,1,0.0,4,direct_newton
Simulink_Linear_Loop,v74a,18,1,0.0,4,direct_newton
Simulink_Linear_Loop,v74,18,1,0.9,4,direct_newton
Simulink_Linear_Loop,v54,19,1,0.0,3,direct_newton
Simulink_Linear_Loop,v71,19,1,0.0,3,direct_newton
Simulink_Linear_Loop,v74a,19,1,0.0,3,direct_newton
Simulink_Linear_Loop,v74,19,1,0.0,3,direct_newton
Simulink_Linear_Loop,v54,20,1,0.0,3,direct_newton
Simulink_Linear_Loop,v71,20,1,1.1,3,direct_newton
Simulink_Linear_Loop,v74a,20,1,0.0,3,direct_newton
Simulink_Linear_Loop,v74,20,1,0.0,3,direct_newton
Simulink_Linear_Loop,v54,21,1,0.0,4,direct_newton
Simulink_Linear_Loop,v71,21,1,0.0,4,direct_newton
Simulink_Linear_Loop,v74a,21,1,1.0,4,direct_newton
Simulink_Linear_Loop,v74,21,1,0.0,4,direct_newton
Simulink_Linear_Loop,v54,22,1,0.0,4,direct_newton
Simulink_Linear_Loop,v71,22,1,0.0,4,direct_newton
Simulink_Linear_Loop,v74a,22,1,0.0,4,direct_newton
Simulink_Linear_Loop,v74,22,1,1.0,4,direct_newton
Simulink_Linear_Loop,v54,23,1,0.0,4,direct_newton
Simulink_Linear_Loop,v71,23,1,0.0,4,direct_newton
Simulink_Linear_Loop,v74a,23,1,0.0,4,direct_newton
Simulink_Linear_Loop,v74,23,1,1.0,4,direct_newton
Simulink_Linear_Loop,v54,24,1,0.0,4,direct_newton
Simulink_Linear_Loop,v71,24,1,0.0,4,direct_newton
Simulink_Linear_Loop,v74a,24,1,0.0,4,direct_newton
Simulink_Linear_Loop,v74,24,1,0.0,4,direct_newton
Simulink_Linear_Loop,v54,25,1,0.0,3,direct_newton
Simulink_Linear_Loop,v71,25,1,0.0,3,direct_newton
Simulink_Linear_Loop,v74a,25,1,0.0,3,direct_newton
Simulink_Linear_Loop,v74,25,1,0.0,3,direct_newton
Simulink_Linear_Loop,v54,26,1,1.0,3,direct_newton
Simulink_Linear_Loop,v71,26,1,0.0,3,direct_newton
Simulink_Linear_Loop,v74a,26,1,0.0,3,direct_newton
Simulink_Linear_Loop,v74,26,1,0.0,3,direct_newton
Simulink_Linear_Loop,v54,27,1,0.0,3,direct_newton
Simulink_Linear_Loop,v71,27,1,1.0,3,direct_newton
Simulink_Linear_Loop,v74a,27,1,0.0,3,direct_newton
Simulink_Linear_Loop,v74,27,1,0.0,3,direct_newton
Simulink_Linear_Loop,v54,28,1,0.0,4,direct_newton
Simulink_Linear_Loop,v71,28,1,0.0,4,direct_newton
Simulink_Linear_Loop,v74a,28,1,1.0,4,direct_newton
Simulink_Linear_Loop,v74,28,1,0.0,4,direct_newton
Simulink_Linear_Loop,v54,29,1,0.0,3,direct_newton
Simulink_Linear_Loop,v71,29,1,0.0,3,direct_newton
Simulink_Linear_Loop,v74a,29,1,0.0,3,direct_newton
Simulink_Linear_Loop,v74,29,1,1.1,3,direct_newton
Simulink_Linear_Loop,v54,30,1,0.0,3,direct_newton
Simulink_Linear_Loop,v71,30,1,0.0,3,direct_newton
Simulink_Linear_Loop,v74a,30,1,0.0,3,direct_newton
Simulink_Linear_Loop,v74,30,1,0.0,3,direct_newton
Simulink_Linear_Loop,v54,31,1,1.0,4,direct_newton
Simulink_Linear_Loop,v71,31,1,0.0,4,direct_newton
Simulink_Linear_Loop,v74a,31,1,0.0,4,direct_newton
Simulink_Linear_Loop,v74,31,1,0.0,4,direct_newton
Simulink_Linear_Loop,v54,32,1,0.0,4,direct_newton
Simulink_Linear_Loop,v71,32,1,0.0,4,direct_newton
Simulink_Linear_Loop,v74a,32,1,1.0,4,direct_newton
Simulink_Linear_Loop,v74,32,1,0.0,4,direct_newton
Simulink_Linear_Loop,v54,33,1,0.0,4,direct_newton
Simulink_Linear_Loop,v71,33,1,0.0,4,direct_newton
Simulink_Linear_Loop,v74a,33,1,1.0,4,direct_newton
Simulink_Linear_Loop,v74,33,1,0.0,4,direct_newton
Simulink_Linear_Loop,v54,34,1,0.0,4,direct_newton
Simulink_Linear_Loop,v71,34,1,0.0,4,direct_newton
Simulink_Linear_Loop,v74a,34,1,0.0,4,direct_newton
Simulink_Linear_Loop,v74,34,1,0.0,4,direct_newton
Simulink_Linear_Loop,v54,35,1,0.0,4,direct_newton
Simulink_Linear_Loop,v71,35,1,0.0,4,direct_newton
Simulink_Linear_Loop,v74a,35,1,0.0,4,direct_newton
Simulink_Linear_Loop,v74,35,1,0.0,4,direct_newton
Simulink_Linear_Loop,v54,36,1,1.0,4,direct_newton
Simulink_Linear_Loop,v71,36,1,0.0,4,direct_newton
Simulink_Linear_Loop,v74a,36,1,0.0,4,direct_newton
Simulink_Linear_Loop,v74,36,1,0.0,4,direct_newton
Simulink_Linear_Loop,v54,37,1,0.0,3,direct_newton
Simulink_Linear_Loop,v71,37,1,1.0,3,direct_newton
Simulink_Linear_Loop,v74a,37,1,0.0,3,direct_newton
Simulink_Linear_Loop,v74,37,1,0.0,3,direct_newton
Simulink_Linear_Loop,v54,38,1,0.0,4,direct_newton
Simulink_Linear_Loop,v71,38,1,0.0,4,direct_newton
Simulink_Linear_Loop,v74a,38,1,0.0,4,direct_newton
Simulink_Linear_Loop,v74,38,1,1.0,4,direct_newton
Simulink_Linear_Loop,v54,39,1,0.0,4,direct_newton
Simulink_Linear_Loop,v71,39,1,0.0,4,direct_newton
Simulink_Linear_Loop,v74a,39,1,0.0,4,direct_newton
Simulink_Linear_Loop,v74,39,1,0.0,4,direct_newton
Simulink_Linear_Loop,v54,40,1,0.0,4,direct_newton
Simulink_Linear_Loop,v71,40,1,0.0,4,direct_newton
Simulink_Linear_Loop,v74a,40,1,0.0,4,direct_newton
Simulink_Linear_Loop,v74,40,1,0.0,4,direct_newton
Simulink_Linear_Loop,v54,41,1,0.9,4,direct_newton
Simulink_Linear_Loop,v71,41,1,0.0,4,direct_newton
Simulink_Linear_Loop,v74a,41,1,0.0,4,direct_newton
Simulink_Linear_Loop,v74,41,1,0.0,4,direct_newton
Simulink_Linear_Loop,v54,42,1,0.0,3,direct_newton
Simulink_Linear_Loop,v71,42,1,1.1,3,direct_newton
Simulink_Linear_Loop,v74a,42,1,0.0,3,direct_newton
Simulink_Linear_Loop,v74,42,1,0.0,3,direct_newton
Simulink_Linear_Loop,v54,43,1,0.0,4,direct_newton
Simulink_Linear_Loop,v71,43,1,0.9,4,direct_newton
Simulink_Linear_Loop,v74a,43,1,0.0,4,direct_newton
Simulink_Linear_Loop,v74,43,1,0.0,4,direct_newton
Simulink_Linear_Loop,v54,44,1,0.0,3,direct_newton
Simulink_Linear_Loop,v71,44,1,0.0,3,direct_newton
Simulink_Linear_Loop,v74a,44,1,1.0,3,direct_newton
Simulink_Linear_Loop,v74,44,1,0.0,3,direct_newton
Simulink_Linear_Loop,v54,45,1,0.0,3,direct_newton
Simulink_Linear_Loop,v71,45,1,0.0,3,direct_newton
Simulink_Linear_Loop,v74a,45,1,0.0,3,direct_newton
Simulink_Linear_Loop,v74,45,1,1.0,3,direct_newton
Simulink_Linear_Loop,v54,46,1,0.0,3,direct_newton
Simulink_Linear_Loop,v71,46,1,0.0,3,direct_newton
Simulink_Linear_Loop,v74a,46,1,0.0,3,direct_newton
Simulink_Linear_Loop,v74,46,1,0.0,3,direct_newton
Simulink_Linear_Loop,v54,47,1,1.0,4,direct_newton
Simulink_Linear_Loop,v71,47,1,0.0,4,direct_newton
Simulink_Linear_Loop,v74a,47,1,0.0,4,direct_newton
Simulink_Linear_Loop,v74,47,1,0.0,4,direct_newton
Simulink_Linear_Loop,v54,48,1,0.0,4,direct_newton
Simulink_Linear_Loop,v71,48,1,1.0,4,direct_newton
Simulink_Linear_Loop,v74a,48,1,0.0,4,direct_newton
Simulink_Linear_Loop,v74,48,1,0.0,4,direct_newton
Simulink_Linear_Loop,v54,49,1,0.0,3,direct_newton
Simulink_Linear_Loop,v71,49,1,0.0,3,direct_newton
Simulink_Linear_Loop,v74a,49,1,0.0,3,direct_newton
Simulink_Linear_Loop,v74,49,1,1.1,3,direct_newton
Simulink_Nonlinear_Loop,v54,0,1,276.4,33326,hgca_cma_refined
Simulink_Nonlinear_Loop,v71,0,1,281.9,33326,hgca_cma_refined
Simulink_Nonlinear_Loop,v74a,0,1,368.5,33326,hgca_cma_refined
Simulink_Nonlinear_Loop,v74,0,1,371.0,33326,hgca_cma_refined
Simulink_Nonlinear_Loop,v54,1,1,247.4,26593,hgca_cma_refined
Simulink_Nonlinear_Loop,v71,1,1,238.6,26593,hgca_cma_refined
Simulink_Nonlinear_Loop,v74a,1,1,327.0,26593,hgca_cma_refined
Simulink_Nonlinear_Loop,v74,1,1,319.4,26593,hgca_cma_refined
Simulink_Nonlinear_Loop,v54,2,1,255.1,31354,hgca_cma_refined
Simulink_Nonlinear_Loop,v71,2,1,254.4,31354,hgca_cma_refined
Simulink_Nonlinear_Loop,v74a,2,1,342.9,31354,hgca_cma_refined
Simulink_Nonlinear_Loop,v74,2,1,349.5,31354,hgca_cma_refined
Simulink_Nonlinear_Loop,v54,3,1,278.0,31877,hgca_cma_refined
Simulink_Nonlinear_Loop,v71,3,1,279.1,31877,hgca_cma_refined
Simulink_Nonlinear_Loop,v74a,3,1,362.0,31877,hgca_cma_refined
Simulink_Nonlinear_Loop,v74,3,1,368.8,31877,hgca_cma_refined
Simulink_Nonlinear_Loop,v54,4,1,263.5,30242,hgca_cma_refined
Simulink_Nonlinear_Loop,v71,4,1,256.4,30242,hgca_cma_refined
Simulink_Nonlinear_Loop,v74a,4,1,340.0,30242,hgca_cma_refined
Simulink_Nonlinear_Loop,v74,4,1,345.0,30242,hgca_cma_refined
Simulink_Nonlinear_Loop,v54,5,1,290.4,32657,hgca_cma_refined
Simulink_Nonlinear_Loop,v71,5,1,294.1,32657,hgca_cma_refined
Simulink_Nonlinear_Loop,v74a,5,1,379.3,32657,hgca_cma_refined
Simulink_Nonlinear_Loop,v74,5,1,375.0,32657,hgca_cma_refined
Simulink_Nonlinear_Loop,v54,6,1,285.3,34999,hgca_cma_refined
Simulink_Nonlinear_Loop,v71,6,1,282.0,34999,hgca_cma_refined
Simulink_Nonlinear_Loop,v74a,6,1,358.9,34999,hgca_cma_refined
Simulink_Nonlinear_Loop,v74,6,1,357.1,34999,hgca_cma_refined
Simulink_Nonlinear_Loop,v54,7,1,259.4,31999,hgca_cma_refined
Simulink_Nonlinear_Loop,v71,7,1,266.6,31999,hgca_cma_refined
Simulink_Nonlinear_Loop,v74a,7,1,284.5,31999,hgca_cma_refined
Simulink_Nonlinear_Loop,v74,7,1,319.0,31999,hgca_cma_refined
Simulink_Nonlinear_Loop,v54,8,1,257.0,28581,hgca_cma_refined
Simulink_Nonlinear_Loop,v71,8,1,257.0,28581,hgca_cma_refined
Simulink_Nonlinear_Loop,v74a,8,1,280.5,28581,hgca_cma_refined
Simulink_Nonlinear_Loop,v74,8,1,283.5,28581,hgca_cma_refined
Simulink_Nonlinear_Loop,v54,9,1,254.0,28323,hgca_cma_refined
Simulink_Nonlinear_Loop,v71,9,1,249.8,28323,hgca_cma_refined
Simulink_Nonlinear_Loop,v74a,9,1,277.9,28323,hgca_cma_refined
Simulink_Nonlinear_Loop,v74,9,1,282.0,28323,hgca_cma_refined
Simulink_Nonlinear_Loop,v54,10,1,294.0,34142,hgca_cma_refined
Simulink_Nonlinear_Loop,v71,10,1,300.0,34142,hgca_cma_refined
Simulink_Nonlinear_Loop,v74a,10,1,321.2,34142,hgca_cma_refined
Simulink_Nonlinear_Loop,v74,10,1,320.6,34142,hgca_cma_refined
Simulink_Nonlinear_Loop,v54,11,1,290.7,34459,hgca_cma_refined
Simulink_Nonlinear_Loop,v71,11,1,295.9,34459,hgca_cma_refined
Simulink_Nonlinear_Loop,v74a,11,1,327.7,34459,hgca_cma_refined
Simulink_Nonlinear_Loop,v74,11,1,314.1,34459,hgca_cma_refined
Simulink_Nonlinear_Loop,v54,12,1,292.8,34382,hgca_cma_refined
Simulink_Nonlinear_Loop,v71,12,1,290.0,34382,hgca_cma_refined
Simulink_Nonlinear_Loop,v74a,12,1,324.0,34382,hgca_cma_refined
Simulink_Nonlinear_Loop,v74,12,1,325.1,34382,hgca_cma_refined
Simulink_Nonlinear_Loop,v54,13,1,284.1,31902,hgca_cma_refined
Simulink_Nonlinear_Loop,v71,13,1,283.0,31902,hgca_cma_refined
Simulink_Nonlinear_Loop,v74a,13,1,322.5,31902,hgca_cma_refined
Simulink_Nonlinear_Loop,v74,13,1,311.4,31902,hgca_cma_refined
Simulink_Nonlinear_Loop,v54,14,1,281.0,31861,hgca_cma_refined
Simulink_Nonlinear_Loop,v71,14,1,275.0,31861,hgca_cma_refined
Simulink_Nonlinear_Loop,v74a,14,1,298.0,31861,hgca_cma_refined
Simulink_Nonlinear_Loop,v74,14,1,297.9,31861,hgca_cma_refined
Simulink_Nonlinear_Loop,v54,15,1,290.3,33741,hgca_cma_refined
Simulink_Nonlinear_Loop,v71,15,1,287.8,33741,hgca_cma_refined
Simulink_Nonlinear_Loop,v74a,15,1,378.4,33741,hgca_cma_refined
Simulink_Nonlinear_Loop,v74,15,1,378.7,33741,hgca_cma_refined
Simulink_Nonlinear_Loop,v54,16,1,275.0,30203,hgca_cma_refined
Simulink_Nonlinear_Loop,v71,16,1,276.4,30203,hgca_cma_refined
Simulink_Nonlinear_Loop,v74a,16,1,293.0,30203,hgca_cma_refined
Simulink_Nonlinear_Loop,v74,16,1,290.1,30203,hgca_cma_refined
Simulink_Nonlinear_Loop,v54,17,1,265.0,31949,hgca_cma_refined
Simulink_Nonlinear_Loop,v71,17,1,264.0,31949,hgca_cma_refined
Simulink_Nonlinear_Loop,v74a,17,1,296.0,31949,hgca_cma_refined
Simulink_Nonlinear_Loop,v74,17,1,292.0,31949,hgca_cma_refined
Simulink_Nonlinear_Loop,v54,18,1,292.0,32523,hgca_cma_refined
Simulink_Nonlinear_Loop,v71,18,1,290.0,32523,hgca_cma_refined
Simulink_Nonlinear_Loop,v74a,18,1,381.0,32523,hgca_cma_refined
Simulink_Nonlinear_Loop,v74,18,1,381.5,32523,hgca_cma_refined
Simulink_Nonlinear_Loop,v54,19,1,269.8,31035,hgca_cma_refined
Simulink_Nonlinear_Loop,v71,19,1,265.1,31035,hgca_cma_refined
Simulink_Nonlinear_Loop,v74a,19,1,357.7,31035,hgca_cma_refined
Simulink_Nonlinear_Loop,v74,19,1,360.5,31035,hgca_cma_refined
Simulink_Nonlinear_Loop,v54,20,1,272.9,32009,hgca_cma_refined
Simulink_Nonlinear_Loop,v71,20,1,281.1,32009,hgca_cma_refined
Simulink_Nonlinear_Loop,v74a,20,1,368.7,32009,hgca_cma_refined
Simulink_Nonlinear_Loop,v74,20,1,362.0,32009,hgca_cma_refined
Simulink_Nonlinear_Loop,v54,21,1,296.2,33435,hgca_cma_refined
Simulink_Nonlinear_Loop,v71,21,1,304.0,33435,hgca_cma_refined
Simulink_Nonlinear_Loop,v74a,21,1,324.4,33435,hgca_cma_refined
Simulink_Nonlinear_Loop,v74,21,1,319.9,33435,hgca_cma_refined
Simulink_Nonlinear_Loop,v54,22,1,274.6,33799,hgca_cma_refined
Simulink_Nonlinear_Loop,v71,22,1,276.0,33799,hgca_cma_refined
Simulink_Nonlinear_Loop,v74a,22,1,301.0,33799,hgca_cma_refined
Simulink_Nonlinear_Loop,v74,22,1,316.2,33799,hgca_cma_refined
Simulink_Nonlinear_Loop,v54,23,1,291.1,33203,hgca_cma_refined
Simulink_Nonlinear_Loop,v71,23,1,281.9,33203,hgca_cma_refined
Simulink_Nonlinear_Loop,v74a,23,1,306.6,33203,hgca_cma_refined
Simulink_Nonlinear_Loop,v74,23,1,308.1,33203,hgca_cma_refined
Simulink_Nonlinear_Loop,v54,24,1,274.9,33056,hgca_cma_refined
Simulink_Nonlinear_Loop,v71,24,1,274.5,33056,hgca_cma_refined
Simulink_Nonlinear_Loop,v74a,24,1,360.7,33056,hgca_cma_refined
Simulink_Nonlinear_Loop,v74,24,1,372.1,33056,hgca_cma_refined
Simulink_Nonlinear_Loop,v54,25,1,249.1,25725,hgca_cma_refined
Simulink_Nonlinear_Loop,v71,25,1,249.9,25725,hgca_cma_refined
Simulink_Nonlinear_Loop,v74a,25,1,332.2,25725,hgca_cma_refined
Simulink_Nonlinear_Loop,v74,25,1,334.7,25725,hgca_cma_refined
Simulink_Nonlinear_Loop,v54,26,1,288.3,33758,hgca_cma_refined
Simulink_Nonlinear_Loop,v71,26,1,289.2,33758,hgca_cma_refined
Simulink_Nonlinear_Loop,v74a,26,1,401.8,33758,hgca_cma_refined
Simulink_Nonlinear_Loop,v74,26,1,372.9,33758,hgca_cma_refined
Simulink_Nonlinear_Loop,v54,27,1,284.9,31802,hgca_cma_refined
Simulink_Nonlinear_Loop,v71,27,1,282.0,31802,hgca_cma_refined
Simulink_Nonlinear_Loop,v74a,27,1,447.5,31802,hgca_cma_refined
Simulink_Nonlinear_Loop,v74,27,1,436.0,31802,hgca_cma_refined
Simulink_Nonlinear_Loop,v54,28,1,285.0,31327,hgca_cma_refined
Simulink_Nonlinear_Loop,v71,28,1,292.0,31327,hgca_cma_refined
Simulink_Nonlinear_Loop,v74a,28,1,385.0,31327,hgca_cma_refined
Simulink_Nonlinear_Loop,v74,28,1,367.9,31327,hgca_cma_refined
Simulink_Nonlinear_Loop,v54,29,1,287.3,32085,hgca_cma_refined
Simulink_Nonlinear_Loop,v71,29,1,289.7,32085,hgca_cma_refined
Simulink_Nonlinear_Loop,v74a,29,1,374.8,32085,hgca_cma_refined
Simulink_Nonlinear_Loop,v74,29,1,375.0,32085,hgca_cma_refined
Simulink_Nonlinear_Loop,v54,30,1,240.5,25924,hgca_cma_refined
Simulink_Nonlinear_Loop,v71,30,1,242.6,25924,hgca_cma_refined
Simulink_Nonlinear_Loop,v74a,30,1,320.4,25924,hgca_cma_refined
Simulink_Nonlinear_Loop,v74,30,1,320.9,25924,hgca_cma_refined
Simulink_Nonlinear_Loop,v54,31,1,291.0,32540,hgca_cma_refined
Simulink_Nonlinear_Loop,v71,31,1,292.2,32540,hgca_cma_refined
Simulink_Nonlinear_Loop,v74a,31,1,320.7,32540,hgca_cma_refined
Simulink_Nonlinear_Loop,v74,31,1,322.1,32540,hgca_cma_refined
Simulink_Nonlinear_Loop,v54,32,1,265.0,29402,hgca_cma_refined
Simulink_Nonlinear_Loop,v71,32,1,264.9,29402,hgca_cma_refined
Simulink_Nonlinear_Loop,v74a,32,1,283.3,29402,hgca_cma_refined
Simulink_Nonlinear_Loop,v74,32,1,275.0,29402,hgca_cma_refined
Simulink_Nonlinear_Loop,v54,33,1,258.2,29337,hgca_cma_refined
Simulink_Nonlinear_Loop,v71,33,1,262.0,29337,hgca_cma_refined
Simulink_Nonlinear_Loop,v74a,33,1,289.5,29337,hgca_cma_refined
Simulink_Nonlinear_Loop,v74,33,1,281.8,29337,hgca_cma_refined
Simulink_Nonlinear_Loop,v54,34,1,306.3,36300,hgca_cma_refined
Simulink_Nonlinear_Loop,v71,34,1,314.0,36300,hgca_cma_refined
Simulink_Nonlinear_Loop,v74a,34,1,358.0,36300,hgca_cma_refined
Simulink_Nonlinear_Loop,v74,34,1,354.7,36300,hgca_cma_refined
Simulink_Nonlinear_Loop,v54,35,1,292.3,31113,hgca_cma_refined
Simulink_Nonlinear_Loop,v71,35,1,291.5,31113,hgca_cma_refined
Simulink_Nonlinear_Loop,v74a,35,1,305.0,31113,hgca_cma_refined
Simulink_Nonlinear_Loop,v74,35,1,306.4,31113,hgca_cma_refined
Simulink_Nonlinear_Loop,v54,36,1,260.3,28112,hgca_cma_refined
Simulink_Nonlinear_Loop,v71,36,1,254.2,28112,hgca_cma_refined
Simulink_Nonlinear_Loop,v74a,36,1,347.5,28112,hgca_cma_refined
Simulink_Nonlinear_Loop,v74,36,1,344.3,28112,hgca_cma_refined
Simulink_Nonlinear_Loop,v54,37,1,304.1,32792,hgca_cma_refined
Simulink_Nonlinear_Loop,v71,37,1,311.2,32792,hgca_cma_refined
Simulink_Nonlinear_Loop,v74a,37,1,330.9,32792,hgca_cma_refined
Simulink_Nonlinear_Loop,v74,37,1,325.5,32792,hgca_cma_refined
Simulink_Nonlinear_Loop,v54,38,1,284.9,31333,hgca_cma_refined
Simulink_Nonlinear_Loop,v71,38,1,284.9,31333,hgca_cma_refined
Simulink_Nonlinear_Loop,v74a,38,1,302.5,31333,hgca_cma_refined
Simulink_Nonlinear_Loop,v74,38,1,295.4,31333,hgca_cma_refined
Simulink_Nonlinear_Loop,v54,39,1,274.4,32532,hgca_cma_refined
Simulink_Nonlinear_Loop,v71,39,1,281.9,32532,hgca_cma_refined
Simulink_Nonlinear_Loop,v74a,39,1,371.5,32532,hgca_cma_refined
Simulink_Nonlinear_Loop,v74,39,1,362.8,32532,hgca_cma_refined
Simulink_Nonlinear_Loop,v54,40,1,241.1,27918,hgca_cma_refined
Simulink_Nonlinear_Loop,v71,40,1,247.1,27918,hgca_cma_refined
Simulink_Nonlinear_Loop,v74a,40,1,328.0,27918,hgca_cma_refined
Simulink_Nonlinear_Loop,v74,40,1,333.0,27918,hgca_cma_refined
Simulink_Nonlinear_Loop,v54,41,1,263.0,30364,hgca_cma_refined
Simulink_Nonlinear_Loop,v71,41,1,263.1,30364,hgca_cma_refined
Simulink_Nonlinear_Loop,v74a,41,1,282.0,30364,hgca_cma_refined
Simulink_Nonlinear_Loop,v74,41,1,293.9,30364,hgca_cma_refined
Simulink_Nonlinear_Loop,v54,42,1,284.4,31893,hgca_cma_refined
Simulink_Nonlinear_Loop,v71,42,1,277.6,31893,hgca_cma_refined
Simulink_Nonlinear_Loop,v74a,42,1,301.0,31893,hgca_cma_refined
Simulink_Nonlinear_Loop,v74,42,1,299.6,31893,hgca_cma_refined
Simulink_Nonlinear_Loop,v54,43,1,296.1,32410,hgca_cma_refined
Simulink_Nonlinear_Loop,v71,43,1,295.0,32410,hgca_cma_refined
Simulink_Nonlinear_Loop,v74a,43,1,371.3,32410,hgca_cma_refined
Simulink_Nonlinear_Loop,v74,43,1,375.8,32410,hgca_cma_refined
Simulink_Nonlinear_Loop,v54,44,1,264.4,32792,hgca_cma_refined
Simulink_Nonlinear_Loop,v71,44,1,268.1,32792,hgca_cma_refined
Simulink_Nonlinear_Loop,v74a,44,1,301.6,32792,hgca_cma_refined
Simulink_Nonlinear_Loop,v74,44,1,302.4,32792,hgca_cma_refined
Simulink_Nonlinear_Loop,v54,45,1,291.2,33362,hgca_cma_refined
Simulink_Nonlinear_Loop,v71,45,1,295.6,33362,hgca_cma_refined
Simulink_Nonlinear_Loop,v74a,45,1,316.9,33362,hgca_cma_refined
Simulink_Nonlinear_Loop,v74,45,1,313.3,33362,hgca_cma_refined
Simulink_Nonlinear_Loop,v54,46,1,341.0,32550,hgca_cma_refined
Simulink_Nonlinear_Loop,v71,46,1,311.3,32550,hgca_cma_refined
Simulink_Nonlinear_Loop,v74a,46,1,366.1,32550,hgca_cma_refined
Simulink_Nonlinear_Loop,v74,46,1,371.0,32550,hgca_cma_refined
Simulink_Nonlinear_Loop,v54,47,1,299.9,34199,hgca_cma_refined
Simulink_Nonlinear_Loop,v71,47,1,301.0,34199,hgca_cma_refined
Simulink_Nonlinear_Loop,v74a,47,1,339.0,34199,hgca_cma_refined
Simulink_Nonlinear_Loop,v74,47,1,346.8,34199,hgca_cma_refined
Simulink_Nonlinear_Loop,v54,48,1,288.0,31935,hgca_cma_refined
Simulink_Nonlinear_Loop,v71,48,1,276.0,31935,hgca_cma_refined
Simulink_Nonlinear_Loop,v74a,48,1,295.6,31935,hgca_cma_refined
Simulink_Nonlinear_Loop,v74,48,1,293.4,31935,hgca_cma_refined
Simulink_Nonlinear_Loop,v54,49,1,245.4,29871,hgca_cma_refined
Simulink_Nonlinear_Loop,v71,49,1,251.0,29871,hgca_cma_refined
Simulink_Nonlinear_Loop,v74a,49,1,299.0,29871,hgca_cma_refined
Simulink_Nonlinear_Loop,v74,49,1,273.0,29871,hgca_cma_refined
Wood_4D,v54,0,1,70.4,8305,hgca_cma_refined
Wood_4D,v71,0,1,68.0,8305,hgca_cma_refined
Wood_4D,v74a,0,1,152.5,8305,hgca_cma_refined
Wood_4D,v74,0,1,160.1,8305,hgca_cma_refined
Wood_4D,v54,1,1,2.0,50,direct_newton
Wood_4D,v71,1,1,1.0,50,direct_newton
Wood_4D,v74a,1,1,2.0,50,direct_newton
Wood_4D,v74,1,1,1.9,50,direct_newton
Wood_4D,v54,2,1,1.0,48,direct_newton
Wood_4D,v71,2,1,2.0,48,direct_newton
Wood_4D,v74a,2,1,2.0,48,direct_newton
Wood_4D,v74,2,1,1.0,48,direct_newton
Wood_4D,v54,3,1,2.0,51,direct_newton
Wood_4D,v71,3,1,2.0,51,direct_newton
Wood_4D,v74a,3,1,2.0,51,direct_newton
Wood_4D,v74,3,1,1.0,51,direct_newton
Wood_4D,v54,4,1,27.0,0,homotopy_direct
Wood_4D,v71,4,1,27.0,0,homotopy_direct
Wood_4D,v74a,4,1,109.6,0,homotopy_direct
Wood_4D,v74,4,1,108.0,0,homotopy_direct
Wood_4D,v54,5,1,80.9,8298,hgca_cma_refined
Wood_4D,v71,5,1,83.0,8298,hgca_cma_refined
Wood_4D,v74a,5,1,167.2,8298,hgca_cma_refined
Wood_4D,v74,5,1,164.7,8298,hgca_cma_refined
Wood_4D,v54,6,1,65.9,8297,hgca_cma_refined
Wood_4D,v71,6,1,66.0,8297,hgca_cma_refined
Wood_4D,v74a,6,1,149.1,8297,hgca_cma_refined
Wood_4D,v74,6,1,155.0,8297,hgca_cma_refined
Wood_4D,v54,7,1,106.0,8296,hgca_cma_refined
Wood_4D,v71,7,1,104.3,8296,hgca_cma_refined
Wood_4D,v74a,7,1,187.1,8296,hgca_cma_refined
Wood_4D,v74,7,1,185.3,8296,hgca_cma_refined
Wood_4D,v54,8,1,73.1,8298,hgca_cma_refined
Wood_4D,v71,8,1,74.9,8298,hgca_cma_refined
Wood_4D,v74a,8,1,154.3,8298,hgca_cma_refined
Wood_4D,v74,8,1,152.1,8298,hgca_cma_refined
Wood_4D,v54,9,1,73.4,8298,hgca_cma_refined
Wood_4D,v71,9,1,72.6,8298,hgca_cma_refined
Wood_4D,v74a,9,1,156.5,8298,hgca_cma_refined
Wood_4D,v74,9,1,161.1,8298,hgca_cma_refined
Wood_4D,v54,10,1,76.9,8301,hgca_cma_refined
Wood_4D,v71,10,1,73.1,8301,hgca_cma_refined
Wood_4D,v74a,10,1,157.3,8301,hgca_cma_refined
Wood_4D,v74,10,1,158.9,8301,hgca_cma_refined
Wood_4D,v54,11,1,66.0,8305,hgca_cma_refined
Wood_4D,v71,11,1,67.6,8305,hgca_cma_refined
Wood_4D,v74a,11,1,152.1,8305,hgca_cma_refined
Wood_4D,v74,11,1,150.0,8305,hgca_cma_refined
Wood_4D,v54,12,1,91.9,8302,hgca_cma_refined
Wood_4D,v71,12,1,89.3,8302,hgca_cma_refined
Wood_4D,v74a,12,1,174.0,8302,hgca_cma_refined
Wood_4D,v74,12,1,172.0,8302,hgca_cma_refined
Wood_4D,v54,13,1,100.1,8310,hgca_cma_refined
Wood_4D,v71,13,1,95.0,8310,hgca_cma_refined
Wood_4D,v74a,13,1,177.0,8310,hgca_cma_refined
Wood_4D,v74,13,1,188.6,8310,hgca_cma_refined
Wood_4D,v54,14,1,96.0,8304,hgca_cma_refined
Wood_4D,v71,14,1,96.1,8304,hgca_cma_refined
Wood_4D,v74a,14,1,183.7,8304,hgca_cma_refined
Wood_4D,v74,14,1,179.8,8304,hgca_cma_refined
Wood_4D,v54,15,1,76.1,8303,hgca_cma_refined
Wood_4D,v71,15,1,79.0,8303,hgca_cma_refined
Wood_4D,v74a,15,1,162.3,8303,hgca_cma_refined
Wood_4D,v74,15,1,162.1,8303,hgca_cma_refined
Wood_4D,v54,16,1,86.0,8301,hgca_cma_refined
Wood_4D,v71,16,1,87.0,8301,hgca_cma_refined
Wood_4D,v74a,16,1,170.9,8301,hgca_cma_refined
Wood_4D,v74,16,1,173.0,8301,hgca_cma_refined
Wood_4D,v54,17,1,2.0,49,direct_newton
Wood_4D,v71,17,1,1.0,49,direct_newton
Wood_4D,v74a,17,1,2.0,49,direct_newton
Wood_4D,v74,17,1,1.0,49,direct_newton
Wood_4D,v54,18,1,79.1,8305,hgca_cma_refined
Wood_4D,v71,18,1,72.0,8305,hgca_cma_refined
Wood_4D,v74a,18,1,152.0,8305,hgca_cma_refined
Wood_4D,v74,18,1,154.1,8305,hgca_cma_refined
Wood_4D,v54,19,1,1.9,50,direct_newton
Wood_4D,v71,19,1,3.1,50,direct_newton
Wood_4D,v74a,19,1,1.0,50,direct_newton
Wood_4D,v74,19,1,1.9,50,direct_newton
Wood_4D,v54,20,1,2.1,49,direct_newton
Wood_4D,v71,20,1,1.0,49,direct_newton
Wood_4D,v74a,20,1,2.0,49,direct_newton
Wood_4D,v74,20,1,1.9,49,direct_newton
Wood_4D,v54,21,1,1.1,53,direct_newton
Wood_4D,v71,21,1,2.0,53,direct_newton
Wood_4D,v74a,21,1,1.9,53,direct_newton
Wood_4D,v74,21,1,1.0,53,direct_newton
Wood_4D,v54,22,1,70.0,8302,hgca_cma_refined
Wood_4D,v71,22,1,72.0,8302,hgca_cma_refined
Wood_4D,v74a,22,1,159.5,8302,hgca_cma_refined
Wood_4D,v74,22,1,154.5,8302,hgca_cma_refined
Wood_4D,v54,23,1,35.1,0,homotopy_direct
Wood_4D,v71,23,1,36.9,0,homotopy_direct
Wood_4D,v74a,23,1,121.0,0,homotopy_direct
Wood_4D,v74,23,1,122.0,0,homotopy_direct
Wood_4D,v54,24,1,82.2,8299,hgca_cma_refined
Wood_4D,v71,24,1,84.0,8299,hgca_cma_refined
Wood_4D,v74a,24,1,167.1,8299,hgca_cma_refined
Wood_4D,v74,24,1,164.0,8299,hgca_cma_refined
Wood_4D,v54,25,1,2.9,52,direct_newton
Wood_4D,v71,25,1,1.1,52,direct_newton
Wood_4D,v74a,25,1,2.0,52,direct_newton
Wood_4D,v74,25,1,1.9,52,direct_newton
Wood_4D,v54,26,1,25.1,0,homotopy_direct
Wood_4D,v71,26,1,25.0,0,homotopy_direct
Wood_4D,v74a,26,1,108.0,0,homotopy_direct
Wood_4D,v74,26,1,107.0,0,homotopy_direct
Wood_4D,v54,27,1,70.0,8295,hgca_cma_refined
Wood_4D,v71,27,1,72.1,8295,hgca_cma_refined
Wood_4D,v74a,27,1,152.9,8295,hgca_cma_refined
Wood_4D,v74,27,1,154.0,8295,hgca_cma_refined
Wood_4D,v54,28,1,2.0,51,direct_newton
Wood_4D,v71,28,1,2.0,51,direct_newton
Wood_4D,v74a,28,1,1.0,51,direct_newton
Wood_4D,v74,28,1,2.1,51,direct_newton
Wood_4D,v54,29,1,82.6,7544,hgca_cma_refined
Wood_4D,v71,29,1,83.1,7544,hgca_cma_refined
Wood_4D,v74a,29,1,167.9,7544,hgca_cma_refined
Wood_4D,v74,29,1,174.0,7544,hgca_cma_refined
Wood_4D,v54,30,1,1.0,47,direct_newton
Wood_4D,v71,30,1,2.1,47,direct_newton
Wood_4D,v74a,30,1,0.9,47,direct_newton
Wood_4D,v74,30,1,2.0,47,direct_newton
Wood_4D,v54,31,1,83.0,8297,hgca_cma_refined
Wood_4D,v71,31,1,81.1,8297,hgca_cma_refined
Wood_4D,v74a,31,1,162.0,8297,hgca_cma_refined
Wood_4D,v74,31,1,167.0,8297,hgca_cma_refined
Wood_4D,v54,32,1,73.1,8311,hgca_cma_refined
Wood_4D,v71,32,1,72.9,8311,hgca_cma_refined
Wood_4D,v74a,32,1,157.6,8311,hgca_cma_refined
Wood_4D,v74,32,1,166.0,8311,hgca_cma_refined
Wood_4D,v54,33,1,91.1,8301,hgca_cma_refined
Wood_4D,v71,33,1,90.9,8301,hgca_cma_refined
Wood_4D,v74a,33,1,174.0,8301,hgca_cma_refined
Wood_4D,v74,33,1,174.0,8301,hgca_cma_refined
Wood_4D,v54,34,1,69.0,8298,hgca_cma_refined
Wood_4D,v71,34,1,75.0,8298,hgca_cma_refined
Wood_4D,v74a,34,1,155.9,8298,hgca_cma_refined
Wood_4D,v74,34,1,154.1,8298,hgca_cma_refined
Wood_4D,v54,35,1,19.9,0,homotopy_direct
Wood_4D,v71,35,1,20.0,0,homotopy_direct
Wood_4D,v74a,35,1,104.9,0,homotopy_direct
Wood_4D,v74,35,1,103.1,0,homotopy_direct
Wood_4D,v54,36,1,92.9,8300,hgca_cma_refined
Wood_4D,v71,36,1,94.0,8300,hgca_cma_refined
Wood_4D,v74a,36,1,172.0,8300,hgca_cma_refined
Wood_4D,v74,36,1,178.1,8300,hgca_cma_refined
Wood_4D,v54,37,1,82.9,8299,hgca_cma_refined
Wood_4D,v71,37,1,84.1,8299,hgca_cma_refined
Wood_4D,v74a,37,1,170.9,8299,hgca_cma_refined
Wood_4D,v74,37,1,170.0,8299,hgca_cma_refined
Wood_4D,v54,38,1,92.1,8300,hgca_cma_refined
Wood_4D,v71,38,1,90.0,8300,hgca_cma_refined
Wood_4D,v74a,38,1,179.9,8300,hgca_cma_refined
Wood_4D,v74,38,1,177.0,8300,hgca_cma_refined
Wood_4D,v54,39,1,98.0,8308,hgca_cma_refined
Wood_4D,v71,39,1,99.1,8308,hgca_cma_refined
Wood_4D,v74a,39,1,181.9,8308,hgca_cma_refined
Wood_4D,v74,39,1,184.1,8308,hgca_cma_refined
Wood_4D,v54,40,1,1.9,49,direct_newton
Wood_4D,v71,40,1,1.0,49,direct_newton
Wood_4D,v74a,40,1,2.1,49,direct_newton
Wood_4D,v74,40,1,2.0,49,direct_newton
Wood_4D,v54,41,1,0.9,46,direct_newton
Wood_4D,v71,41,1,2.1,46,direct_newton
Wood_4D,v74a,41,1,1.0,46,direct_newton
Wood_4D,v74,41,1,2.0,46,direct_newton
Wood_4D,v54,42,1,88.0,8298,hgca_cma_refined
Wood_4D,v71,42,1,88.6,8298,hgca_cma_refined
Wood_4D,v74a,42,1,172.1,8298,hgca_cma_refined
Wood_4D,v74,42,1,171.6,8298,hgca_cma_refined
Wood_4D,v54,43,1,72.0,8304,hgca_cma_refined
Wood_4D,v71,43,1,71.0,8304,hgca_cma_refined
Wood_4D,v74a,43,1,156.9,8304,hgca_cma_refined
Wood_4D,v74,43,1,156.4,8304,hgca_cma_refined
Wood_4D,v54,44,1,0.9,50,direct_newton
Wood_4D,v71,44,1,2.1,50,direct_newton
Wood_4D,v74a,44,1,1.9,50,direct_newton
Wood_4D,v74,44,1,1.0,50,direct_newton
Wood_4D,v54,45,1,1.1,49,direct_newton
Wood_4D,v71,45,1,1.9,49,direct_newton
Wood_4D,v74a,45,1,1.1,49,direct_newton
Wood_4D,v74,45,1,2.0,49,direct_newton
Wood_4D,v54,46,1,85.0,8305,hgca_cma_refined
Wood_4D,v71,46,1,87.0,8305,hgca_cma_refined
Wood_4D,v74a,46,1,175.5,8305,hgca_cma_refined
Wood_4D,v74,46,1,171.5,8305,hgca_cma_refined
Wood_4D,v54,47,1,1.9,50,direct_newton
Wood_4D,v71,47,1,3.1,50,direct_newton
Wood_4D,v74a,47,1,1.1,50,direct_newton
Wood_4D,v74,47,1,2.0,50,direct_newton
Wood_4D,v54,48,1,86.0,8302,hgca_cma_refined
Wood_4D,v71,48,1,85.5,8302,hgca_cma_refined
Wood_4D,v74a,48,1,165.1,8302,hgca_cma_refined
Wood_4D,v74,48,1,168.0,8302,hgca_cma_refined
Wood_4D,v54,49,1,1.8,50,direct_newton
Wood_4D,v71,49,1,2.0,50,direct_newton
Wood_4D,v74a,49,1,2.1,50,direct_newton
Wood_4D,v74,49,1,1.9,50,direct_newton
Wood_4D_C,v54,0,1,2.0,64,direct_newton
Wood_4D_C,v71,0,1,2.0,64,direct_newton
Wood_4D_C,v74a,0,1,3.0,64,direct_newton
Wood_4D_C,v74,0,1,2.1,64,direct_newton
Wood_4D_C,v54,1,1,2.0,62,direct_newton
Wood_4D_C,v71,1,1,1.9,62,direct_newton
Wood_4D_C,v74a,1,1,2.1,62,direct_newton
Wood_4D_C,v74,1,1,2.0,62,direct_newton
Wood_4D_C,v54,2,1,1.9,55,direct_newton
Wood_4D_C,v71,2,1,2.1,55,direct_newton
Wood_4D_C,v74a,2,1,1.9,55,direct_newton
Wood_4D_C,v74,2,1,2.0,55,direct_newton
Wood_4D_C,v54,3,1,19.0,0,homotopy_direct
Wood_4D_C,v71,3,1,19.1,0,homotopy_direct
Wood_4D_C,v74a,3,1,148.9,0,homotopy_direct
Wood_4D_C,v74,3,1,145.9,0,homotopy_direct
Wood_4D_C,v54,4,1,2.0,60,direct_newton
Wood_4D_C,v71,4,1,2.1,60,direct_newton
Wood_4D_C,v74a,4,1,1.9,60,direct_newton
Wood_4D_C,v74,4,1,2.0,60,direct_newton
Wood_4D_C,v54,5,1,2.0,55,direct_newton
Wood_4D_C,v71,5,1,1.0,55,direct_newton
Wood_4D_C,v74a,5,1,2.0,55,direct_newton
Wood_4D_C,v74,5,1,2.0,55,direct_newton
Wood_4D_C,v54,6,1,2.0,57,direct_newton
Wood_4D_C,v71,6,1,2.0,57,direct_newton
Wood_4D_C,v74a,6,1,2.0,57,direct_newton
Wood_4D_C,v74,6,1,1.0,57,direct_newton
Wood_4D_C,v54,7,1,77.1,6820,hgca_cma_refined
Wood_4D_C,v71,7,1,78.9,6820,hgca_cma_refined
Wood_4D_C,v74a,7,1,193.0,6820,hgca_cma_refined
Wood_4D_C,v74,7,1,194.5,6820,hgca_cma_refined
Wood_4D_C,v54,8,1,80.1,6814,hgca_cma_refined
Wood_4D_C,v71,8,1,76.8,6814,hgca_cma_refined
Wood_4D_C,v74a,8,1,201.9,6814,hgca_cma_refined
Wood_4D_C,v74,8,1,198.1,6814,hgca_cma_refined
Wood_4D_C,v54,9,1,2.0,59,direct_newton
Wood_4D_C,v71,9,1,2.0,59,direct_newton
Wood_4D_C,v74a,9,1,2.0,59,direct_newton
Wood_4D_C,v74,9,1,1.9,59,direct_newton
Wood_4D_C,v54,10,1,69.0,6804,hgca_cma_refined
Wood_4D_C,v71,10,1,69.0,6804,hgca_cma_refined
Wood_4D_C,v74a,10,1,195.6,6804,hgca_cma_refined
Wood_4D_C,v74,10,1,195.0,6804,hgca_cma_refined
Wood_4D_C,v54,11,1,3.9,0,homotopy_direct
Wood_4D_C,v71,11,1,5.1,0,homotopy_direct
Wood_4D_C,v74a,11,1,137.0,0,homotopy_direct
Wood_4D_C,v74,11,1,137.0,0,homotopy_direct
Wood_4D_C,v54,12,1,84.5,6812,hgca_cma_refined
Wood_4D_C,v71,12,1,80.0,6812,hgca_cma_refined
Wood_4D_C,v74a,12,1,202.4,6812,hgca_cma_refined
Wood_4D_C,v74,12,1,210.9,6812,hgca_cma_refined
Wood_4D_C,v54,13,1,70.1,6805,hgca_cma_refined
Wood_4D_C,v71,13,1,73.6,6805,hgca_cma_refined
Wood_4D_C,v74a,13,1,198.1,6805,hgca_cma_refined
Wood_4D_C,v74,13,1,203.1,6805,hgca_cma_refined
Wood_4D_C,v54,14,1,2.0,61,direct_newton
Wood_4D_C,v71,14,1,2.0,61,direct_newton
Wood_4D_C,v74a,14,1,2.0,61,direct_newton
Wood_4D_C,v74,14,1,2.0,61,direct_newton
Wood_4D_C,v54,15,1,2.0,54,direct_newton
Wood_4D_C,v71,15,1,2.0,54,direct_newton
Wood_4D_C,v74a,15,1,1.0,54,direct_newton
Wood_4D_C,v74,15,1,3.0,54,direct_newton
Wood_4D_C,v54,16,1,2.0,60,direct_newton
Wood_4D_C,v71,16,1,1.0,60,direct_newton
Wood_4D_C,v74a,16,1,2.0,60,direct_newton
Wood_4D_C,v74,16,1,3.0,60,direct_newton
Wood_4D_C,v54,17,1,2.0,56,direct_newton
Wood_4D_C,v71,17,1,2.0,56,direct_newton
Wood_4D_C,v74a,17,1,2.0,56,direct_newton
Wood_4D_C,v74,17,1,2.0,56,direct_newton
Wood_4D_C,v54,18,1,78.1,6803,hgca_cma_refined
Wood_4D_C,v71,18,1,80.0,6803,hgca_cma_refined
Wood_4D_C,v74a,18,1,214.9,6803,hgca_cma_refined
Wood_4D_C,v74,18,1,217.7,6803,hgca_cma_refined
Wood_4D_C,v54,19,1,2.0,55,direct_newton
Wood_4D_C,v71,19,1,2.0,55,direct_newton
Wood_4D_C,v74a,19,1,2.0,55,direct_newton
Wood_4D_C,v74,19,1,2.1,55,direct_newton
Wood_4D_C,v54,20,1,1.9,59,direct_newton
Wood_4D_C,v71,20,1,2.0,59,direct_newton
Wood_4D_C,v74a,20,1,2.0,59,direct_newton
Wood_4D_C,v74,20,1,2.9,59,direct_newton
Wood_4D_C,v54,21,1,34.2,0,homotopy_direct
Wood_4D_C,v71,21,1,32.0,0,homotopy_direct
Wood_4D_C,v74a,21,1,163.0,0,homotopy_direct
Wood_4D_C,v74,21,1,163.3,0,homotopy_direct
Wood_4D_C,v54,22,1,2.0,59,direct_newton
Wood_4D_C,v71,22,1,2.0,59,direct_newton
Wood_4D_C,v74a,22,1,4.0,59,direct_newton
Wood_4D_C,v74,22,1,2.0,59,direct_newton
Wood_4D_C,v54,23,1,2.0,66,direct_newton
Wood_4D_C,v71,23,1,2.0,66,direct_newton
Wood_4D_C,v74a,23,1,2.0,66,direct_newton
Wood_4D_C,v74,23,1,2.0,66,direct_newton
Wood_4D_C,v54,24,1,2.0,60,direct_newton
Wood_4D_C,v71,24,1,2.0,60,direct_newton
Wood_4D_C,v74a,24,1,2.0,60,direct_newton
Wood_4D_C,v74,24,1,2.0,60,direct_newton
Wood_4D_C,v54,25,1,2.0,61,direct_newton
Wood_4D_C,v71,25,1,3.0,61,direct_newton
Wood_4D_C,v74a,25,1,2.0,61,direct_newton
Wood_4D_C,v74,25,1,2.0,61,direct_newton
Wood_4D_C,v54,26,1,3.0,62,direct_newton
Wood_4D_C,v71,26,1,2.0,62,direct_newton
Wood_4D_C,v74a,26,1,2.0,62,direct_newton
Wood_4D_C,v74,26,1,2.0,62,direct_newton
Wood_4D_C,v54,27,1,69.1,6808,hgca_cma_refined
Wood_4D_C,v71,27,1,71.0,6808,hgca_cma_refined
Wood_4D_C,v74a,27,1,193.4,6808,hgca_cma_refined
Wood_4D_C,v74,27,1,193.1,6808,hgca_cma_refined
Wood_4D_C,v54,28,1,1.9,58,direct_newton
Wood_4D_C,v71,28,1,2.0,58,direct_newton
Wood_4D_C,v74a,28,1,2.0,58,direct_newton
Wood_4D_C,v74,28,1,3.0,58,direct_newton
Wood_4D_C,v54,29,1,2.0,60,direct_newton
Wood_4D_C,v71,29,1,1.0,60,direct_newton
Wood_4D_C,v74a,29,1,3.0,60,direct_newton
Wood_4D_C,v74,29,1,2.0,60,direct_newton
Wood_4D_C,v54,30,1,2.0,55,direct_newton
Wood_4D_C,v71,30,1,2.0,55,direct_newton
Wood_4D_C,v74a,30,1,1.0,55,direct_newton
Wood_4D_C,v74,30,1,2.0,55,direct_newton
Wood_4D_C,v54,31,1,81.0,6823,hgca_cma_refined
Wood_4D_C,v71,31,1,79.8,6823,hgca_cma_refined
Wood_4D_C,v74a,31,1,210.9,6823,hgca_cma_refined
Wood_4D_C,v74,31,1,219.2,6823,hgca_cma_refined
Wood_4D_C,v54,32,1,2.0,61,direct_newton
Wood_4D_C,v71,32,1,2.0,61,direct_newton
Wood_4D_C,v74a,32,1,2.1,61,direct_newton
Wood_4D_C,v74,32,1,1.9,61,direct_newton
Wood_4D_C,v54,33,1,2.0,59,direct_newton
Wood_4D_C,v71,33,1,2.0,59,direct_newton
Wood_4D_C,v74a,33,1,2.0,59,direct_newton
Wood_4D_C,v74,33,1,2.0,59,direct_newton
Wood_4D_C,v54,34,1,2.1,62,direct_newton
Wood_4D_C,v71,34,1,2.1,62,direct_newton
Wood_4D_C,v74a,34,1,2.0,62,direct_newton
Wood_4D_C,v74,34,1,2.0,62,direct_newton
Wood_4D_C,v54,35,1,3.0,54,direct_newton
Wood_4D_C,v71,35,1,1.0,54,direct_newton
Wood_4D_C,v74a,35,1,2.0,54,direct_newton
Wood_4D_C,v74,35,1,2.0,54,direct_newton
Wood_4D_C,v54,36,1,2.1,55,direct_newton
Wood_4D_C,v71,36,1,2.0,55,direct_newton
Wood_4D_C,v74a,36,1,1.9,55,direct_newton
Wood_4D_C,v74,36,1,2.0,55,direct_newton
Wood_4D_C,v54,37,1,2.0,62,direct_newton
Wood_4D_C,v71,37,1,2.0,62,direct_newton
Wood_4D_C,v74a,37,1,2.0,62,direct_newton
Wood_4D_C,v74,37,1,2.0,62,direct_newton
Wood_4D_C,v54,38,1,2.0,63,direct_newton
Wood_4D_C,v71,38,1,2.0,63,direct_newton
Wood_4D_C,v74a,38,1,2.1,63,direct_newton
Wood_4D_C,v74,38,1,1.9,63,direct_newton
Wood_4D_C,v54,39,1,67.0,6807,hgca_cma_refined
Wood_4D_C,v71,39,1,65.1,6807,hgca_cma_refined
Wood_4D_C,v74a,39,1,193.1,6807,hgca_cma_refined
Wood_4D_C,v74,39,1,189.0,6807,hgca_cma_refined
Wood_4D_C,v54,40,1,2.2,58,direct_newton
Wood_4D_C,v71,40,1,1.9,58,direct_newton
Wood_4D_C,v74a,40,1,2.0,58,direct_newton
Wood_4D_C,v74,40,1,2.1,58,direct_newton
Wood_4D_C,v54,41,1,1.9,60,direct_newton
Wood_4D_C,v71,41,1,2.1,60,direct_newton
Wood_4D_C,v74a,41,1,1.9,60,direct_newton
Wood_4D_C,v74,41,1,2.0,60,direct_newton
Wood_4D_C,v54,42,1,72.0,6822,hgca_cma_refined
Wood_4D_C,v71,42,1,72.6,6822,hgca_cma_refined
Wood_4D_C,v74a,42,1,205.4,6822,hgca_cma_refined
Wood_4D_C,v74,42,1,199.2,6822,hgca_cma_refined
Wood_4D_C,v54,43,1,83.1,6814,hgca_cma_refined
Wood_4D_C,v71,43,1,80.9,6814,hgca_cma_refined
Wood_4D_C,v74a,43,1,208.5,6814,hgca_cma_refined
Wood_4D_C,v74,43,1,213.3,6814,hgca_cma_refined
Wood_4D_C,v54,44,1,2.1,58,direct_newton
Wood_4D_C,v71,44,1,2.0,58,direct_newton
Wood_4D_C,v74a,44,1,2.0,58,direct_newton
Wood_4D_C,v74,44,1,2.0,58,direct_newton
Wood_4D_C,v54,45,1,1.0,60,direct_newton
Wood_4D_C,v71,45,1,3.0,60,direct_newton
Wood_4D_C,v74a,45,1,2.0,60,direct_newton
Wood_4D_C,v74,45,1,2.0,60,direct_newton
Wood_4D_C,v54,46,1,53.9,6802,hgca_cma_refined
Wood_4D_C,v71,46,1,54.7,6802,hgca_cma_refined
Wood_4D_C,v74a,46,1,175.9,6802,hgca_cma_refined
Wood_4D_C,v74,46,1,177.2,6802,hgca_cma_refined
Wood_4D_C,v54,47,1,1.0,55,direct_newton
Wood_4D_C,v71,47,1,2.0,55,direct_newton
Wood_4D_C,v74a,47,1,2.0,55,direct_newton
Wood_4D_C,v74,47,1,2.0,55,direct_newton
Wood_4D_C,v54,48,1,2.0,56,direct_newton
Wood_4D_C,v71,48,1,2.0,56,direct_newton
Wood_4D_C,v74a,48,1,2.0,56,direct_newton
Wood_4D_C,v74,48,1,1.0,56,direct_newton
Wood_4D_C,v54,49,1,77.0,6835,hgca_cma_refined
Wood_4D_C,v71,49,1,81.6,6835,hgca_cma_refined
Wood_4D_C,v74a,49,1,198.9,6835,hgca_cma_refined
Wood_4D_C,v74,49,1,207.4,6835,hgca_cma_refined
Wood_4D_E,v54,0,1,26.9,0,homotopy_direct
Wood_4D_E,v71,0,1,28.1,0,homotopy_direct
Wood_4D_E,v74a,0,1,187.5,0,homotopy_direct
Wood_4D_E,v74,0,1,185.1,0,homotopy_direct
Wood_4D_E,v54,1,1,2.1,65,direct_newton
Wood_4D_E,v71,1,1,1.0,65,direct_newton
Wood_4D_E,v74a,1,1,2.9,65,direct_newton
Wood_4D_E,v74,1,1,2.0,65,direct_newton
Wood_4D_E,v54,2,1,2.0,55,direct_newton
Wood_4D_E,v71,2,1,2.0,55,direct_newton
Wood_4D_E,v74a,2,1,2.1,55,direct_newton
Wood_4D_E,v74,2,1,1.0,55,direct_newton
Wood_4D_E,v54,3,1,27.9,0,homotopy_direct
Wood_4D_E,v71,3,1,28.0,0,homotopy_direct
Wood_4D_E,v74a,3,1,190.8,0,homotopy_direct
Wood_4D_E,v74,3,1,190.9,0,homotopy_direct
Wood_4D_E,v54,4,1,1.1,57,direct_newton
Wood_4D_E,v71,4,1,2.0,57,direct_newton
Wood_4D_E,v74a,4,1,1.9,57,direct_newton
Wood_4D_E,v74,4,1,2.1,57,direct_newton
Wood_4D_E,v54,5,1,2.0,53,direct_newton
Wood_4D_E,v71,5,1,1.9,53,direct_newton
Wood_4D_E,v74a,5,1,1.1,53,direct_newton
Wood_4D_E,v74,5,1,1.9,53,direct_newton
Wood_4D_E,v54,6,1,3.0,56,direct_newton
Wood_4D_E,v71,6,1,1.1,56,direct_newton
Wood_4D_E,v74a,6,1,2.0,56,direct_newton
Wood_4D_E,v74,6,1,1.9,56,direct_newton
Wood_4D_E,v54,7,1,75.1,6049,hgca_cma_refined
Wood_4D_E,v71,7,1,74.9,6049,hgca_cma_refined
Wood_4D_E,v74a,7,1,226.0,6049,hgca_cma_refined
Wood_4D_E,v74,7,1,227.3,6049,hgca_cma_refined
Wood_4D_E,v54,8,1,11.9,0,homotopy_direct
Wood_4D_E,v71,8,1,12.0,0,homotopy_direct
Wood_4D_E,v74a,8,1,177.1,0,homotopy_direct
Wood_4D_E,v74,8,1,174.4,0,homotopy_direct
Wood_4D_E,v54,9,1,1.0,57,direct_newton
Wood_4D_E,v71,9,1,2.0,57,direct_newton
Wood_4D_E,v74a,9,1,2.0,57,direct_newton
Wood_4D_E,v74,9,1,2.0,57,direct_newton
Wood_4D_E,v54,10,1,2.0,59,direct_newton
Wood_4D_E,v71,10,1,2.0,59,direct_newton
Wood_4D_E,v74a,10,1,2.0,59,direct_newton
Wood_4D_E,v74,10,1,2.0,59,direct_newton
Wood_4D_E,v54,11,1,2.0,59,direct_newton
Wood_4D_E,v71,11,1,1.0,59,direct_newton
Wood_4D_E,v74a,11,1,2.0,59,direct_newton
Wood_4D_E,v74,11,1,2.0,59,direct_newton
Wood_4D_E,v54,12,1,2.0,59,direct_newton
Wood_4D_E,v71,12,1,2.0,59,direct_newton
Wood_4D_E,v74a,12,1,2.0,59,direct_newton
Wood_4D_E,v74,12,1,2.0,59,direct_newton
Wood_4D_E,v54,13,1,2.0,63,direct_newton
Wood_4D_E,v71,13,1,2.0,63,direct_newton
Wood_4D_E,v74a,13,1,2.0,63,direct_newton
Wood_4D_E,v74,13,1,2.0,63,direct_newton
Wood_4D_E,v54,14,1,2.0,65,direct_newton
Wood_4D_E,v71,14,1,3.0,65,direct_newton
Wood_4D_E,v74a,14,1,2.0,65,direct_newton
Wood_4D_E,v74,14,1,2.0,65,direct_newton
Wood_4D_E,v54,15,1,2.1,59,direct_newton
Wood_4D_E,v71,15,1,2.0,59,direct_newton
Wood_4D_E,v74a,15,1,1.0,59,direct_newton
Wood_4D_E,v74,15,1,2.0,59,direct_newton
Wood_4D_E,v54,16,1,2.0,59,direct_newton
Wood_4D_E,v71,16,1,1.9,59,direct_newton
Wood_4D_E,v74a,16,1,2.0,59,direct_newton
Wood_4D_E,v74,16,1,2.0,59,direct_newton
Wood_4D_E,v54,17,1,2.0,59,direct_newton
Wood_4D_E,v71,17,1,2.1,59,direct_newton
Wood_4D_E,v74a,17,1,2.0,59,direct_newton
Wood_4D_E,v74,17,1,1.0,59,direct_newton
Wood_4D_E,v54,18,1,0.9,53,direct_newton
Wood_4D_E,v71,18,1,2.1,53,direct_newton
Wood_4D_E,v74a,18,1,2.0,53,direct_newton
Wood_4D_E,v74,18,1,1.9,53,direct_newton
Wood_4D_E,v54,19,1,2.0,56,direct_newton
Wood_4D_E,v71,19,1,1.0,56,direct_newton
Wood_4D_E,v74a,19,1,2.0,56,direct_newton
Wood_4D_E,v74,19,1,2.0,56,direct_newton
Wood_4D_E,v54,20,1,2.0,59,direct_newton
Wood_4D_E,v71,20,1,2.0,59,direct_newton
Wood_4D_E,v74a,20,1,1.9,59,direct_newton
Wood_4D_E,v74,20,1,2.1,59,direct_newton
Wood_4D_E,v54,21,1,32.9,0,homotopy_direct
Wood_4D_E,v71,21,1,33.1,0,homotopy_direct
Wood_4D_E,v74a,21,1,189.9,0,homotopy_direct
Wood_4D_E,v74,21,1,188.0,0,homotopy_direct
Wood_4D_E,v54,22,1,1.0,57,direct_newton
Wood_4D_E,v71,22,1,2.0,57,direct_newton
Wood_4D_E,v74a,22,1,2.0,57,direct_newton
Wood_4D_E,v74,22,1,2.0,57,direct_newton
Wood_4D_E,v54,23,1,2.0,62,direct_newton
Wood_4D_E,v71,23,1,2.0,62,direct_newton
Wood_4D_E,v74a,23,1,2.0,62,direct_newton
Wood_4D_E,v74,23,1,2.0,62,direct_newton
Wood_4D_E,v54,24,1,2.0,58,direct_newton
Wood_4D_E,v71,24,1,2.0,58,direct_newton
Wood_4D_E,v74a,24,1,2.0,58,direct_newton
Wood_4D_E,v74,24,1,2.0,58,direct_newton
Wood_4D_E,v54,25,1,2.0,59,direct_newton
Wood_4D_E,v71,25,1,2.0,59,direct_newton
Wood_4D_E,v74a,25,1,2.0,59,direct_newton
Wood_4D_E,v74,25,1,2.0,59,direct_newton
Wood_4D_E,v54,26,1,2.0,55,direct_newton
Wood_4D_E,v71,26,1,2.0,55,direct_newton
Wood_4D_E,v74a,26,1,1.0,55,direct_newton
Wood_4D_E,v74,26,1,2.0,55,direct_newton
Wood_4D_E,v54,27,1,12.0,0,homotopy_direct
Wood_4D_E,v71,27,1,12.1,0,homotopy_direct
Wood_4D_E,v74a,27,1,178.1,0,homotopy_direct
Wood_4D_E,v74,27,1,175.5,0,homotopy_direct
Wood_4D_E,v54,28,1,54.0,6071,hgca_cma_refined
Wood_4D_E,v71,28,1,51.1,6071,hgca_cma_refined
Wood_4D_E,v74a,28,1,223.4,6071,hgca_cma_refined
Wood_4D_E,v74,28,1,211.5,6071,hgca_cma_refined
Wood_4D_E,v54,29,1,2.0,56,direct_newton
Wood_4D_E,v71,29,1,2.0,56,direct_newton
Wood_4D_E,v74a,29,1,1.0,56,direct_newton
Wood_4D_E,v74,29,1,2.0,56,direct_newton
Wood_4D_E,v54,30,1,2.1,65,direct_newton
Wood_4D_E,v71,30,1,2.0,65,direct_newton
Wood_4D_E,v74a,30,1,2.9,65,direct_newton
Wood_4D_E,v74,30,1,2.1,65,direct_newton
Wood_4D_E,v54,31,1,66.7,6048,hgca_cma_refined
Wood_4D_E,v71,31,1,64.0,6048,hgca_cma_refined
Wood_4D_E,v74a,31,1,227.0,6048,hgca_cma_refined
Wood_4D_E,v74,31,1,228.9,6048,hgca_cma_refined
Wood_4D_E,v54,32,1,2.0,62,direct_newton
Wood_4D_E,v71,32,1,2.0,62,direct_newton
Wood_4D_E,v74a,32,1,3.0,62,direct_newton
Wood_4D_E,v74,32,1,2.0,62,direct_newton
Wood_4D_E,v54,33,1,28.2,0,homotopy_direct
Wood_4D_E,v71,33,1,26.0,0,homotopy_direct
Wood_4D_E,v74a,33,1,193.4,0,homotopy_direct
Wood_4D_E,v74,33,1,192.0,0,homotopy_direct
Wood_4D_E,v54,34,1,2.0,56,direct_newton
Wood_4D_E,v71,34,1,2.0,56,direct_newton
Wood_4D_E,v74a,34,1,2.0,56,direct_newton
Wood_4D_E,v74,34,1,1.0,56,direct_newton
Wood_4D_E,v54,35,1,20.0,0,homotopy_direct
Wood_4D_E,v71,35,1,19.0,0,homotopy_direct
Wood_4D_E,v74a,35,1,184.0,0,homotopy_direct
Wood_4D_E,v74,35,1,179.0,0,homotopy_direct
Wood_4D_E,v54,36,1,2.0,62,direct_newton
Wood_4D_E,v71,36,1,3.0,62,direct_newton
Wood_4D_E,v74a,36,1,2.0,62,direct_newton
Wood_4D_E,v74,36,1,2.0,62,direct_newton
Wood_4D_E,v54,37,1,2.0,56,direct_newton
Wood_4D_E,v71,37,1,2.0,56,direct_newton
Wood_4D_E,v74a,37,1,2.0,56,direct_newton
Wood_4D_E,v74,37,1,2.0,56,direct_newton
Wood_4D_E,v54,38,1,2.0,57,direct_newton
Wood_4D_E,v71,38,1,2.0,57,direct_newton
Wood_4D_E,v74a,38,1,2.0,57,direct_newton
Wood_4D_E,v74,38,1,3.0,57,direct_newton
Wood_4D_E,v54,39,1,19.0,0,homotopy_direct
Wood_4D_E,v71,39,1,22.0,0,homotopy_direct
Wood_4D_E,v74a,39,1,176.9,0,homotopy_direct
Wood_4D_E,v74,39,1,175.9,0,homotopy_direct
Wood_4D_E,v54,40,1,2.0,54,direct_newton
Wood_4D_E,v71,40,1,2.0,54,direct_newton
Wood_4D_E,v74a,40,1,2.0,54,direct_newton
Wood_4D_E,v74,40,1,2.0,54,direct_newton
Wood_4D_E,v54,41,1,1.0,53,direct_newton
Wood_4D_E,v71,41,1,2.0,53,direct_newton
Wood_4D_E,v74a,41,1,2.0,53,direct_newton
Wood_4D_E,v74,41,1,2.0,53,direct_newton
Wood_4D_E,v54,42,1,2.0,57,direct_newton
Wood_4D_E,v71,42,1,1.0,57,direct_newton
Wood_4D_E,v74a,42,1,2.0,57,direct_newton
Wood_4D_E,v74,42,1,2.0,57,direct_newton
Wood_4D_E,v54,43,1,2.1,56,direct_newton
Wood_4D_E,v71,43,1,2.0,56,direct_newton
Wood_4D_E,v74a,43,1,2.0,56,direct_newton
Wood_4D_E,v74,43,1,0.9,56,direct_newton
Wood_4D_E,v54,44,1,3.1,60,direct_newton
Wood_4D_E,v71,44,1,2.0,60,direct_newton
Wood_4D_E,v74a,44,1,2.0,60,direct_newton
Wood_4D_E,v74,44,1,2.0,60,direct_newton
Wood_4D_E,v54,45,1,1.0,51,direct_newton
Wood_4D_E,v71,45,1,1.9,51,direct_newton
Wood_4D_E,v74a,45,1,2.1,51,direct_newton
Wood_4D_E,v74,45,1,1.0,51,direct_newton
Wood_4D_E,v54,46,1,2.0,58,direct_newton
Wood_4D_E,v71,46,1,2.0,58,direct_newton
Wood_4D_E,v74a,46,1,2.0,58,direct_newton
Wood_4D_E,v74,46,1,2.0,58,direct_newton
Wood_4D_E,v54,47,1,18.0,0,homotopy_direct
Wood_4D_E,v71,47,1,20.0,0,homotopy_direct
Wood_4D_E,v74a,47,1,179.9,0,homotopy_direct
Wood_4D_E,v74,47,1,176.5,0,homotopy_direct
Wood_4D_E,v54,48,1,26.1,0,homotopy_direct
Wood_4D_E,v71,48,1,26.9,0,homotopy_direct
Wood_4D_E,v74a,48,1,188.0,0,homotopy_direct
Wood_4D_E,v74,48,1,193.8,0,homotopy_direct
Wood_4D_E,v54,49,1,1.0,54,direct_newton
Wood_4D_E,v71,49,1,2.0,54,direct_newton
Wood_4D_E,v74a,49,1,3.0,54,direct_newton
Wood_4D_E,v74,49,1,2.0,54,direct_newton
Wood_4D_H,v54,0,1,91.6,7562,hgca_cma_refined
Wood_4D_H,v71,0,1,87.1,7562,hgca_cma_refined
Wood_4D_H,v74a,0,1,205.4,7562,hgca_cma_refined
Wood_4D_H,v74,0,1,194.0,7562,hgca_cma_refined
Wood_4D_H,v54,1,1,2.1,59,direct_newton
Wood_4D_H,v71,1,1,2.0,59,direct_newton
Wood_4D_H,v74a,1,1,1.9,59,direct_newton
Wood_4D_H,v74,1,1,1.1,59,direct_newton
Wood_4D_H,v54,2,1,74.1,7552,hgca_cma_refined
Wood_4D_H,v71,2,1,78.0,7552,hgca_cma_refined
Wood_4D_H,v74a,2,1,194.1,7552,hgca_cma_refined
Wood_4D_H,v74,2,1,199.2,7552,hgca_cma_refined
Wood_4D_H,v54,3,1,71.1,7556,hgca_cma_refined
Wood_4D_H,v71,3,1,67.9,7556,hgca_cma_refined
Wood_4D_H,v74a,3,1,193.2,7556,hgca_cma_refined
Wood_4D_H,v74,3,1,184.9,7556,hgca_cma_refined
Wood_4D_H,v54,4,1,2.1,50,direct_newton
Wood_4D_H,v71,4,1,1.9,50,direct_newton
Wood_4D_H,v74a,4,1,1.1,50,direct_newton
Wood_4D_H,v74,4,1,2.0,50,direct_newton
Wood_4D_H,v54,5,1,76.9,7557,hgca_cma_refined
Wood_4D_H,v71,5,1,76.0,7557,hgca_cma_refined
Wood_4D_H,v74a,5,1,190.0,7557,hgca_cma_refined
Wood_4D_H,v74,5,1,190.4,7557,hgca_cma_refined
Wood_4D_H,v54,6,1,2.0,57,direct_newton
Wood_4D_H,v71,6,1,3.0,57,direct_newton
Wood_4D_H,v74a,6,1,1.1,57,direct_newton
Wood_4D_H,v74,6,1,2.0,57,direct_newton
Wood_4D_H,v54,7,1,2.0,57,direct_newton
Wood_4D_H,v71,7,1,2.0,57,direct_newton
Wood_4D_H,v74a,7,1,1.0,57,direct_newton
Wood_4D_H,v74,7,1,3.0,57,direct_newton
Wood_4D_H,v54,8,1,1.0,55,direct_newton
Wood_4D_H,v71,8,1,1.9,55,direct_newton
Wood_4D_H,v74a,8,1,2.0,55,direct_newton
Wood_4D_H,v74,8,1,2.1,55,direct_newton
Wood_4D_H,v54,9,1,2.0,62,direct_newton
Wood_4D_H,v71,9,1,1.9,62,direct_newton
Wood_4D_H,v74a,9,1,2.1,62,direct_newton
Wood_4D_H,v74,9,1,2.2,62,direct_newton
Wood_4D_H,v54,10,1,2.0,52,direct_newton
Wood_4D_H,v71,10,1,2.1,52,direct_newton
Wood_4D_H,v74a,10,1,1.0,52,direct_newton
Wood_4D_H,v74,10,1,2.0,52,direct_newton
Wood_4D_H,v54,11,1,2.0,54,direct_newton
Wood_4D_H,v71,11,1,2.0,54,direct_newton
Wood_4D_H,v74a,11,1,2.0,54,direct_newton
Wood_4D_H,v74,11,1,1.0,54,direct_newton
Wood_4D_H,v54,12,1,26.0,0,homotopy_direct
Wood_4D_H,v71,12,1,26.9,0,homotopy_direct
Wood_4D_H,v74a,12,1,144.1,0,homotopy_direct
Wood_4D_H,v74,12,1,143.1,0,homotopy_direct
Wood_4D_H,v54,13,1,2.0,51,direct_newton
Wood_4D_H,v71,13,1,1.0,51,direct_newton
Wood_4D_H,v74a,13,1,2.0,51,direct_newton
Wood_4D_H,v74,13,1,1.0,51,direct_newton
Wood_4D_H,v54,14,1,1.0,50,direct_newton
Wood_4D_H,v71,14,1,2.0,50,direct_newton
Wood_4D_H,v74a,14,1,1.0,50,direct_newton
Wood_4D_H,v74,14,1,2.0,50,direct_newton
Wood_4D_H,v54,15,1,75.0,7550,hgca_cma_refined
Wood_4D_H,v71,15,1,78.6,7550,hgca_cma_refined
Wood_4D_H,v74a,15,1,196.0,7550,hgca_cma_refined
Wood_4D_H,v74,15,1,197.1,7550,hgca_cma_refined
Wood_4D_H,v54,16,1,72.7,7573,hgca_cma_refined
Wood_4D_H,v71,16,1,71.6,7573,hgca_cma_refined
Wood_4D_H,v74a,16,1,198.3,7573,hgca_cma_refined
Wood_4D_H,v74,16,1,187.4,7573,hgca_cma_refined
Wood_4D_H,v54,17,1,1.0,51,direct_newton
Wood_4D_H,v71,17,1,1.9,51,direct_newton
Wood_4D_H,v74a,17,1,2.1,51,direct_newton
Wood_4D_H,v74,17,1,1.0,51,direct_newton
Wood_4D_H,v54,18,1,2.0,52,direct_newton
Wood_4D_H,v71,18,1,1.9,52,direct_newton
Wood_4D_H,v74a,18,1,2.1,52,direct_newton
Wood_4D_H,v74,18,1,1.0,52,direct_newton
Wood_4D_H,v54,19,1,1.9,55,direct_newton
Wood_4D_H,v71,19,1,2.1,55,direct_newton
Wood_4D_H,v74a,19,1,1.0,55,direct_newton
Wood_4D_H,v74,19,1,1.9,55,direct_newton
Wood_4D_H,v54,20,1,2.1,51,direct_newton
Wood_4D_H,v71,20,1,1.0,51,direct_newton
Wood_4D_H,v74a,20,1,2.9,51,direct_newton
Wood_4D_H,v74,20,1,1.0,51,direct_newton
Wood_4D_H,v54,21,1,25.1,0,homotopy_direct
Wood_4D_H,v71,21,1,26.0,0,homotopy_direct
Wood_4D_H,v74a,21,1,144.0,0,homotopy_direct
Wood_4D_H,v74,21,1,152.4,0,homotopy_direct
Wood_4D_H,v54,22,1,14.0,0,homotopy_direct
Wood_4D_H,v71,22,1,13.0,0,homotopy_direct
Wood_4D_H,v74a,22,1,133.1,0,homotopy_direct
Wood_4D_H,v74,22,1,138.7,0,homotopy_direct
Wood_4D_H,v54,23,1,1.0,52,direct_newton
Wood_4D_H,v71,23,1,2.0,52,direct_newton
Wood_4D_H,v74a,23,1,2.0,52,direct_newton
Wood_4D_H,v74,23,1,2.0,52,direct_newton
Wood_4D_H,v54,24,1,99.5,7573,hgca_cma_refined
Wood_4D_H,v71,24,1,94.5,7573,hgca_cma_refined
Wood_4D_H,v74a,24,1,217.4,7573,hgca_cma_refined
Wood_4D_H,v74,24,1,215.0,7573,hgca_cma_refined
Wood_4D_H,v54,25,1,19.0,0,homotopy_direct
Wood_4D_H,v71,25,1,19.0,0,homotopy_direct
Wood_4D_H,v74a,25,1,134.0,0,homotopy_direct
Wood_4D_H,v74,25,1,158.0,0,homotopy_direct
Wood_4D_H,v54,26,1,71.0,7562,hgca_cma_refined
Wood_4D_H,v71,26,1,71.5,7562,hgca_cma_refined
Wood_4D_H,v74a,26,1,190.0,7562,hgca_cma_refined
Wood_4D_H,v74,26,1,190.0,7562,hgca_cma_refined
Wood_4D_H,v54,27,1,81.0,7557,hgca_cma_refined
Wood_4D_H,v71,27,1,86.0,7557,hgca_cma_refined
Wood_4D_H,v74a,27,1,213.9,7557,hgca_cma_refined
Wood_4D_H,v74,27,1,204.4,7557,hgca_cma_refined
Wood_4D_H,v54,28,1,1.0,58,direct_newton
Wood_4D_H,v71,28,1,3.0,58,direct_newton
Wood_4D_H,v74a,28,1,1.0,58,direct_newton
Wood_4D_H,v74,28,1,2.0,58,direct_newton
Wood_4D_H,v54,29,1,22.0,0,homotopy_direct
Wood_4D_H,v71,29,1,21.0,0,homotopy_direct
Wood_4D_H,v74a,29,1,134.0,0,homotopy_direct
Wood_4D_H,v74,29,1,137.6,0,homotopy_direct
Wood_4D_H,v54,30,1,2.0,54,direct_newton
Wood_4D_H,v71,30,1,1.9,54,direct_newton
Wood_4D_H,v74a,30,1,2.1,54,direct_newton
Wood_4D_H,v74,30,1,2.0,54,direct_newton
Wood_4D_H,v54,31,1,1.0,51,direct_newton
Wood_4D_H,v71,31,1,1.9,51,direct_newton
Wood_4D_H,v74a,31,1,2.0,51,direct_newton
Wood_4D_H,v74,31,1,1.0,51,direct_newton
Wood_4D_H,v54,32,1,2.0,51,direct_newton
Wood_4D_H,v71,32,1,2.0,51,direct_newton
Wood_4D_H,v74a,32,1,1.9,51,direct_newton
Wood_4D_H,v74,32,1,1.0,51,direct_newton
Wood_4D_H,v54,33,1,2.0,53,direct_newton
Wood_4D_H,v71,33,1,2.0,53,direct_newton
Wood_4D_H,v74a,33,1,2.0,53,direct_newton
Wood_4D_H,v74,33,1,2.0,53,direct_newton
Wood_4D_H,v54,34,1,1.0,53,direct_newton
Wood_4D_H,v71,34,1,2.0,53,direct_newton
Wood_4D_H,v74a,34,1,2.0,53,direct_newton
Wood_4D_H,v74,34,1,3.0,53,direct_newton
Wood_4D_H,v54,35,1,26.0,0,homotopy_direct
Wood_4D_H,v71,35,1,28.0,0,homotopy_direct
Wood_4D_H,v74a,35,1,146.0,0,homotopy_direct
Wood_4D_H,v74,35,1,146.2,0,homotopy_direct
Wood_4D_H,v54,36,1,105.7,7557,hgca_cma_refined
Wood_4D_H,v71,36,1,102.0,7557,hgca_cma_refined
Wood_4D_H,v74a,36,1,216.6,7557,hgca_cma_refined
Wood_4D_H,v74,36,1,217.2,7557,hgca_cma_refined
Wood_4D_H,v54,37,1,2.0,58,direct_newton
Wood_4D_H,v71,37,1,1.9,58,direct_newton
Wood_4D_H,v74a,37,1,2.1,58,direct_newton
Wood_4D_H,v74,37,1,1.0,58,direct_newton
Wood_4D_H,v54,38,1,13.0,0,homotopy_direct
Wood_4D_H,v71,38,1,14.0,0,homotopy_direct
Wood_4D_H,v74a,38,1,134.0,0,homotopy_direct
Wood_4D_H,v74,38,1,136.6,0,homotopy_direct
Wood_4D_H,v54,39,1,27.0,0,homotopy_direct
Wood_4D_H,v71,39,1,27.0,0,homotopy_direct
Wood_4D_H,v74a,39,1,141.0,0,homotopy_direct
Wood_4D_H,v74,39,1,144.2,0,homotopy_direct
Wood_4D_H,v54,40,1,1.0,58,direct_newton
Wood_4D_H,v71,40,1,2.0,58,direct_newton
Wood_4D_H,v74a,40,1,2.0,58,direct_newton
Wood_4D_H,v74,40,1,1.9,58,direct_newton
Wood_4D_H,v54,41,1,1.1,55,direct_newton
Wood_4D_H,v71,41,1,2.0,55,direct_newton
Wood_4D_H,v74a,41,1,1.9,55,direct_newton
Wood_4D_H,v74,41,1,2.0,55,direct_newton
Wood_4D_H,v54,42,1,2.1,55,direct_newton
Wood_4D_H,v71,42,1,1.9,55,direct_newton
Wood_4D_H,v74a,42,1,1.1,55,direct_newton
Wood_4D_H,v74,42,1,2.0,55,direct_newton
Wood_4D_H,v54,43,1,2.0,55,direct_newton
Wood_4D_H,v71,43,1,2.0,55,direct_newton
Wood_4D_H,v74a,43,1,1.0,55,direct_newton
Wood_4D_H,v74,43,1,2.0,55,direct_newton
Wood_4D_H,v54,44,1,1.9,50,direct_newton
Wood_4D_H,v71,44,1,1.1,50,direct_newton
Wood_4D_H,v74a,44,1,2.0,50,direct_newton
Wood_4D_H,v74,44,1,1.0,50,direct_newton
Wood_4D_H,v54,45,1,32.9,0,homotopy_direct
Wood_4D_H,v71,45,1,34.0,0,homotopy_direct
Wood_4D_H,v74a,45,1,149.1,0,homotopy_direct
Wood_4D_H,v74,45,1,149.0,0,homotopy_direct
Wood_4D_H,v54,46,1,11.0,0,homotopy_direct
Wood_4D_H,v71,46,1,10.9,0,homotopy_direct
Wood_4D_H,v74a,46,1,130.1,0,homotopy_direct
Wood_4D_H,v74,46,1,132.9,0,homotopy_direct
Wood_4D_H,v54,47,1,93.1,7558,hgca_cma_refined
Wood_4D_H,v71,47,1,100.0,7558,hgca_cma_refined
Wood_4D_H,v74a,47,1,213.2,7558,hgca_cma_refined
Wood_4D_H,v74,47,1,208.1,7558,hgca_cma_refined
Wood_4D_H,v54,48,1,2.0,58,direct_newton
Wood_4D_H,v71,48,1,2.9,58,direct_newton
Wood_4D_H,v74a,48,1,1.1,58,direct_newton
Wood_4D_H,v74,48,1,2.0,58,direct_newton
Wood_4D_H,v54,49,1,1.9,54,direct_newton
Wood_4D_H,v71,49,1,2.1,54,direct_newton
Wood_4D_H,v74a,49,1,1.0,54,direct_newton
Wood_4D_H,v74,49,1,2.0,54,direct_newton
Wood_4D_M,v54,0,1,2.0,47,direct_newton
Wood_4D_M,v71,0,1,1.0,47,direct_newton
Wood_4D_M,v74a,0,1,2.0,47,direct_newton
Wood_4D_M,v74,0,1,2.0,47,direct_newton
Wood_4D_M,v54,1,1,1.1,49,direct_newton
Wood_4D_M,v71,1,1,3.0,49,direct_newton
Wood_4D_M,v74a,1,1,0.9,49,direct_newton
Wood_4D_M,v74,1,1,2.1,49,direct_newton
Wood_4D_M,v54,2,1,26.0,0,homotopy_direct
Wood_4D_M,v71,2,1,27.9,0,homotopy_direct
Wood_4D_M,v74a,2,1,120.1,0,homotopy_direct
Wood_4D_M,v74,2,1,123.2,0,homotopy_direct
Wood_4D_M,v54,3,1,2.0,48,direct_newton
Wood_4D_M,v71,3,1,1.0,48,direct_newton
Wood_4D_M,v74a,3,1,1.9,48,direct_newton
Wood_4D_M,v74,3,1,1.0,48,direct_newton
Wood_4D_M,v54,4,1,2.0,50,direct_newton
Wood_4D_M,v71,4,1,1.9,50,direct_newton
Wood_4D_M,v74a,4,1,2.1,50,direct_newton
Wood_4D_M,v74,4,1,2.0,50,direct_newton
Wood_4D_M,v54,5,1,1.9,47,direct_newton
Wood_4D_M,v71,5,1,1.1,47,direct_newton
Wood_4D_M,v74a,5,1,2.0,47,direct_newton
Wood_4D_M,v74,5,1,1.0,47,direct_newton
Wood_4D_M,v54,6,1,1.9,49,direct_newton
Wood_4D_M,v71,6,1,2.1,49,direct_newton
Wood_4D_M,v74a,6,1,1.0,49,direct_newton
Wood_4D_M,v74,6,1,2.0,49,direct_newton
Wood_4D_M,v54,7,1,105.0,8300,hgca_cma_refined
Wood_4D_M,v71,7,1,109.0,8300,hgca_cma_refined
Wood_4D_M,v74a,7,1,205.0,8300,hgca_cma_refined
Wood_4D_M,v74,7,1,198.0,8300,hgca_cma_refined
Wood_4D_M,v54,8,1,2.1,44,direct_newton
Wood_4D_M,v71,8,1,1.0,44,direct_newton
Wood_4D_M,v74a,8,1,1.0,44,direct_newton
Wood_4D_M,v74,8,1,2.9,44,direct_newton
Wood_4D_M,v54,9,1,96.0,8301,hgca_cma_refined
Wood_4D_M,v71,9,1,96.1,8301,hgca_cma_refined
Wood_4D_M,v74a,9,1,187.6,8301,hgca_cma_refined
Wood_4D_M,v74,9,1,193.1,8301,hgca_cma_refined
Wood_4D_M,v54,10,1,90.6,8300,hgca_cma_refined
Wood_4D_M,v71,10,1,91.0,8300,hgca_cma_refined
Wood_4D_M,v74a,10,1,183.9,8300,hgca_cma_refined
Wood_4D_M,v74,10,1,189.0,8300,hgca_cma_refined
Wood_4D_M,v54,11,1,2.1,50,direct_newton
Wood_4D_M,v71,11,1,1.0,50,direct_newton
Wood_4D_M,v74a,11,1,2.9,50,direct_newton
Wood_4D_M,v74,11,1,2.0,50,direct_newton
Wood_4D_M,v54,12,1,2.0,50,direct_newton
Wood_4D_M,v71,12,1,2.0,50,direct_newton
Wood_4D_M,v74a,12,1,1.1,50,direct_newton
Wood_4D_M,v74,12,1,2.0,50,direct_newton
Wood_4D_M,v54,13,1,97.9,8300,hgca_cma_refined
Wood_4D_M,v71,13,1,100.4,8300,hgca_cma_refined
Wood_4D_M,v74a,13,1,191.0,8300,hgca_cma_refined
Wood_4D_M,v74,13,1,193.0,8300,hgca_cma_refined
Wood_4D_M,v54,14,1,2.0,55,direct_newton
Wood_4D_M,v71,14,1,2.0,55,direct_newton
Wood_4D_M,v74a,14,1,1.0,55,direct_newton
Wood_4D_M,v74,14,1,2.0,55,direct_newton
Wood_4D_M,v54,15,1,35.7,0,homotopy_direct
Wood_4D_M,v71,15,1,34.0,0,homotopy_direct
Wood_4D_M,v74a,15,1,122.0,0,homotopy_direct
Wood_4D_M,v74,15,1,129.1,0,homotopy_direct
Wood_4D_M,v54,16,1,121.0,8302,hgca_cma_refined
Wood_4D_M,v71,16,1,116.5,8302,hgca_cma_refined
Wood_4D_M,v74a,16,1,215.8,8302,hgca_cma_refined
Wood_4D_M,v74,16,1,210.4,8302,hgca_cma_refined
Wood_4D_M,v54,17,1,1.0,47,direct_newton
Wood_4D_M,v71,17,1,2.0,47,direct_newton
Wood_4D_M,v74a,17,1,2.0,47,direct_newton
Wood_4D_M,v74,17,1,1.0,47,direct_newton
Wood_4D_M,v54,18,1,2.0,50,direct_newton
Wood_4D_M,v71,18,1,2.0,50,direct_newton
Wood_4D_M,v74a,18,1,2.1,50,direct_newton
Wood_4D_M,v74,18,1,1.0,50,direct_newton
Wood_4D_M,v54,19,1,2.9,49,direct_newton
Wood_4D_M,v71,19,1,2.0,49,direct_newton
Wood_4D_M,v74a,19,1,1.0,49,direct_newton
Wood_4D_M,v74,19,1,2.1,49,direct_newton
Wood_4D_M,v54,20,1,84.9,8301,hgca_cma_refined
Wood_4D_M,v71,20,1,90.0,8301,hgca_cma_refined
Wood_4D_M,v74a,20,1,180.0,8301,hgca_cma_refined
Wood_4D_M,v74,20,1,177.0,8301,hgca_cma_refined
Wood_4D_M,v54,21,1,95.1,8308,hgca_cma_refined
Wood_4D_M,v71,21,1,98.4,8308,hgca_cma_refined
Wood_4D_M,v74a,21,1,180.0,8308,hgca_cma_refined
Wood_4D_M,v74,21,1,183.6,8308,hgca_cma_refined
Wood_4D_M,v54,22,1,110.5,8306,hgca_cma_refined
Wood_4D_M,v71,22,1,114.0,8306,hgca_cma_refined
Wood_4D_M,v74a,22,1,206.0,8306,hgca_cma_refined
Wood_4D_M,v74,22,1,200.5,8306,hgca_cma_refined
Wood_4D_M,v54,23,1,89.0,7556,hgca_cma_refined
Wood_4D_M,v71,23,1,86.5,7556,hgca_cma_refined
Wood_4D_M,v74a,23,1,172.1,7556,hgca_cma_refined
Wood_4D_M,v74,23,1,176.9,7556,hgca_cma_refined
Wood_4D_M,v54,24,1,1.0,44,direct_newton
Wood_4D_M,v71,24,1,2.0,44,direct_newton
Wood_4D_M,v74a,24,1,1.9,44,direct_newton
Wood_4D_M,v74,24,1,1.0,44,direct_newton
Wood_4D_M,v54,25,1,87.0,9062,hgca_cma_refined
Wood_4D_M,v71,25,1,87.1,9062,hgca_cma_refined
Wood_4D_M,v74a,25,1,177.0,9062,hgca_cma_refined
Wood_4D_M,v74,25,1,175.0,9062,hgca_cma_refined
Wood_4D_M,v54,26,1,1.1,50,direct_newton
Wood_4D_M,v71,26,1,2.0,50,direct_newton
Wood_4D_M,v74a,26,1,0.9,50,direct_newton
Wood_4D_M,v74,26,1,2.0,50,direct_newton
Wood_4D_M,v54,27,1,2.1,49,direct_newton
Wood_4D_M,v71,27,1,1.0,49,direct_newton
Wood_4D_M,v74a,27,1,2.0,49,direct_newton
Wood_4D_M,v74,27,1,1.0,49,direct_newton
Wood_4D_M,v54,28,1,77.0,7551,hgca_cma_refined
Wood_4D_M,v71,28,1,74.6,7551,hgca_cma_refined
Wood_4D_M,v74a,28,1,167.0,7551,hgca_cma_refined
Wood_4D_M,v74,28,1,164.2,7551,hgca_cma_refined
Wood_4D_M,v54,29,1,2.0,48,direct_newton
Wood_4D_M,v71,29,1,1.0,48,direct_newton
Wood_4D_M,v74a,29,1,1.9,48,direct_newton
Wood_4D_M,v74,29,1,1.1,48,direct_newton
Wood_4D_M,v54,30,1,73.9,7555,hgca_cma_refined
Wood_4D_M,v71,30,1,74.0,7555,hgca_cma_refined
Wood_4D_M,v74a,30,1,168.0,7555,hgca_cma_refined
Wood_4D_M,v74,30,1,168.1,7555,hgca_cma_refined
Wood_4D_M,v54,31,1,48.0,0,homotopy_direct
Wood_4D_M,v71,31,1,50.9,0,homotopy_direct
Wood_4D_M,v74a,31,1,138.1,0,homotopy_direct
Wood_4D_M,v74,31,1,140.0,0,homotopy_direct
Wood_4D_M,v54,32,1,1.0,52,direct_newton
Wood_4D_M,v71,32,1,1.9,52,direct_newton
Wood_4D_M,v74a,32,1,2.1,52,direct_newton
Wood_4D_M,v74,32,1,1.0,52,direct_newton
Wood_4D_M,v54,33,1,87.9,8306,hgca_cma_refined
Wood_4D_M,v71,33,1,89.6,8306,hgca_cma_refined
Wood_4D_M,v74a,33,1,181.9,8306,hgca_cma_refined
Wood_4D_M,v74,33,1,180.0,8306,hgca_cma_refined
Wood_4D_M,v54,34,1,2.0,49,direct_newton
Wood_4D_M,v71,34,1,1.0,49,direct_newton
Wood_4D_M,v74a,34,1,2.0,49,direct_newton
Wood_4D_M,v74,34,1,2.0,49,direct_newton
Wood_4D_M,v54,35,1,88.1,7549,hgca_cma_refined
Wood_4D_M,v71,35,1,83.1,7549,hgca_cma_refined
Wood_4D_M,v74a,35,1,178.0,7549,hgca_cma_refined
Wood_4D_M,v74,35,1,172.0,7549,hgca_cma_refined
Wood_4D_M,v54,36,1,2.0,53,direct_newton
Wood_4D_M,v71,36,1,2.0,53,direct_newton
Wood_4D_M,v74a,36,1,2.1,53,direct_newton
Wood_4D_M,v74,36,1,1.9,53,direct_newton
Wood_4D_M,v54,37,1,90.0,8317,hgca_cma_refined
Wood_4D_M,v71,37,1,90.0,8317,hgca_cma_refined
Wood_4D_M,v74a,37,1,183.1,8317,hgca_cma_refined
Wood_4D_M,v74,37,1,182.4,8317,hgca_cma_refined
Wood_4D_M,v54,38,1,81.3,7545,hgca_cma_refined
Wood_4D_M,v71,38,1,83.0,7545,hgca_cma_refined
Wood_4D_M,v74a,38,1,178.4,7545,hgca_cma_refined
Wood_4D_M,v74,38,1,175.0,7545,hgca_cma_refined
Wood_4D_M,v54,39,1,2.0,52,direct_newton
Wood_4D_M,v71,39,1,2.0,52,direct_newton
Wood_4D_M,v74a,39,1,1.0,52,direct_newton
Wood_4D_M,v74,39,1,2.0,52,direct_newton
Wood_4D_M,v54,40,1,2.0,54,direct_newton
Wood_4D_M,v71,40,1,1.0,54,direct_newton
Wood_4D_M,v74a,40,1,2.0,54,direct_newton
Wood_4D_M,v74,40,1,2.0,54,direct_newton
Wood_4D_M,v54,41,1,1.0,47,direct_newton
Wood_4D_M,v71,41,1,2.0,47,direct_newton
Wood_4D_M,v74a,41,1,2.0,47,direct_newton
Wood_4D_M,v74,41,1,1.0,47,direct_newton
Wood_4D_M,v54,42,1,89.3,7553,hgca_cma_refined
Wood_4D_M,v71,42,1,93.0,7553,hgca_cma_refined
Wood_4D_M,v74a,42,1,182.1,7553,hgca_cma_refined
Wood_4D_M,v74,42,1,183.0,7553,hgca_cma_refined
Wood_4D_M,v54,43,1,90.0,8315,hgca_cma_refined
Wood_4D_M,v71,43,1,88.3,8315,hgca_cma_refined
Wood_4D_M,v74a,43,1,178.9,8315,hgca_cma_refined
Wood_4D_M,v74,43,1,181.2,8315,hgca_cma_refined
Wood_4D_M,v54,44,1,1.0,54,direct_newton
Wood_4D_M,v71,44,1,2.1,54,direct_newton
Wood_4D_M,v74a,44,1,2.0,54,direct_newton
Wood_4D_M,v74,44,1,1.9,54,direct_newton
Wood_4D_M,v54,45,1,28.1,0,homotopy_direct
Wood_4D_M,v71,45,1,28.0,0,homotopy_direct
Wood_4D_M,v74a,45,1,121.5,0,homotopy_direct
Wood_4D_M,v74,45,1,120.3,0,homotopy_direct
Wood_4D_M,v54,46,1,33.1,0,homotopy_direct
Wood_4D_M,v71,46,1,36.0,0,homotopy_direct
Wood_4D_M,v74a,46,1,123.1,0,homotopy_direct
Wood_4D_M,v74,46,1,124.0,0,homotopy_direct
Wood_4D_M,v54,47,1,95.6,8307,hgca_cma_refined
Wood_4D_M,v71,47,1,95.0,8307,hgca_cma_refined
Wood_4D_M,v74a,47,1,191.9,8307,hgca_cma_refined
Wood_4D_M,v74,47,1,193.0,8307,hgca_cma_refined
Wood_4D_M,v54,48,1,96.8,8310,hgca_cma_refined
Wood_4D_M,v71,48,1,96.1,8310,hgca_cma_refined
Wood_4D_M,v74a,48,1,190.5,8310,hgca_cma_refined
Wood_4D_M,v74,48,1,201.5,8310,hgca_cma_refined
Wood_4D_M,v54,49,1,2.0,54,direct_newton
Wood_4D_M,v71,49,1,3.1,54,direct_newton
Wood_4D_M,v74a,49,1,1.0,54,direct_newton
Wood_4D_M,v74,49,1,2.9,54,direct_newton
